image_path,filename,category,breed,class_idx,Chhattisgarhi,Gir,Jaffarabadi,Jersey cattle,Kankrej,marathwada,Red_Sindhi,Sahiwal,surti,toda
dataset/Buffalo/Chhattisgarhi/African_buffalo_or_Cape_buffalo_.jpg,African_buffalo_or_Cape_buffalo_.jpg,Buffalo,Chhattisgarhi,0,1,0,0,0,0,0,0,0,0,0
dataset/Buffalo/Chhattisgarhi/Asian_Buffalo_Having_Rest_Stock_Photo_.jpg,Asian_Buffalo_Having_Rest_Stock_Photo_.jpg,Buffalo,Chhattisgarhi,0,1,0,0,0,0,0,0,0,0,0
dataset/Buffalo/Chhattisgarhi/Buffalo_Farming_in_Raipur_Chhattisgarh_.jpg,Buffalo_Farming_in_Raipur_Chhattisgarh_.jpg,Buffalo,Chhattisgarhi,0,1,0,0,0,0,0,0,0,0,0
dataset/Buffalo/Chhattisgarhi/Buffalo_fight_with_lions_group_for_save_.jpg,Buffalo_fight_with_lions_group_for_save_.jpg,Buffalo,Chhattisgarhi,0,1,0,0,0,0,0,0,0,0,0
dataset/Buffalo/Chhattisgarhi/CG_News_.jpg,CG_News_.jpg,Buffalo,Chhattisgarhi,0,1,0,0,0,0,0,0,0,0,0
dataset/Buffalo/Chhattisgarhi/Captive_breeding_centre_for_wild_water_.jpeg,Captive_breeding_centre_for_wild_water_.jpeg,Buffalo,Chhattisgarhi,0,1,0,0,0,0,0,0,0,0,0
dataset/Buffalo/Chhattisgarhi/Chhattisgarh_Five_wild_buffaloes_to_be_.jpg,Chhattisgarh_Five_wild_buffaloes_to_be_.jpg,Buffalo,Chhattisgarhi,0,1,0,0,0,0,0,0,0,0,0
dataset/Buffalo/Chhattisgarhi/Chhattisgarh_State_.jpg,Chhattisgarh_State_.jpg,Buffalo,Chhattisgarhi,0,1,0,0,0,0,0,0,0,0,0
dataset/Buffalo/Chhattisgarhi/Chhattisgarh_State_Animal_Pushp_Jain.jpg,Chhattisgarh_State_Animal_Pushp_Jain.jpg,Buffalo,Chhattisgarhi,0,1,0,0,0,0,0,0,0,0,0
dataset/Buffalo/Chhattisgarhi/Chhattisgarh_Wild_Buffalo_.jpg,Chhattisgarh_Wild_Buffalo_.jpg,Buffalo,Chhattisgarhi,0,1,0,0,0,0,0,0,0,0,0
dataset/Buffalo/Chhattisgarhi/Conservation_of_Wild_Buffaloes_.jpg,Conservation_of_Wild_Buffaloes_.jpg,Buffalo,Chhattisgarhi,0,1,0,0,0,0,0,0,0,0,0
dataset/Buffalo/Chhattisgarhi/Fate_of_Wild_Water_Buffaloes_now_.jpg,Fate_of_Wild_Water_Buffaloes_now_.jpg,Buffalo,Chhattisgarhi,0,1,0,0,0,0,0,0,0,0,0
dataset/Buffalo/Chhattisgarhi/ICAR-NDRI_Clones_Endangered_Wild_.jpg,ICAR-NDRI_Clones_Endangered_Wild_.jpg,Buffalo,Chhattisgarhi,0,1,0,0,0,0,0,0,0,0,0
dataset/Buffalo/Chhattisgarhi/Manah_Buffalo_Assams_Dual-Power_Breed_.jpg,Manah_Buffalo_Assams_Dual-Power_Breed_.jpg,Buffalo,Chhattisgarhi,0,1,0,0,0,0,0,0,0,0,0
dataset/Buffalo/Chhattisgarhi/PDF_Multivariate_analysis_of_biometric_.jpg,PDF_Multivariate_analysis_of_biometric_.jpg,Buffalo,Chhattisgarhi,0,1,0,0,0,0,0,0,0,0,0
dataset/Buffalo/Chhattisgarhi/Photo_Gallery_Chhattisgarh_Tourism_Board.jpg,Photo_Gallery_Chhattisgarh_Tourism_Board.jpg,Buffalo,Chhattisgarhi,0,1,0,0,0,0,0,0,0,0,0
dataset/Buffalo/Chhattisgarhi/Raitu_Agro_Farms.jpg,Raitu_Agro_Farms.jpg,Buffalo,Chhattisgarhi,0,1,0,0,0,0,0,0,0,0,0
dataset/Buffalo/Chhattisgarhi/Top_Buffalo_Calf_Wholesalers_in_Raigarh_.jpg,Top_Buffalo_Calf_Wholesalers_in_Raigarh_.jpg,Buffalo,Chhattisgarhi,0,1,0,0,0,0,0,0,0,0,0
dataset/Buffalo/Chhattisgarhi/Top_Murrah_Buffalo_Distributors_in_ (1).jpg,Top_Murrah_Buffalo_Distributors_in_ (1).jpg,Buffalo,Chhattisgarhi,0,1,0,0,0,0,0,0,0,0,0
dataset/Buffalo/Chhattisgarhi/Top_Murrah_Buffalo_Distributors_in_.jpg,Top_Murrah_Buffalo_Distributors_in_.jpg,Buffalo,Chhattisgarhi,0,1,0,0,0,0,0,0,0,0,0
dataset/Buffalo/Chhattisgarhi/Van_Bhainsa_or_Wild_Asian_Buffalo_.jpg,Van_Bhainsa_or_Wild_Asian_Buffalo_.jpg,Buffalo,Chhattisgarhi,0,1,0,0,0,0,0,0,0,0,0
dataset/Buffalo/Chhattisgarhi/Visually_searched_image (2).jpg,Visually_searched_image (2).jpg,Buffalo,Chhattisgarhi,0,1,0,0,0,0,0,0,0,0,0
dataset/Buffalo/Chhattisgarhi/Visually_searched_image.jpg,Visually_searched_image.jpg,Buffalo,Chhattisgarhi,0,1,0,0,0,0,0,0,0,0,0
dataset/Buffalo/Chhattisgarhi/Wild_Buffalo_ (1).jpg,Wild_Buffalo_ (1).jpg,Buffalo,Chhattisgarhi,0,1,0,0,0,0,0,0,0,0,0
dataset/Buffalo/Chhattisgarhi/Wild_Buffalo_ (2).jpg,Wild_Buffalo_ (2).jpg,Buffalo,Chhattisgarhi,0,1,0,0,0,0,0,0,0,0,0
dataset/Buffalo/Chhattisgarhi/Wild_water_buffalo_bubalus_bubalis_in_.jpg,Wild_water_buffalo_bubalus_bubalis_in_.jpg,Buffalo,Chhattisgarhi,0,1,0,0,0,0,0,0,0,0,0
dataset/Buffalo/Chhattisgarhi/Wildlife_Tour_Of_Chhattisgarh_.jpg,Wildlife_Tour_Of_Chhattisgarh_.jpg,Buffalo,Chhattisgarhi,0,1,0,0,0,0,0,0,0,0,0
dataset/Buffalo/Chhattisgarhi/Wildlife_Tour_Packages_India_Chhattisgarh.jpg,Wildlife_Tour_Packages_India_Chhattisgarh.jpg,Buffalo,Chhattisgarhi,0,1,0,0,0,0,0,0,0,0,0
dataset/Buffalo/Chhattisgarhi/_ (10).jpg,_ (10).jpg,Buffalo,Chhattisgarhi,0,1,0,0,0,0,0,0,0,0,0
dataset/Buffalo/Chhattisgarhi/_ (2) (2).jpg,_ (2) (2).jpg,Buffalo,Chhattisgarhi,0,1,0,0,0,0,0,0,0,0,0
dataset/Buffalo/Chhattisgarhi/_ (2).jpg,_ (2).jpg,Buffalo,Chhattisgarhi,0,1,0,0,0,0,0,0,0,0,0
dataset/Buffalo/Chhattisgarhi/_ (21).jpg,_ (21).jpg,Buffalo,Chhattisgarhi,0,1,0,0,0,0,0,0,0,0,0
dataset/Buffalo/Chhattisgarhi/_ (3).jpg,_ (3).jpg,Buffalo,Chhattisgarhi,0,1,0,0,0,0,0,0,0,0,0
dataset/Buffalo/Chhattisgarhi/_ (4).jpg,_ (4).jpg,Buffalo,Chhattisgarhi,0,1,0,0,0,0,0,0,0,0,0
dataset/Buffalo/Chhattisgarhi/_ (9).jpg,_ (9).jpg,Buffalo,Chhattisgarhi,0,1,0,0,0,0,0,0,0,0,0
dataset/Buffalo/Chhattisgarhi/_.jpg,_.jpg,Buffalo,Chhattisgarhi,0,1,0,0,0,0,0,0,0,0,0
dataset/Buffalo/Chhattisgarhi/chhattisgarh_Wild_buffalo.jpg,chhattisgarh_Wild_buffalo.jpg,Buffalo,Chhattisgarhi,0,1,0,0,0,0,0,0,0,0,0
dataset/Buffalo/Chhattisgarhi/image_120x120_69.jpg,image_120x120_69.jpg,Buffalo,Chhattisgarhi,0,1,0,0,0,0,0,0,0,0,0
dataset/Buffalo/Chhattisgarhi/image_150x150_60.jpg,image_150x150_60.jpg,Buffalo,Chhattisgarhi,0,1,0,0,0,0,0,0,0,0,0
dataset/Buffalo/Chhattisgarhi/image_160x98_68.jpg,image_160x98_68.jpg,Buffalo,Chhattisgarhi,0,1,0,0,0,0,0,0,0,0,0
dataset/Buffalo/Chhattisgarhi/image_168x300_64.jpg,image_168x300_64.jpg,Buffalo,Chhattisgarhi,0,1,0,0,0,0,0,0,0,0,0
dataset/Buffalo/Chhattisgarhi/image_173x280_58.jpg,image_173x280_58.jpg,Buffalo,Chhattisgarhi,0,1,0,0,0,0,0,0,0,0,0
dataset/Buffalo/Chhattisgarhi/image_176x176_59.jpg,image_176x176_59.jpg,Buffalo,Chhattisgarhi,0,1,0,0,0,0,0,0,0,0,0
dataset/Buffalo/Chhattisgarhi/image_183x275_1.jpg,image_183x275_1.jpg,Buffalo,Chhattisgarhi,0,1,0,0,0,0,0,0,0,0,0
dataset/Buffalo/Chhattisgarhi/image_183x275_2.jpg,image_183x275_2.jpg,Buffalo,Chhattisgarhi,0,1,0,0,0,0,0,0,0,0,0
dataset/Buffalo/Chhattisgarhi/image_183x275_57.jpg,image_183x275_57.jpg,Buffalo,Chhattisgarhi,0,1,0,0,0,0,0,0,0,0,0
dataset/Buffalo/Chhattisgarhi/image_200x150_67.jpg,image_200x150_67.jpg,Buffalo,Chhattisgarhi,0,1,0,0,0,0,0,0,0,0,0
dataset/Buffalo/Chhattisgarhi/image_200x252_63.jpg,image_200x252_63.jpg,Buffalo,Chhattisgarhi,0,1,0,0,0,0,0,0,0,0,0
dataset/Buffalo/Chhattisgarhi/image_208x242_65.jpg,image_208x242_65.jpg,Buffalo,Chhattisgarhi,0,1,0,0,0,0,0,0,0,0,0
dataset/Buffalo/Chhattisgarhi/image_222x150_66.jpg,image_222x150_66.jpg,Buffalo,Chhattisgarhi,0,1,0,0,0,0,0,0,0,0,0
dataset/Buffalo/Chhattisgarhi/image_222x227_33.jpg,image_222x227_33.jpg,Buffalo,Chhattisgarhi,0,1,0,0,0,0,0,0,0,0,0
dataset/Buffalo/Chhattisgarhi/image_225x225_2.jpg,image_225x225_2.jpg,Buffalo,Chhattisgarhi,0,1,0,0,0,0,0,0,0,0,0
dataset/Buffalo/Chhattisgarhi/image_225x225_25.jpg,image_225x225_25.jpg,Buffalo,Chhattisgarhi,0,1,0,0,0,0,0,0,0,0,0
dataset/Buffalo/Chhattisgarhi/image_225x225_26.jpg,image_225x225_26.jpg,Buffalo,Chhattisgarhi,0,1,0,0,0,0,0,0,0,0,0
dataset/Buffalo/Chhattisgarhi/image_225x225_27.jpg,image_225x225_27.jpg,Buffalo,Chhattisgarhi,0,1,0,0,0,0,0,0,0,0,0
dataset/Buffalo/Chhattisgarhi/image_225x225_28.jpg,image_225x225_28.jpg,Buffalo,Chhattisgarhi,0,1,0,0,0,0,0,0,0,0,0
dataset/Buffalo/Chhattisgarhi/image_225x225_29.jpg,image_225x225_29.jpg,Buffalo,Chhattisgarhi,0,1,0,0,0,0,0,0,0,0,0
dataset/Buffalo/Chhattisgarhi/image_225x225_30.jpg,image_225x225_30.jpg,Buffalo,Chhattisgarhi,0,1,0,0,0,0,0,0,0,0,0
dataset/Buffalo/Chhattisgarhi/image_225x225_31.jpg,image_225x225_31.jpg,Buffalo,Chhattisgarhi,0,1,0,0,0,0,0,0,0,0,0
dataset/Buffalo/Chhattisgarhi/image_225x225_4.jpg,image_225x225_4.jpg,Buffalo,Chhattisgarhi,0,1,0,0,0,0,0,0,0,0,0
dataset/Buffalo/Chhattisgarhi/image_226x223_32.jpg,image_226x223_32.jpg,Buffalo,Chhattisgarhi,0,1,0,0,0,0,0,0,0,0,0
dataset/Buffalo/Chhattisgarhi/image_232x217_5.jpg,image_232x217_5.jpg,Buffalo,Chhattisgarhi,0,1,0,0,0,0,0,0,0,0,0
dataset/Buffalo/Chhattisgarhi/image_235x215_62.jpg,image_235x215_62.jpg,Buffalo,Chhattisgarhi,0,1,0,0,0,0,0,0,0,0,0
dataset/Buffalo/Chhattisgarhi/image_240x180_52.jpg,image_240x180_52.jpg,Buffalo,Chhattisgarhi,0,1,0,0,0,0,0,0,0,0,0
dataset/Buffalo/Chhattisgarhi/image_245x190_51.jpg,image_245x190_51.jpg,Buffalo,Chhattisgarhi,0,1,0,0,0,0,0,0,0,0,0
dataset/Buffalo/Chhattisgarhi/image_250x201_4.jpg,image_250x201_4.jpg,Buffalo,Chhattisgarhi,0,1,0,0,0,0,0,0,0,0,0
dataset/Buffalo/Chhattisgarhi/image_250x201_5.jpg,image_250x201_5.jpg,Buffalo,Chhattisgarhi,0,1,0,0,0,0,0,0,0,0,0
dataset/Buffalo/Chhattisgarhi/image_251x201_44.jpg,image_251x201_44.jpg,Buffalo,Chhattisgarhi,0,1,0,0,0,0,0,0,0,0,0
dataset/Buffalo/Chhattisgarhi/image_253x199_2.jpg,image_253x199_2.jpg,Buffalo,Chhattisgarhi,0,1,0,0,0,0,0,0,0,0,0
dataset/Buffalo/Chhattisgarhi/image_259x194_10.jpg,image_259x194_10.jpg,Buffalo,Chhattisgarhi,0,1,0,0,0,0,0,0,0,0,0
dataset/Buffalo/Chhattisgarhi/image_259x194_45.jpg,image_259x194_45.jpg,Buffalo,Chhattisgarhi,0,1,0,0,0,0,0,0,0,0,0
dataset/Buffalo/Chhattisgarhi/image_259x194_46.jpg,image_259x194_46.jpg,Buffalo,Chhattisgarhi,0,1,0,0,0,0,0,0,0,0,0
dataset/Buffalo/Chhattisgarhi/image_259x194_47.jpg,image_259x194_47.jpg,Buffalo,Chhattisgarhi,0,1,0,0,0,0,0,0,0,0,0
dataset/Buffalo/Chhattisgarhi/image_259x194_48.jpg,image_259x194_48.jpg,Buffalo,Chhattisgarhi,0,1,0,0,0,0,0,0,0,0,0
dataset/Buffalo/Chhattisgarhi/image_259x194_49.jpg,image_259x194_49.jpg,Buffalo,Chhattisgarhi,0,1,0,0,0,0,0,0,0,0,0
dataset/Buffalo/Chhattisgarhi/image_259x194_50.jpg,image_259x194_50.jpg,Buffalo,Chhattisgarhi,0,1,0,0,0,0,0,0,0,0,0
dataset/Buffalo/Chhattisgarhi/image_259x194_6.jpg,image_259x194_6.jpg,Buffalo,Chhattisgarhi,0,1,0,0,0,0,0,0,0,0,0
dataset/Buffalo/Chhattisgarhi/image_259x194_7.jpg,image_259x194_7.jpg,Buffalo,Chhattisgarhi,0,1,0,0,0,0,0,0,0,0,0
dataset/Buffalo/Chhattisgarhi/image_259x194_8.jpg,image_259x194_8.jpg,Buffalo,Chhattisgarhi,0,1,0,0,0,0,0,0,0,0,0
dataset/Buffalo/Chhattisgarhi/image_259x194_9.jpg,image_259x194_9.jpg,Buffalo,Chhattisgarhi,0,1,0,0,0,0,0,0,0,0,0
dataset/Buffalo/Chhattisgarhi/image_260x194_1.jpg,image_260x194_1.jpg,Buffalo,Chhattisgarhi,0,1,0,0,0,0,0,0,0,0,0
dataset/Buffalo/Chhattisgarhi/image_262x192_3.jpg,image_262x192_3.jpg,Buffalo,Chhattisgarhi,0,1,0,0,0,0,0,0,0,0,0
dataset/Buffalo/Chhattisgarhi/image_265x190_53.jpg,image_265x190_53.jpg,Buffalo,Chhattisgarhi,0,1,0,0,0,0,0,0,0,0,0
dataset/Buffalo/Chhattisgarhi/image_265x190_54.jpg,image_265x190_54.jpg,Buffalo,Chhattisgarhi,0,1,0,0,0,0,0,0,0,0,0
dataset/Buffalo/Chhattisgarhi/image_270x187_3.jpg,image_270x187_3.jpg,Buffalo,Chhattisgarhi,0,1,0,0,0,0,0,0,0,0,0
dataset/Buffalo/Chhattisgarhi/image_271x186_7.jpg,image_271x186_7.jpg,Buffalo,Chhattisgarhi,0,1,0,0,0,0,0,0,0,0,0
dataset/Buffalo/Chhattisgarhi/image_274x184_6.jpg,image_274x184_6.jpg,Buffalo,Chhattisgarhi,0,1,0,0,0,0,0,0,0,0,0
dataset/Buffalo/Chhattisgarhi/image_275x183_10.jpg,image_275x183_10.jpg,Buffalo,Chhattisgarhi,0,1,0,0,0,0,0,0,0,0,0
dataset/Buffalo/Chhattisgarhi/image_275x183_11.jpg,image_275x183_11.jpg,Buffalo,Chhattisgarhi,0,1,0,0,0,0,0,0,0,0,0
dataset/Buffalo/Chhattisgarhi/image_275x183_12.jpg,image_275x183_12.jpg,Buffalo,Chhattisgarhi,0,1,0,0,0,0,0,0,0,0,0
dataset/Buffalo/Chhattisgarhi/image_275x183_13.jpg,image_275x183_13.jpg,Buffalo,Chhattisgarhi,0,1,0,0,0,0,0,0,0,0,0
dataset/Buffalo/Chhattisgarhi/image_275x183_55.jpg,image_275x183_55.jpg,Buffalo,Chhattisgarhi,0,1,0,0,0,0,0,0,0,0,0
dataset/Buffalo/Chhattisgarhi/image_275x183_56.jpg,image_275x183_56.jpg,Buffalo,Chhattisgarhi,0,1,0,0,0,0,0,0,0,0,0
dataset/Buffalo/Chhattisgarhi/image_275x183_8.jpg,image_275x183_8.jpg,Buffalo,Chhattisgarhi,0,1,0,0,0,0,0,0,0,0,0
dataset/Buffalo/Chhattisgarhi/image_275x183_9.jpg,image_275x183_9.jpg,Buffalo,Chhattisgarhi,0,1,0,0,0,0,0,0,0,0,0
dataset/Buffalo/Chhattisgarhi/image_276x183_2.jpg,image_276x183_2.jpg,Buffalo,Chhattisgarhi,0,1,0,0,0,0,0,0,0,0,0
dataset/Buffalo/Chhattisgarhi/image_278x182_1.jpg,image_278x182_1.jpg,Buffalo,Chhattisgarhi,0,1,0,0,0,0,0,0,0,0,0
dataset/Buffalo/Chhattisgarhi/image_281x179_14.jpg,image_281x179_14.jpg,Buffalo,Chhattisgarhi,0,1,0,0,0,0,0,0,0,0,0
dataset/Buffalo/Chhattisgarhi/image_281x179_15.jpg,image_281x179_15.jpg,Buffalo,Chhattisgarhi,0,1,0,0,0,0,0,0,0,0,0
dataset/Buffalo/Chhattisgarhi/image_282x179_4.jpg,image_282x179_4.jpg,Buffalo,Chhattisgarhi,0,1,0,0,0,0,0,0,0,0,0
dataset/Buffalo/Chhattisgarhi/image_282x179_5.jpg,image_282x179_5.jpg,Buffalo,Chhattisgarhi,0,1,0,0,0,0,0,0,0,0,0
dataset/Buffalo/Chhattisgarhi/image_290x174_2.jpg,image_290x174_2.jpg,Buffalo,Chhattisgarhi,0,1,0,0,0,0,0,0,0,0,0
dataset/Buffalo/Chhattisgarhi/image_296x169_43.jpg,image_296x169_43.jpg,Buffalo,Chhattisgarhi,0,1,0,0,0,0,0,0,0,0,0
dataset/Buffalo/Chhattisgarhi/image_299x168_10.jpg,image_299x168_10.jpg,Buffalo,Chhattisgarhi,0,1,0,0,0,0,0,0,0,0,0
dataset/Buffalo/Chhattisgarhi/image_299x168_42.jpg,image_299x168_42.jpg,Buffalo,Chhattisgarhi,0,1,0,0,0,0,0,0,0,0,0
dataset/Buffalo/Chhattisgarhi/image_299x168_9.jpg,image_299x168_9.jpg,Buffalo,Chhattisgarhi,0,1,0,0,0,0,0,0,0,0,0
dataset/Buffalo/Chhattisgarhi/image_300x168_3.jpg,image_300x168_3.jpg,Buffalo,Chhattisgarhi,0,1,0,0,0,0,0,0,0,0,0
dataset/Buffalo/Chhattisgarhi/image_300x168_34.jpg,image_300x168_34.jpg,Buffalo,Chhattisgarhi,0,1,0,0,0,0,0,0,0,0,0
dataset/Buffalo/Chhattisgarhi/image_300x168_35.jpg,image_300x168_35.jpg,Buffalo,Chhattisgarhi,0,1,0,0,0,0,0,0,0,0,0
dataset/Buffalo/Chhattisgarhi/image_300x168_36.jpg,image_300x168_36.jpg,Buffalo,Chhattisgarhi,0,1,0,0,0,0,0,0,0,0,0
dataset/Buffalo/Chhattisgarhi/image_300x168_37.jpg,image_300x168_37.jpg,Buffalo,Chhattisgarhi,0,1,0,0,0,0,0,0,0,0,0
dataset/Buffalo/Chhattisgarhi/image_300x168_38.jpg,image_300x168_38.jpg,Buffalo,Chhattisgarhi,0,1,0,0,0,0,0,0,0,0,0
dataset/Buffalo/Chhattisgarhi/image_300x168_39.jpg,image_300x168_39.jpg,Buffalo,Chhattisgarhi,0,1,0,0,0,0,0,0,0,0,0
dataset/Buffalo/Chhattisgarhi/image_300x168_4.jpg,image_300x168_4.jpg,Buffalo,Chhattisgarhi,0,1,0,0,0,0,0,0,0,0,0
dataset/Buffalo/Chhattisgarhi/image_300x168_40.jpg,image_300x168_40.jpg,Buffalo,Chhattisgarhi,0,1,0,0,0,0,0,0,0,0,0
dataset/Buffalo/Chhattisgarhi/image_300x168_5.jpg,image_300x168_5.jpg,Buffalo,Chhattisgarhi,0,1,0,0,0,0,0,0,0,0,0
dataset/Buffalo/Chhattisgarhi/image_300x168_6.jpg,image_300x168_6.jpg,Buffalo,Chhattisgarhi,0,1,0,0,0,0,0,0,0,0,0
dataset/Buffalo/Chhattisgarhi/image_303x166_8.jpg,image_303x166_8.jpg,Buffalo,Chhattisgarhi,0,1,0,0,0,0,0,0,0,0,0
dataset/Buffalo/Chhattisgarhi/image_309x163_7.jpg,image_309x163_7.jpg,Buffalo,Chhattisgarhi,0,1,0,0,0,0,0,0,0,0,0
dataset/Buffalo/Chhattisgarhi/image_310x163_1.jpg,image_310x163_1.jpg,Buffalo,Chhattisgarhi,0,1,0,0,0,0,0,0,0,0,0
dataset/Buffalo/Chhattisgarhi/image_311x162_41.jpg,image_311x162_41.jpg,Buffalo,Chhattisgarhi,0,1,0,0,0,0,0,0,0,0,0
dataset/Buffalo/Chhattisgarhi/image_318x159_61.jpg,image_318x159_61.jpg,Buffalo,Chhattisgarhi,0,1,0,0,0,0,0,0,0,0,0
dataset/Buffalo/Chhattisgarhi/image_50x50_1 (2).jpg,image_50x50_1 (2).jpg,Buffalo,Chhattisgarhi,0,1,0,0,0,0,0,0,0,0,0
dataset/Buffalo/Chhattisgarhi/image_50x50_1 (3).jpg,image_50x50_1 (3).jpg,Buffalo,Chhattisgarhi,0,1,0,0,0,0,0,0,0,0,0
dataset/Buffalo/Chhattisgarhi/image_50x50_1 (4).jpg,image_50x50_1 (4).jpg,Buffalo,Chhattisgarhi,0,1,0,0,0,0,0,0,0,0,0
dataset/Buffalo/Chhattisgarhi/image_50x50_1 (5).jpg,image_50x50_1 (5).jpg,Buffalo,Chhattisgarhi,0,1,0,0,0,0,0,0,0,0,0
dataset/Buffalo/Chhattisgarhi/image_50x50_1 (6).jpg,image_50x50_1 (6).jpg,Buffalo,Chhattisgarhi,0,1,0,0,0,0,0,0,0,0,0
dataset/Buffalo/Chhattisgarhi/image_50x50_1 (7).jpg,image_50x50_1 (7).jpg,Buffalo,Chhattisgarhi,0,1,0,0,0,0,0,0,0,0,0
dataset/Buffalo/Chhattisgarhi/image_50x50_1.jpg,image_50x50_1.jpg,Buffalo,Chhattisgarhi,0,1,0,0,0,0,0,0,0,0,0
dataset/Buffalo/Chhattisgarhi/shivpuri_district_pohri_area_of_mp_.jpg,shivpuri_district_pohri_area_of_mp_.jpg,Buffalo,Chhattisgarhi,0,1,0,0,0,0,0,0,0,0,0
dataset/Buffalo/Chhattisgarhi/wild_buffaloes_from_Assam.jpg,wild_buffaloes_from_Assam.jpg,Buffalo,Chhattisgarhi,0,1,0,0,0,0,0,0,0,0,0
dataset/Buffalo/Jaffarabadi/10_Most_Expensive_Buffalo_Breeds_in_the_.jpg,10_Most_Expensive_Buffalo_Breeds_in_the_.jpg,Buffalo,Jaffarabadi,2,0,0,1,0,0,0,0,0,0,0
dataset/Buffalo/Jaffarabadi/154_Buffalo_Leather_Stock_Videos.jpg,154_Buffalo_Leather_Stock_Videos.jpg,Buffalo,Jaffarabadi,2,0,0,1,0,0,0,0,0,0,0
dataset/Buffalo/Jaffarabadi/32_-_.jpg,32_-_.jpg,Buffalo,Jaffarabadi,2,0,0,1,0,0,0,0,0,0,0
dataset/Buffalo/Jaffarabadi/35_ (1).jpg,35_ (1).jpg,Buffalo,Jaffarabadi,2,0,0,1,0,0,0,0,0,0,0
dataset/Buffalo/Jaffarabadi/35_.jpg,35_.jpg,Buffalo,Jaffarabadi,2,0,0,1,0,0,0,0,0,0,0
dataset/Buffalo/Jaffarabadi/3_-Buffalo_Buy-Sell.jpg,3_-Buffalo_Buy-Sell.jpg,Buffalo,Jaffarabadi,2,0,0,1,0,0,0,0,0,0,0
dataset/Buffalo/Jaffarabadi/50_Jafarabadi_Buffalo_Dairy_Farming_by_.jpg,50_Jafarabadi_Buffalo_Dairy_Farming_by_.jpg,Buffalo,Jaffarabadi,2,0,0,1,0,0,0,0,0,0,0
dataset/Buffalo/Jaffarabadi/50_Kg_Milk_Jafarabadi_Bhains_.jpg,50_Kg_Milk_Jafarabadi_Bhains_.jpg,Buffalo,Jaffarabadi,2,0,0,1,0,0,0,0,0,0,0
dataset/Buffalo/Jaffarabadi/5_Jafarabadi_Royalty-Free_Images_Stock_ (1).jpg,5_Jafarabadi_Royalty-Free_Images_Stock_ (1).jpg,Buffalo,Jaffarabadi,2,0,0,1,0,0,0,0,0,0,0
dataset/Buffalo/Jaffarabadi/5_Jafarabadi_Royalty-Free_Images_Stock_ (2).jpg,5_Jafarabadi_Royalty-Free_Images_Stock_ (2).jpg,Buffalo,Jaffarabadi,2,0,0,1,0,0,0,0,0,0,0
dataset/Buffalo/Jaffarabadi/5_Jafarabadi_Royalty-Free_Images_Stock_ (3).jpg,5_Jafarabadi_Royalty-Free_Images_Stock_ (3).jpg,Buffalo,Jaffarabadi,2,0,0,1,0,0,0,0,0,0,0
dataset/Buffalo/Jaffarabadi/5_Jafarabadi_Royalty-Free_Images_Stock_.jpg,5_Jafarabadi_Royalty-Free_Images_Stock_.jpg,Buffalo,Jaffarabadi,2,0,0,1,0,0,0,0,0,0,0
dataset/Buffalo/Jaffarabadi/90000_-_Farmer_Bazaar.jpg,90000_-_Farmer_Bazaar.jpg,Buffalo,Jaffarabadi,2,0,0,1,0,0,0,0,0,0,0
dataset/Buffalo/Jaffarabadi/African_cape_buffalo_I_Jafarabadi_.jpg,African_cape_buffalo_I_Jafarabadi_.jpg,Buffalo,Jaffarabadi,2,0,0,1,0,0,0,0,0,0,0
dataset/Buffalo/Jaffarabadi/Agri_Farmer_Income_Own_Murrah_or_.jpg,Agri_Farmer_Income_Own_Murrah_or_.jpg,Buffalo,Jaffarabadi,2,0,0,1,0,0,0,0,0,0,0
dataset/Buffalo/Jaffarabadi/Animal_Nutrition_-_FoodFeedInfo_Dairy_.jpg,Animal_Nutrition_-_FoodFeedInfo_Dairy_.jpg,Buffalo,Jaffarabadi,2,0,0,1,0,0,0,0,0,0,0
dataset/Buffalo/Jaffarabadi/Argentina_Hunting_water_buffalo_-_Big_.jpg,Argentina_Hunting_water_buffalo_-_Big_.jpg,Buffalo,Jaffarabadi,2,0,0,1,0,0,0,0,0,0,0
dataset/Buffalo/Jaffarabadi/Asian_Water_Buffalo_Black_Buffalo_.jpg,Asian_Water_Buffalo_Black_Buffalo_.jpg,Buffalo,Jaffarabadi,2,0,0,1,0,0,0,0,0,0,0
dataset/Buffalo/Jaffarabadi/Baffle_Wakeing_On_Ground_Stock_Photo_.jpg,Baffle_Wakeing_On_Ground_Stock_Photo_.jpg,Buffalo,Jaffarabadi,2,0,0,1,0,0,0,0,0,0,0
dataset/Buffalo/Jaffarabadi/Best_Jafarabadi_bull_.jpg,Best_Jafarabadi_bull_.jpg,Buffalo,Jaffarabadi,2,0,0,1,0,0,0,0,0,0,0
dataset/Buffalo/Jaffarabadi/Bhadawari-buffalo-bull_epashupalan.jpg,Bhadawari-buffalo-bull_epashupalan.jpg,Buffalo,Jaffarabadi,2,0,0,1,0,0,0,0,0,0,0
dataset/Buffalo/Jaffarabadi/Big_Jafarabadi_Buffalo_Bull_2023_Sadeeq_.jpg,Big_Jafarabadi_Buffalo_Bull_2023_Sadeeq_.jpg,Buffalo,Jaffarabadi,2,0,0,1,0,0,0,0,0,0,0
dataset/Buffalo/Jaffarabadi/Biggest_Horns_Indian_Subcontinent_.jpg,Biggest_Horns_Indian_Subcontinent_.jpg,Buffalo,Jaffarabadi,2,0,0,1,0,0,0,0,0,0,0
dataset/Buffalo/Jaffarabadi/Biggest_Jaffarabadi_Buffalo_Full_.jpg,Biggest_Jaffarabadi_Buffalo_Full_.jpg,Buffalo,Jaffarabadi,2,0,0,1,0,0,0,0,0,0,0
dataset/Buffalo/Jaffarabadi/Black_Jafarabadi_Buffalo_Calf_15_at_ (1).jpg,Black_Jafarabadi_Buffalo_Calf_15_at_ (1).jpg,Buffalo,Jaffarabadi,2,0,0,1,0,0,0,0,0,0,0
dataset/Buffalo/Jaffarabadi/Black_Jafarabadi_Buffalo_Calf_15_at_ (2).jpg,Black_Jafarabadi_Buffalo_Calf_15_at_ (2).jpg,Buffalo,Jaffarabadi,2,0,0,1,0,0,0,0,0,0,0
dataset/Buffalo/Jaffarabadi/Black_Jafarabadi_Buffalo_Calf_15_at_ (3).jpg,Black_Jafarabadi_Buffalo_Calf_15_at_ (3).jpg,Buffalo,Jaffarabadi,2,0,0,1,0,0,0,0,0,0,0
dataset/Buffalo/Jaffarabadi/Black_Jafarabadi_Buffalo_Calf_15_at_ (4).jpg,Black_Jafarabadi_Buffalo_Calf_15_at_ (4).jpg,Buffalo,Jaffarabadi,2,0,0,1,0,0,0,0,0,0,0
dataset/Buffalo/Jaffarabadi/Black_Jafarabadi_Buffalo_Calf_15_at_.jpg,Black_Jafarabadi_Buffalo_Calf_15_at_.jpg,Buffalo,Jaffarabadi,2,0,0,1,0,0,0,0,0,0,0
dataset/Buffalo/Jaffarabadi/Black_Jafarabadi_Bull_Semen_at_Best_.jpg,Black_Jafarabadi_Bull_Semen_at_Best_.jpg,Buffalo,Jaffarabadi,2,0,0,1,0,0,0,0,0,0,0
dataset/Buffalo/Jaffarabadi/Breed_---_Jafarabadi_Buffalo_www_ (2).jpg,Breed_---_Jafarabadi_Buffalo_www_ (2).jpg,Buffalo,Jaffarabadi,2,0,0,1,0,0,0,0,0,0,0
dataset/Buffalo/Jaffarabadi/Breed_---_Jafarabadi_Buffalo_www_.jpg,Breed_---_Jafarabadi_Buffalo_www_.jpg,Buffalo,Jaffarabadi,2,0,0,1,0,0,0,0,0,0,0
dataset/Buffalo/Jaffarabadi/Breeds_of_buffaloes_News9_LIVE.jpg,Breeds_of_buffaloes_News9_LIVE.jpg,Buffalo,Jaffarabadi,2,0,0,1,0,0,0,0,0,0,0
dataset/Buffalo/Jaffarabadi/Buffalo.jpg,Buffalo.jpg,Buffalo,Jaffarabadi,2,0,0,1,0,0,0,0,0,0,0
dataset/Buffalo/Jaffarabadi/Buffalo_-_Livestock_for_sale_in_Jhang_.jpg,Buffalo_-_Livestock_for_sale_in_Jhang_.jpg,Buffalo,Jaffarabadi,2,0,0,1,0,0,0,0,0,0,0
dataset/Buffalo/Jaffarabadi/Buffalo_Breeds_.jpg,Buffalo_Breeds_.jpg,Buffalo,Jaffarabadi,2,0,0,1,0,0,0,0,0,0,0
dataset/Buffalo/Jaffarabadi/Buffalo_Dancing_to_Indian_Music_TikTok.jpg,Buffalo_Dancing_to_Indian_Music_TikTok.jpg,Buffalo,Jaffarabadi,2,0,0,1,0,0,0,0,0,0,0
dataset/Buffalo/Jaffarabadi/Buffalo_ID_-_143_Buffalo_Animals_.jpg,Buffalo_ID_-_143_Buffalo_Animals_.jpg,Buffalo,Jaffarabadi,2,0,0,1,0,0,0,0,0,0,0
dataset/Buffalo/Jaffarabadi/Buffalo_In_-_Animals_for_sale_in_Khyber_.jpg,Buffalo_In_-_Animals_for_sale_in_Khyber_.jpg,Buffalo,Jaffarabadi,2,0,0,1,0,0,0,0,0,0,0
dataset/Buffalo/Jaffarabadi/Buffalo_India_TikTok (1).jpg,Buffalo_India_TikTok (1).jpg,Buffalo,Jaffarabadi,2,0,0,1,0,0,0,0,0,0,0
dataset/Buffalo/Jaffarabadi/Buffalo_India_TikTok.jpg,Buffalo_India_TikTok.jpg,Buffalo,Jaffarabadi,2,0,0,1,0,0,0,0,0,0,0
dataset/Buffalo/Jaffarabadi/Buffalo_Milk_Retailers_in_Taroda_Road_.jpg,Buffalo_Milk_Retailers_in_Taroda_Road_.jpg,Buffalo,Jaffarabadi,2,0,0,1,0,0,0,0,0,0,0
dataset/Buffalo/Jaffarabadi/Buffalo_Milk_in_Pakistan_TikTok.jpg,Buffalo_Milk_in_Pakistan_TikTok.jpg,Buffalo,Jaffarabadi,2,0,0,1,0,0,0,0,0,0,0
dataset/Buffalo/Jaffarabadi/Buffalo_and_Cow_Sounds_Video_from_the_.jpg,Buffalo_and_Cow_Sounds_Video_from_the_.jpg,Buffalo,Jaffarabadi,2,0,0,1,0,0,0,0,0,0,0
dataset/Buffalo/Jaffarabadi/Buffaloes_hisar_is_preparing_sensors_.jpg,Buffaloes_hisar_is_preparing_sensors_.jpg,Buffalo,Jaffarabadi,2,0,0,1,0,0,0,0,0,0,0
dataset/Buffalo/Jaffarabadi/Buffalopedia_CIRB.jpg,Buffalopedia_CIRB.jpg,Buffalo,Jaffarabadi,2,0,0,1,0,0,0,0,0,0,0
dataset/Buffalo/Jaffarabadi/Buffalos-_Prominent_Breeds_and_.jpg,Buffalos-_Prominent_Breeds_and_.jpg,Buffalo,Jaffarabadi,2,0,0,1,0,0,0,0,0,0,0
dataset/Buffalo/Jaffarabadi/Buyer_Pls_visit_Khandoba_Bazaar_On_.jpg,Buyer_Pls_visit_Khandoba_Bazaar_On_.jpg,Buffalo,Jaffarabadi,2,0,0,1,0,0,0,0,0,0,0
dataset/Buffalo/Jaffarabadi/Chandani_dairy_and_farming_-_My_.jpg,Chandani_dairy_and_farming_-_My_.jpg,Buffalo,Jaffarabadi,2,0,0,1,0,0,0,0,0,0,0
dataset/Buffalo/Jaffarabadi/Chapter_III_BUFFALO_BREEDS_AND_.jpg,Chapter_III_BUFFALO_BREEDS_AND_.jpg,Buffalo,Jaffarabadi,2,0,0,1,0,0,0,0,0,0,0
dataset/Buffalo/Jaffarabadi/Chaudhary_Dairy_Farm_in_Mahesana_ (2).jpg,Chaudhary_Dairy_Farm_in_Mahesana_ (2).jpg,Buffalo,Jaffarabadi,2,0,0,1,0,0,0,0,0,0,0
dataset/Buffalo/Jaffarabadi/Chaudhary_Dairy_Farm_in_Mahesana_.jpg,Chaudhary_Dairy_Farm_in_Mahesana_.jpg,Buffalo,Jaffarabadi,2,0,0,1,0,0,0,0,0,0,0
dataset/Buffalo/Jaffarabadi/Close-up_shot_of_buffalo_to_chewing_at_ (1).jpg,Close-up_shot_of_buffalo_to_chewing_at_ (1).jpg,Buffalo,Jaffarabadi,2,0,0,1,0,0,0,0,0,0,0
dataset/Buffalo/Jaffarabadi/Close-up_shot_of_buffalo_to_chewing_at_.jpg,Close-up_shot_of_buffalo_to_chewing_at_.jpg,Buffalo,Jaffarabadi,2,0,0,1,0,0,0,0,0,0,0
dataset/Buffalo/Jaffarabadi/Cow_Videos (1).jpg,Cow_Videos (1).jpg,Buffalo,Jaffarabadi,2,0,0,1,0,0,0,0,0,0,0
dataset/Buffalo/Jaffarabadi/Cow_Videos.jpg,Cow_Videos.jpg,Buffalo,Jaffarabadi,2,0,0,1,0,0,0,0,0,0,0
dataset/Buffalo/Jaffarabadi/Cows_Dancing_A_Hilarious_AI_Cow_Dance_.jpg,Cows_Dancing_A_Hilarious_AI_Cow_Dance_.jpg,Buffalo,Jaffarabadi,2,0,0,1,0,0,0,0,0,0,0
dataset/Buffalo/Jaffarabadi/Dairy_Farm_with_Jafarabadi_Bull_.jpg,Dairy_Farm_with_Jafarabadi_Bull_.jpg,Buffalo,Jaffarabadi,2,0,0,1,0,0,0,0,0,0,0
dataset/Buffalo/Jaffarabadi/Dairy_Farming_Jafarabadi_Buffalo_Pictures (1).jpg,Dairy_Farming_Jafarabadi_Buffalo_Pictures (1).jpg,Buffalo,Jaffarabadi,2,0,0,1,0,0,0,0,0,0,0
dataset/Buffalo/Jaffarabadi/Dairy_Farming_Jafarabadi_Buffalo_Pictures (2).jpg,Dairy_Farming_Jafarabadi_Buffalo_Pictures (2).jpg,Buffalo,Jaffarabadi,2,0,0,1,0,0,0,0,0,0,0
dataset/Buffalo/Jaffarabadi/Dairy_Farming_Jafarabadi_Buffalo_Pictures (3).jpg,Dairy_Farming_Jafarabadi_Buffalo_Pictures (3).jpg,Buffalo,Jaffarabadi,2,0,0,1,0,0,0,0,0,0,0
dataset/Buffalo/Jaffarabadi/Dairy_Farming_Jafarabadi_Buffalo_Pictures (4).jpg,Dairy_Farming_Jafarabadi_Buffalo_Pictures (4).jpg,Buffalo,Jaffarabadi,2,0,0,1,0,0,0,0,0,0,0
dataset/Buffalo/Jaffarabadi/Dairy_Farming_Jafarabadi_Buffalo_Pictures.jpg,Dairy_Farming_Jafarabadi_Buffalo_Pictures.jpg,Buffalo,Jaffarabadi,2,0,0,1,0,0,0,0,0,0,0
dataset/Buffalo/Jaffarabadi/Dairy_Farming_November_2013.jpg,Dairy_Farming_November_2013.jpg,Buffalo,Jaffarabadi,2,0,0,1,0,0,0,0,0,0,0
dataset/Buffalo/Jaffarabadi/Desi_Buffalo (1).jpg,Desi_Buffalo (1).jpg,Buffalo,Jaffarabadi,2,0,0,1,0,0,0,0,0,0,0
dataset/Buffalo/Jaffarabadi/Desi_Buffalo.jpg,Desi_Buffalo.jpg,Buffalo,Jaffarabadi,2,0,0,1,0,0,0,0,0,0,0
dataset/Buffalo/Jaffarabadi/Dhan_dairy_Fram_on_Reels_Facebook.jpg,Dhan_dairy_Fram_on_Reels_Facebook.jpg,Buffalo,Jaffarabadi,2,0,0,1,0,0,0,0,0,0,0
dataset/Buffalo/Jaffarabadi/Dhule_.jpg,Dhule_.jpg,Buffalo,Jaffarabadi,2,0,0,1,0,0,0,0,0,0,0
dataset/Buffalo/Jaffarabadi/Dicefalia_em_bfalo_Mediterrneo_x_.jpg,Dicefalia_em_bfalo_Mediterrneo_x_.jpg,Buffalo,Jaffarabadi,2,0,0,1,0,0,0,0,0,0,0
dataset/Buffalo/Jaffarabadi/Don_Let_Your_Horns_Droop_it_.jpg,Don_Let_Your_Horns_Droop_it_.jpg,Buffalo,Jaffarabadi,2,0,0,1,0,0,0,0,0,0,0
dataset/Buffalo/Jaffarabadi/Exploring_Dairy_Farming_with_Nili_Ravi_.jpg,Exploring_Dairy_Farming_with_Nili_Ravi_.jpg,Buffalo,Jaffarabadi,2,0,0,1,0,0,0,0,0,0,0
dataset/Buffalo/Jaffarabadi/Exploring_Gujrat_Dairy_and_Cattle_Farm_.jpg,Exploring_Gujrat_Dairy_and_Cattle_Farm_.jpg,Buffalo,Jaffarabadi,2,0,0,1,0,0,0,0,0,0,0
dataset/Buffalo/Jaffarabadi/FileB_Murrahjpg_-_Wikipedia.jpg,FileB_Murrahjpg_-_Wikipedia.jpg,Buffalo,Jaffarabadi,2,0,0,1,0,0,0,0,0,0,0
dataset/Buffalo/Jaffarabadi/Finest_Jafarabadi_Buffaloes_.jpg,Finest_Jafarabadi_Buffaloes_.jpg,Buffalo,Jaffarabadi,2,0,0,1,0,0,0,0,0,0,0
dataset/Buffalo/Jaffarabadi/Free_Classifieds_Ads_In_India_BuySell_.jpg,Free_Classifieds_Ads_In_India_BuySell_.jpg,Buffalo,Jaffarabadi,2,0,0,1,0,0,0,0,0,0,0
dataset/Buffalo/Jaffarabadi/Free_Jaffarabadi_Water_Buffalo_Images_.jpg,Free_Jaffarabadi_Water_Buffalo_Images_.jpg,Buffalo,Jaffarabadi,2,0,0,1,0,0,0,0,0,0,0
dataset/Buffalo/Jaffarabadi/GVC_ENTERPRISES_in_Hyderabad_ (2).jpg,GVC_ENTERPRISES_in_Hyderabad_ (2).jpg,Buffalo,Jaffarabadi,2,0,0,1,0,0,0,0,0,0,0
dataset/Buffalo/Jaffarabadi/GVC_ENTERPRISES_in_Hyderabad_.jpg,GVC_ENTERPRISES_in_Hyderabad_.jpg,Buffalo,Jaffarabadi,2,0,0,1,0,0,0,0,0,0,0
dataset/Buffalo/Jaffarabadi/Ghanshyam_dairy_farm_in_Navi_Mumbai_.jpg,Ghanshyam_dairy_farm_in_Navi_Mumbai_.jpg,Buffalo,Jaffarabadi,2,0,0,1,0,0,0,0,0,0,0
dataset/Buffalo/Jaffarabadi/Gir_Fighter_Cow_.jpg,Gir_Fighter_Cow_.jpg,Buffalo,Jaffarabadi,2,0,0,1,0,0,0,0,0,0,0
dataset/Buffalo/Jaffarabadi/Gujarat_Kanhaiya_Dairy_Farm_Jamnagar_.jpg,Gujarat_Kanhaiya_Dairy_Farm_Jamnagar_.jpg,Buffalo,Jaffarabadi,2,0,0,1,0,0,0,0,0,0,0
dataset/Buffalo/Jaffarabadi/Healthy_And_Fit_Jafarabadi_Buffalo_at_.jpg,Healthy_And_Fit_Jafarabadi_Buffalo_at_.jpg,Buffalo,Jaffarabadi,2,0,0,1,0,0,0,0,0,0,0
dataset/Buffalo/Jaffarabadi/Healthy_And_Fit_Jafrabadi_Buffalo_at_ (1).jpg,Healthy_And_Fit_Jafrabadi_Buffalo_at_ (1).jpg,Buffalo,Jaffarabadi,2,0,0,1,0,0,0,0,0,0,0
dataset/Buffalo/Jaffarabadi/Healthy_And_Fit_Jafrabadi_Buffalo_at_.jpg,Healthy_And_Fit_Jafrabadi_Buffalo_at_.jpg,Buffalo,Jaffarabadi,2,0,0,1,0,0,0,0,0,0,0
dataset/Buffalo/Jaffarabadi/Healthy_Jafarabadi_Buffalo_at_8500000_.jpg,Healthy_Jafarabadi_Buffalo_at_8500000_.jpg,Buffalo,Jaffarabadi,2,0,0,1,0,0,0,0,0,0,0
dataset/Buffalo/Jaffarabadi/Heavy_Milker_Jafarabadi_buffalo_from_.jpg,Heavy_Milker_Jafarabadi_buffalo_from_.jpg,Buffalo,Jaffarabadi,2,0,0,1,0,0,0,0,0,0,0
dataset/Buffalo/Jaffarabadi/High_Breed_Jafarabadi_Buffalo_at_Best_ (2).jpg,High_Breed_Jafarabadi_Buffalo_at_Best_ (2).jpg,Buffalo,Jaffarabadi,2,0,0,1,0,0,0,0,0,0,0
dataset/Buffalo/Jaffarabadi/High_Breed_Jafarabadi_Buffalo_at_Best_.jpg,High_Breed_Jafarabadi_Buffalo_at_Best_.jpg,Buffalo,Jaffarabadi,2,0,0,1,0,0,0,0,0,0,0
dataset/Buffalo/Jaffarabadi/High_Milk_Producing_Buffalo (1).jpg,High_Milk_Producing_Buffalo (1).jpg,Buffalo,Jaffarabadi,2,0,0,1,0,0,0,0,0,0,0
dataset/Buffalo/Jaffarabadi/High_Milk_Producing_Buffalo.jpg,High_Milk_Producing_Buffalo.jpg,Buffalo,Jaffarabadi,2,0,0,1,0,0,0,0,0,0,0
dataset/Buffalo/Jaffarabadi/Hiroshima_Asa_Animal_Park_African_.jpg,Hiroshima_Asa_Animal_Park_African_.jpg,Buffalo,Jaffarabadi,2,0,0,1,0,0,0,0,0,0,0
dataset/Buffalo/Jaffarabadi/How_to_you_buffalo_are_grass_enjoying_.jpg,How_to_you_buffalo_are_grass_enjoying_.jpg,Buffalo,Jaffarabadi,2,0,0,1,0,0,0,0,0,0,0
dataset/Buffalo/Jaffarabadi/Image_showing_bulging_arrow_at_.jpg,Image_showing_bulging_arrow_at_.jpg,Buffalo,Jaffarabadi,2,0,0,1,0,0,0,0,0,0,0
dataset/Buffalo/Jaffarabadi/Indian_Buffalo_Images_Browse_954_.jpg,Indian_Buffalo_Images_Browse_954_.jpg,Buffalo,Jaffarabadi,2,0,0,1,0,0,0,0,0,0,0
dataset/Buffalo/Jaffarabadi/Indian_Buffalo_during_Pregnancy_Days_.jpg,Indian_Buffalo_during_Pregnancy_Days_.jpg,Buffalo,Jaffarabadi,2,0,0,1,0,0,0,0,0,0,0
dataset/Buffalo/Jaffarabadi/Islamabad_Capital_Territory_OLX_Pakistan.jpg,Islamabad_Capital_Territory_OLX_Pakistan.jpg,Buffalo,Jaffarabadi,2,0,0,1,0,0,0,0,0,0,0
dataset/Buffalo/Jaffarabadi/JAFFRABADI_BUFFALO_BULL.jpg,JAFFRABADI_BUFFALO_BULL.jpg,Buffalo,Jaffarabadi,2,0,0,1,0,0,0,0,0,0,0
dataset/Buffalo/Jaffarabadi/JF-10019_Sagbidaj.jpg,JF-10019_Sagbidaj.jpg,Buffalo,Jaffarabadi,2,0,0,1,0,0,0,0,0,0,0
dataset/Buffalo/Jaffarabadi/JF-10032_Sagbidaj.jpg,JF-10032_Sagbidaj.jpg,Buffalo,Jaffarabadi,2,0,0,1,0,0,0,0,0,0,0
dataset/Buffalo/Jaffarabadi/JF-10033_Sagbidaj.jpg,JF-10033_Sagbidaj.jpg,Buffalo,Jaffarabadi,2,0,0,1,0,0,0,0,0,0,0
dataset/Buffalo/Jaffarabadi/JF-10044_Sagbidaj.jpg,JF-10044_Sagbidaj.jpg,Buffalo,Jaffarabadi,2,0,0,1,0,0,0,0,0,0,0
dataset/Buffalo/Jaffarabadi/JF-10045_Sagbidaj.jpg,JF-10045_Sagbidaj.jpg,Buffalo,Jaffarabadi,2,0,0,1,0,0,0,0,0,0,0
dataset/Buffalo/Jaffarabadi/JF-40493_Alamadhi_Semen_Station.jpg,JF-40493_Alamadhi_Semen_Station.jpg,Buffalo,Jaffarabadi,2,0,0,1,0,0,0,0,0,0,0
dataset/Buffalo/Jaffarabadi/JF-50262_Rahuri_Semen_Station.jpg,JF-50262_Rahuri_Semen_Station.jpg,Buffalo,Jaffarabadi,2,0,0,1,0,0,0,0,0,0,0
dataset/Buffalo/Jaffarabadi/JF-50400_Rahuri_Semen_Station (1).jpg,JF-50400_Rahuri_Semen_Station (1).jpg,Buffalo,Jaffarabadi,2,0,0,1,0,0,0,0,0,0,0
dataset/Buffalo/Jaffarabadi/JF-50400_Rahuri_Semen_Station.jpg,JF-50400_Rahuri_Semen_Station.jpg,Buffalo,Jaffarabadi,2,0,0,1,0,0,0,0,0,0,0
dataset/Buffalo/Jaffarabadi/Jafarabadi_ABC_Salon.jpg,Jafarabadi_ABC_Salon.jpg,Buffalo,Jaffarabadi,2,0,0,1,0,0,0,0,0,0,0
dataset/Buffalo/Jaffarabadi/Jafarabadi_Buffalo (2).jpg,Jafarabadi_Buffalo (2).jpg,Buffalo,Jaffarabadi,2,0,0,1,0,0,0,0,0,0,0
dataset/Buffalo/Jaffarabadi/Jafarabadi_Buffalo.jpg,Jafarabadi_Buffalo.jpg,Buffalo,Jaffarabadi,2,0,0,1,0,0,0,0,0,0,0
dataset/Buffalo/Jaffarabadi/Jafarabadi_BuffaloGir_BuffaloGir_ (2).jpg,Jafarabadi_BuffaloGir_BuffaloGir_ (2).jpg,Buffalo,Jaffarabadi,2,0,0,1,0,0,0,0,0,0,0
dataset/Buffalo/Jaffarabadi/Jafarabadi_BuffaloGir_BuffaloGir_.jpg,Jafarabadi_BuffaloGir_BuffaloGir_.jpg,Buffalo,Jaffarabadi,2,0,0,1,0,0,0,0,0,0,0
dataset/Buffalo/Jaffarabadi/Jafarabadi_Buffalo_ (1).jpg,Jafarabadi_Buffalo_ (1).jpg,Buffalo,Jaffarabadi,2,0,0,1,0,0,0,0,0,0,0
dataset/Buffalo/Jaffarabadi/Jafarabadi_Buffalo_-_Download_Free_3D_.jpg,Jafarabadi_Buffalo_-_Download_Free_3D_.jpg,Buffalo,Jaffarabadi,2,0,0,1,0,0,0,0,0,0,0
dataset/Buffalo/Jaffarabadi/Jafarabadi_Buffalo_-_Wholesale_Price_.jpg,Jafarabadi_Buffalo_-_Wholesale_Price_.jpg,Buffalo,Jaffarabadi,2,0,0,1,0,0,0,0,0,0,0
dataset/Buffalo/Jaffarabadi/Jafarabadi_Buffalo_.jpg,Jafarabadi_Buffalo_.jpg,Buffalo,Jaffarabadi,2,0,0,1,0,0,0,0,0,0,0
dataset/Buffalo/Jaffarabadi/Jafarabadi_Buffalo_100_advance_.jpg,Jafarabadi_Buffalo_100_advance_.jpg,Buffalo,Jaffarabadi,2,0,0,1,0,0,0,0,0,0,0
dataset/Buffalo/Jaffarabadi/Jafarabadi_Buffalo_Calf_at_85000_ (2).jpg,Jafarabadi_Buffalo_Calf_at_85000_ (2).jpg,Buffalo,Jaffarabadi,2,0,0,1,0,0,0,0,0,0,0
dataset/Buffalo/Jaffarabadi/Jafarabadi_Buffalo_Calf_at_85000_ (3).jpg,Jafarabadi_Buffalo_Calf_at_85000_ (3).jpg,Buffalo,Jaffarabadi,2,0,0,1,0,0,0,0,0,0,0
dataset/Buffalo/Jaffarabadi/Jafarabadi_Buffalo_Calf_at_85000_.jpg,Jafarabadi_Buffalo_Calf_at_85000_.jpg,Buffalo,Jaffarabadi,2,0,0,1,0,0,0,0,0,0,0
dataset/Buffalo/Jaffarabadi/Jafarabadi_Buffalo_Color_Black_at_Rs_.jpg,Jafarabadi_Buffalo_Color_Black_at_Rs_.jpg,Buffalo,Jaffarabadi,2,0,0,1,0,0,0,0,0,0,0
dataset/Buffalo/Jaffarabadi/Jafarabadi_Buffalo_Milk_Per_Day_ (1).jpg,Jafarabadi_Buffalo_Milk_Per_Day_ (1).jpg,Buffalo,Jaffarabadi,2,0,0,1,0,0,0,0,0,0,0
dataset/Buffalo/Jaffarabadi/Jafarabadi_Buffalo_Milk_Per_Day_.jpg,Jafarabadi_Buffalo_Milk_Per_Day_.jpg,Buffalo,Jaffarabadi,2,0,0,1,0,0,0,0,0,0,0
dataset/Buffalo/Jaffarabadi/Jafarabadi_Buffalo_and_Cows_Manavadar.jpg,Jafarabadi_Buffalo_and_Cows_Manavadar.jpg,Buffalo,Jaffarabadi,2,0,0,1,0,0,0,0,0,0,0
dataset/Buffalo/Jaffarabadi/Jafarabadi_Buffalo_at_70000piece_.jpg,Jafarabadi_Buffalo_at_70000piece_.jpg,Buffalo,Jaffarabadi,2,0,0,1,0,0,0,0,0,0,0
dataset/Buffalo/Jaffarabadi/Jafarabadi_Buffalo_at_95000piece_ (1).jpg,Jafarabadi_Buffalo_at_95000piece_ (1).jpg,Buffalo,Jaffarabadi,2,0,0,1,0,0,0,0,0,0,0
dataset/Buffalo/Jaffarabadi/Jafarabadi_Buffalo_at_95000piece_.jpg,Jafarabadi_Buffalo_at_95000piece_.jpg,Buffalo,Jaffarabadi,2,0,0,1,0,0,0,0,0,0,0
dataset/Buffalo/Jaffarabadi/Jafarabadi_Buffalo_at_Best_Price_in_.jpg,Jafarabadi_Buffalo_at_Best_Price_in_.jpg,Buffalo,Jaffarabadi,2,0,0,1,0,0,0,0,0,0,0
dataset/Buffalo/Jaffarabadi/Jafarabadi_Buffalo_available_at_today_.jpg,Jafarabadi_Buffalo_available_at_today_.jpg,Buffalo,Jaffarabadi,2,0,0,1,0,0,0,0,0,0,0
dataset/Buffalo/Jaffarabadi/Jafarabadi_Buffalo_buffalo_cow_.jpg,Jafarabadi_Buffalo_buffalo_cow_.jpg,Buffalo,Jaffarabadi,2,0,0,1,0,0,0,0,0,0,0
dataset/Buffalo/Jaffarabadi/Jafarabadi_Buffalo_from_India_-_YouTube.jpg,Jafarabadi_Buffalo_from_India_-_YouTube.jpg,Buffalo,Jaffarabadi,2,0,0,1,0,0,0,0,0,0,0
dataset/Buffalo/Jaffarabadi/Jafarabadi_Buffalo_in_Jamnagar_ (2).jpg,Jafarabadi_Buffalo_in_Jamnagar_ (2).jpg,Buffalo,Jaffarabadi,2,0,0,1,0,0,0,0,0,0,0
dataset/Buffalo/Jaffarabadi/Jafarabadi_Buffalo_in_Jamnagar_.jpg,Jafarabadi_Buffalo_in_Jamnagar_.jpg,Buffalo,Jaffarabadi,2,0,0,1,0,0,0,0,0,0,0
dataset/Buffalo/Jaffarabadi/Jafarabadi_Buffaloes_exported_to_Brazil_ (1).jpg,Jafarabadi_Buffaloes_exported_to_Brazil_ (1).jpg,Buffalo,Jaffarabadi,2,0,0,1,0,0,0,0,0,0,0
dataset/Buffalo/Jaffarabadi/Jafarabadi_Buffaloes_exported_to_Brazil_.jpg,Jafarabadi_Buffaloes_exported_to_Brazil_.jpg,Buffalo,Jaffarabadi,2,0,0,1,0,0,0,0,0,0,0
dataset/Buffalo/Jaffarabadi/Jafarabadi_Bull_SS-ABC_Dams_Yield_.jpg,Jafarabadi_Bull_SS-ABC_Dams_Yield_.jpg,Buffalo,Jaffarabadi,2,0,0,1,0,0,0,0,0,0,0
dataset/Buffalo/Jaffarabadi/Jafarabadi_Bull_at_Badal_Farm_Punjab_.jpg,Jafarabadi_Bull_at_Badal_Farm_Punjab_.jpg,Buffalo,Jaffarabadi,2,0,0,1,0,0,0,0,0,0,0
dataset/Buffalo/Jaffarabadi/Jafarabadi_Bull_from_Gujarat_India_.jpg,Jafarabadi_Bull_from_Gujarat_India_.jpg,Buffalo,Jaffarabadi,2,0,0,1,0,0,0,0,0,0,0
dataset/Buffalo/Jaffarabadi/Jafarabadi_Page_2_Sagbidaj.jpg,Jafarabadi_Page_2_Sagbidaj.jpg,Buffalo,Jaffarabadi,2,0,0,1,0,0,0,0,0,0,0
dataset/Buffalo/Jaffarabadi/Jafarabadi_Sagbidaj.jpg,Jafarabadi_Sagbidaj.jpg,Buffalo,Jaffarabadi,2,0,0,1,0,0,0,0,0,0,0
dataset/Buffalo/Jaffarabadi/Jafarabadi_Water_Buffalo.jpg,Jafarabadi_Water_Buffalo.jpg,Buffalo,Jaffarabadi,2,0,0,1,0,0,0,0,0,0,0
dataset/Buffalo/Jaffarabadi/Jafarabadi_breed_of_buffalo_gives_16_ (1).jpg,Jafarabadi_breed_of_buffalo_gives_16_ (1).jpg,Buffalo,Jaffarabadi,2,0,0,1,0,0,0,0,0,0,0
dataset/Buffalo/Jaffarabadi/Jafarabadi_breed_of_buffalo_gives_16_ (2).jpg,Jafarabadi_breed_of_buffalo_gives_16_ (2).jpg,Buffalo,Jaffarabadi,2,0,0,1,0,0,0,0,0,0,0
dataset/Buffalo/Jaffarabadi/Jafarabadi_breed_of_buffalo_gives_16_ (3).jpg,Jafarabadi_breed_of_buffalo_gives_16_ (3).jpg,Buffalo,Jaffarabadi,2,0,0,1,0,0,0,0,0,0,0
dataset/Buffalo/Jaffarabadi/Jafarabadi_breed_of_buffalo_gives_16_ (4).jpg,Jafarabadi_breed_of_buffalo_gives_16_ (4).jpg,Buffalo,Jaffarabadi,2,0,0,1,0,0,0,0,0,0,0
dataset/Buffalo/Jaffarabadi/Jafarabadi_breed_of_buffalo_gives_16_ (5).jpg,Jafarabadi_breed_of_buffalo_gives_16_ (5).jpg,Buffalo,Jaffarabadi,2,0,0,1,0,0,0,0,0,0,0
dataset/Buffalo/Jaffarabadi/Jafarabadi_breed_of_buffalo_gives_16_.jpg,Jafarabadi_breed_of_buffalo_gives_16_.jpg,Buffalo,Jaffarabadi,2,0,0,1,0,0,0,0,0,0,0
dataset/Buffalo/Jaffarabadi/Jafarabadi_breed_of_buffalo_is_famous_.jpg,Jafarabadi_breed_of_buffalo_is_famous_.jpg,Buffalo,Jaffarabadi,2,0,0,1,0,0,0,0,0,0,0
dataset/Buffalo/Jaffarabadi/Jafarabadi_buffalo_Chandani_dairy_.jpg,Jafarabadi_buffalo_Chandani_dairy_.jpg,Buffalo,Jaffarabadi,2,0,0,1,0,0,0,0,0,0,0
dataset/Buffalo/Jaffarabadi/Jafarabadi_buffalo_Part_3_TikTok.jpg,Jafarabadi_buffalo_Part_3_TikTok.jpg,Buffalo,Jaffarabadi,2,0,0,1,0,0,0,0,0,0,0
dataset/Buffalo/Jaffarabadi/Jafarabadi_buffalo_at_Gajeku_farm_.jpg,Jafarabadi_buffalo_at_Gajeku_farm_.jpg,Buffalo,Jaffarabadi,2,0,0,1,0,0,0,0,0,0,0
dataset/Buffalo/Jaffarabadi/Jafarabadi_buffalo_beautiful_.jpg,Jafarabadi_buffalo_beautiful_.jpg,Buffalo,Jaffarabadi,2,0,0,1,0,0,0,0,0,0,0
dataset/Buffalo/Jaffarabadi/Jafarabadi_buffalo_bhavnagar_Gujarat_.jpg,Jafarabadi_buffalo_bhavnagar_Gujarat_.jpg,Buffalo,Jaffarabadi,2,0,0,1,0,0,0,0,0,0,0
dataset/Buffalo/Jaffarabadi/Jafarabadi_buffalo_bull_for_sales_4_.jpg,Jafarabadi_buffalo_bull_for_sales_4_.jpg,Buffalo,Jaffarabadi,2,0,0,1,0,0,0,0,0,0,0
dataset/Buffalo/Jaffarabadi/Jafarabadi_buffalo_drawing_easy_.jpg,Jafarabadi_buffalo_drawing_easy_.jpg,Buffalo,Jaffarabadi,2,0,0,1,0,0,0,0,0,0,0
dataset/Buffalo/Jaffarabadi/Jafarabadi_buffalo_hi-res_stock_.jpg,Jafarabadi_buffalo_hi-res_stock_.jpg,Buffalo,Jaffarabadi,2,0,0,1,0,0,0,0,0,0,0
dataset/Buffalo/Jaffarabadi/Jafarabadi_buffalo_is_a_riverine_ (2).jpg,Jafarabadi_buffalo_is_a_riverine_ (2).jpg,Buffalo,Jaffarabadi,2,0,0,1,0,0,0,0,0,0,0
dataset/Buffalo/Jaffarabadi/Jafarabadi_buffalo_is_a_riverine_.jpg,Jafarabadi_buffalo_is_a_riverine_.jpg,Buffalo,Jaffarabadi,2,0,0,1,0,0,0,0,0,0,0
dataset/Buffalo/Jaffarabadi/Jafarabadi_buffalo_sculpture.jpg,Jafarabadi_buffalo_sculpture.jpg,Buffalo,Jaffarabadi,2,0,0,1,0,0,0,0,0,0,0
dataset/Buffalo/Jaffarabadi/Jafarabadi_buffaloes_.jpg,Jafarabadi_buffaloes_.jpg,Buffalo,Jaffarabadi,2,0,0,1,0,0,0,0,0,0,0
dataset/Buffalo/Jaffarabadi/Jafarabadi_bull_from_Gujarat_-_YouTube.jpg,Jafarabadi_bull_from_Gujarat_-_YouTube.jpg,Buffalo,Jaffarabadi,2,0,0,1,0,0,0,0,0,0,0
dataset/Buffalo/Jaffarabadi/Jafarabadi_heifer_Mekhi_Mother-Bhoj_.jpg,Jafarabadi_heifer_Mekhi_Mother-Bhoj_.jpg,Buffalo,Jaffarabadi,2,0,0,1,0,0,0,0,0,0,0
dataset/Buffalo/Jaffarabadi/Jafarabadibuffalo_TikTok.jpg,Jafarabadibuffalo_TikTok.jpg,Buffalo,Jaffarabadi,2,0,0,1,0,0,0,0,0,0,0
dataset/Buffalo/Jaffarabadi/Jaffarabadi_Buffalo_Breed_Documentary_.jpg,Jaffarabadi_Buffalo_Breed_Documentary_.jpg,Buffalo,Jaffarabadi,2,0,0,1,0,0,0,0,0,0,0
dataset/Buffalo/Jaffarabadi/Jaffarabadi_Buffalo_at_Best_Price_in_.jpg,Jaffarabadi_Buffalo_at_Best_Price_in_.jpg,Buffalo,Jaffarabadi,2,0,0,1,0,0,0,0,0,0,0
dataset/Buffalo/Jaffarabadi/Jaffarabadi_Dairy_Knowledge_Portal.jpg,Jaffarabadi_Dairy_Knowledge_Portal.jpg,Buffalo,Jaffarabadi,2,0,0,1,0,0,0,0,0,0,0
dataset/Buffalo/Jaffarabadi/Jafrabadi_Buffalo (2).jpg,Jafrabadi_Buffalo (2).jpg,Buffalo,Jaffarabadi,2,0,0,1,0,0,0,0,0,0,0
dataset/Buffalo/Jaffarabadi/Jafrabadi_Buffalo.jpg,Jafrabadi_Buffalo.jpg,Buffalo,Jaffarabadi,2,0,0,1,0,0,0,0,0,0,0
dataset/Buffalo/Jaffarabadi/Jafrabadi_Buffalo_Alive_Weight_0-300_.jpg,Jafrabadi_Buffalo_Alive_Weight_0-300_.jpg,Buffalo,Jaffarabadi,2,0,0,1,0,0,0,0,0,0,0
dataset/Buffalo/Jaffarabadi/Jafrabadi_Buffalo_Producing_.jpg,Jafrabadi_Buffalo_Producing_.jpg,Buffalo,Jaffarabadi,2,0,0,1,0,0,0,0,0,0,0
dataset/Buffalo/Jaffarabadi/Jafrabadi_Bull_-_Meet_the_Majestic_.jpg,Jafrabadi_Bull_-_Meet_the_Majestic_.jpg,Buffalo,Jaffarabadi,2,0,0,1,0,0,0,0,0,0,0
dataset/Buffalo/Jaffarabadi/Krushi_Pradarshan_.jpg,Krushi_Pradarshan_.jpg,Buffalo,Jaffarabadi,2,0,0,1,0,0,0,0,0,0,0
dataset/Buffalo/Jaffarabadi/Largest_Herds_of_Water_Buffalo_VIDEO_.jpg,Largest_Herds_of_Water_Buffalo_VIDEO_.jpg,Buffalo,Jaffarabadi,2,0,0,1,0,0,0,0,0,0,0
dataset/Buffalo/Jaffarabadi/Livestock_highlights_IAEA.jpg,Livestock_highlights_IAEA.jpg,Buffalo,Jaffarabadi,2,0,0,1,0,0,0,0,0,0,0
dataset/Buffalo/Jaffarabadi/MASHALLAH_Jafrabi_Buffalo_Bull_.jpg,MASHALLAH_Jafrabi_Buffalo_Bull_.jpg,Buffalo,Jaffarabadi,2,0,0,1,0,0,0,0,0,0,0
dataset/Buffalo/Jaffarabadi/MR-30060_Sagbidaj.jpg,MR-30060_Sagbidaj.jpg,Buffalo,Jaffarabadi,2,0,0,1,0,0,0,0,0,0,0
dataset/Buffalo/Jaffarabadi/Majestic_Jafarabadi_Buffalo_.jpg,Majestic_Jafarabadi_Buffalo_.jpg,Buffalo,Jaffarabadi,2,0,0,1,0,0,0,0,0,0,0
dataset/Buffalo/Jaffarabadi/Maldhari_tribals_breed_Indian_rural_.jpg,Maldhari_tribals_breed_Indian_rural_.jpg,Buffalo,Jaffarabadi,2,0,0,1,0,0,0,0,0,0,0
dataset/Buffalo/Jaffarabadi/Mammals_CAPE_BUFFALO_Notice_the_.jpg,Mammals_CAPE_BUFFALO_Notice_the_.jpg,Buffalo,Jaffarabadi,2,0,0,1,0,0,0,0,0,0,0
dataset/Buffalo/Jaffarabadi/Meet_the_Majestic_Jafarabadi_Buffalo_.jpg,Meet_the_Majestic_Jafarabadi_Buffalo_.jpg,Buffalo,Jaffarabadi,2,0,0,1,0,0,0,0,0,0,0
dataset/Buffalo/Jaffarabadi/Milking_Jafrabadi_Buffalo_Farm_.jpg,Milking_Jafrabadi_Buffalo_Farm_.jpg,Buffalo,Jaffarabadi,2,0,0,1,0,0,0,0,0,0,0
dataset/Buffalo/Jaffarabadi/Murrah_Buffalo_Dairy_Farm_.jpg,Murrah_Buffalo_Dairy_Farm_.jpg,Buffalo,Jaffarabadi,2,0,0,1,0,0,0,0,0,0,0
dataset/Buffalo/Jaffarabadi/Murrah_Buffalo_In_Rajkot_Gujarat_At_.jpg,Murrah_Buffalo_In_Rajkot_Gujarat_At_.jpg,Buffalo,Jaffarabadi,2,0,0,1,0,0,0,0,0,0,0
dataset/Buffalo/Jaffarabadi/Murrah_Buffalo_at_Rs_70000_in_Mahesana_.jpg,Murrah_Buffalo_at_Rs_70000_in_Mahesana_.jpg,Buffalo,Jaffarabadi,2,0,0,1,0,0,0,0,0,0,0
dataset/Buffalo/Jaffarabadi/Murrah_Jafarabadi_Buffalo_Calf_18_at_ (1).jpg,Murrah_Jafarabadi_Buffalo_Calf_18_at_ (1).jpg,Buffalo,Jaffarabadi,2,0,0,1,0,0,0,0,0,0,0
dataset/Buffalo/Jaffarabadi/Murrah_Jafarabadi_Buffalo_Calf_18_at_ (2).jpg,Murrah_Jafarabadi_Buffalo_Calf_18_at_ (2).jpg,Buffalo,Jaffarabadi,2,0,0,1,0,0,0,0,0,0,0
dataset/Buffalo/Jaffarabadi/Murrah_Jafarabadi_Buffalo_Calf_18_at_ (3).jpg,Murrah_Jafarabadi_Buffalo_Calf_18_at_ (3).jpg,Buffalo,Jaffarabadi,2,0,0,1,0,0,0,0,0,0,0
dataset/Buffalo/Jaffarabadi/Murrah_Jafarabadi_Buffalo_Calf_18_at_.jpg,Murrah_Jafarabadi_Buffalo_Calf_18_at_.jpg,Buffalo,Jaffarabadi,2,0,0,1,0,0,0,0,0,0,0
dataset/Buffalo/Jaffarabadi/Murrah_buffalo_is_black_gold_for_.jpg,Murrah_buffalo_is_black_gold_for_.jpg,Buffalo,Jaffarabadi,2,0,0,1,0,0,0,0,0,0,0
dataset/Buffalo/Jaffarabadi/Nili_Ravi_Buffalo_-_Nili_Ravi_Buffalo_.jpg,Nili_Ravi_Buffalo_-_Nili_Ravi_Buffalo_.jpg,Buffalo,Jaffarabadi,2,0,0,1,0,0,0,0,0,0,0
dataset/Buffalo/Jaffarabadi/Nomad_in_Italy_Where_the_buffalo_roam.jpg,Nomad_in_Italy_Where_the_buffalo_roam.jpg,Buffalo,Jaffarabadi,2,0,0,1,0,0,0,0,0,0,0
dataset/Buffalo/Jaffarabadi/Noorshah_ki_Top_Class_Dojn_Jhoti_TikTok.jpg,Noorshah_ki_Top_Class_Dojn_Jhoti_TikTok.jpg,Buffalo,Jaffarabadi,2,0,0,1,0,0,0,0,0,0,0
dataset/Buffalo/Jaffarabadi/Pakistan_this_adorable_droopy_boi_.jpg,Pakistan_this_adorable_droopy_boi_.jpg,Buffalo,Jaffarabadi,2,0,0,1,0,0,0,0,0,0,0
dataset/Buffalo/Jaffarabadi/Pandharpuri_buffalo_-_Alchetron_The_.jpg,Pandharpuri_buffalo_-_Alchetron_The_.jpg,Buffalo,Jaffarabadi,2,0,0,1,0,0,0,0,0,0,0
dataset/Buffalo/Jaffarabadi/Pani_Puri_Share_Where_Youre_From_TikTok.jpg,Pani_Puri_Share_Where_Youre_From_TikTok.jpg,Buffalo,Jaffarabadi,2,0,0,1,0,0,0,0,0,0,0
dataset/Buffalo/Jaffarabadi/Pashuhaat (2).jpg,Pashuhaat (2).jpg,Buffalo,Jaffarabadi,2,0,0,1,0,0,0,0,0,0,0
dataset/Buffalo/Jaffarabadi/Pashuhaat.jpg,Pashuhaat.jpg,Buffalo,Jaffarabadi,2,0,0,1,0,0,0,0,0,0,0
dataset/Buffalo/Jaffarabadi/Plastic_Jafarabadi_Buffalo_Semen_.jpeg,Plastic_Jafarabadi_Buffalo_Semen_.jpeg,Buffalo,Jaffarabadi,2,0,0,1,0,0,0,0,0,0,0
dataset/Buffalo/Jaffarabadi/Rocking_with_Mark_Bull_Riding_.jpg,Rocking_with_Mark_Bull_Riding_.jpg,Buffalo,Jaffarabadi,2,0,0,1,0,0,0,0,0,0,0
dataset/Buffalo/Jaffarabadi/SALE_jafarabadi_buffalo_in_hyderabad_.jpg,SALE_jafarabadi_buffalo_in_hyderabad_.jpg,Buffalo,Jaffarabadi,2,0,0,1,0,0,0,0,0,0,0
dataset/Buffalo/Jaffarabadi/Scary_Animal_Encounters_on_the_Farm_.jpg,Scary_Animal_Encounters_on_the_Farm_.jpg,Buffalo,Jaffarabadi,2,0,0,1,0,0,0,0,0,0,0
dataset/Buffalo/Jaffarabadi/Some_good_jafrabadi_bulls.jpg,Some_good_jafrabadi_bulls.jpg,Buffalo,Jaffarabadi,2,0,0,1,0,0,0,0,0,0,0
dataset/Buffalo/Jaffarabadi/Special_Gir_Jafarabadi_Buffalo_with_20_.jpg,Special_Gir_Jafarabadi_Buffalo_with_20_.jpg,Buffalo,Jaffarabadi,2,0,0,1,0,0,0,0,0,0,0
dataset/Buffalo/Jaffarabadi/Specialty_of_jafarabadi_breed_of_buffalo.jpg,Specialty_of_jafarabadi_breed_of_buffalo.jpg,Buffalo,Jaffarabadi,2,0,0,1,0,0,0,0,0,0,0
dataset/Buffalo/Jaffarabadi/Success_Story_.jpg,Success_Story_.jpg,Buffalo,Jaffarabadi,2,0,0,1,0,0,0,0,0,0,0
dataset/Buffalo/Jaffarabadi/Surti_Buffalo_Black_Jafarabadi_Bull_at_.jpg,Surti_Buffalo_Black_Jafarabadi_Bull_at_.jpg,Buffalo,Jaffarabadi,2,0,0,1,0,0,0,0,0,0,0
dataset/Buffalo/Jaffarabadi/The_Buffalo_of_Palitana_Earth_Eats_.jpg,The_Buffalo_of_Palitana_Earth_Eats_.jpg,Buffalo,Jaffarabadi,2,0,0,1,0,0,0,0,0,0,0
dataset/Buffalo/Jaffarabadi/The_weight_of_1445_kg_attracted_.jpg,The_weight_of_1445_kg_attracted_.jpg,Buffalo,Jaffarabadi,2,0,0,1,0,0,0,0,0,0,0
dataset/Buffalo/Jaffarabadi/Top_Milk_Dairy_in_Gathaman_-_Best_Doodh_.jpg,Top_Milk_Dairy_in_Gathaman_-_Best_Doodh_.jpg,Buffalo,Jaffarabadi,2,0,0,1,0,0,0,0,0,0,0
dataset/Buffalo/Jaffarabadi/Top_Milk_Home_Delivery_Services_in_ (2).jpg,Top_Milk_Home_Delivery_Services_in_ (2).jpg,Buffalo,Jaffarabadi,2,0,0,1,0,0,0,0,0,0,0
dataset/Buffalo/Jaffarabadi/Top_Milk_Home_Delivery_Services_in_.jpg,Top_Milk_Home_Delivery_Services_in_.jpg,Buffalo,Jaffarabadi,2,0,0,1,0,0,0,0,0,0,0
dataset/Buffalo/Jaffarabadi/Tulsidas_-_BAIF_Sire_Directory.jpg,Tulsidas_-_BAIF_Sire_Directory.jpg,Buffalo,Jaffarabadi,2,0,0,1,0,0,0,0,0,0,0
dataset/Buffalo/Jaffarabadi/Two_vigilant_citizens_of_Ankleshwar_.jpg,Two_vigilant_citizens_of_Ankleshwar_.jpg,Buffalo,Jaffarabadi,2,0,0,1,0,0,0,0,0,0,0
dataset/Buffalo/Jaffarabadi/Visually_searched_image.jpg,Visually_searched_image.jpg,Buffalo,Jaffarabadi,2,0,0,1,0,0,0,0,0,0,0
dataset/Buffalo/Jaffarabadi/Water_Buffalo_Eating_Grass_Rice_Field_ (1).jpg,Water_Buffalo_Eating_Grass_Rice_Field_ (1).jpg,Buffalo,Jaffarabadi,2,0,0,1,0,0,0,0,0,0,0
dataset/Buffalo/Jaffarabadi/Water_Buffalo_Eating_Grass_Rice_Field_.jpg,Water_Buffalo_Eating_Grass_Rice_Field_.jpg,Buffalo,Jaffarabadi,2,0,0,1,0,0,0,0,0,0,0
dataset/Buffalo/Jaffarabadi/Water_Buffalo_Jafarabadi (1).jpg,Water_Buffalo_Jafarabadi (1).jpg,Buffalo,Jaffarabadi,2,0,0,1,0,0,0,0,0,0,0
dataset/Buffalo/Jaffarabadi/Water_Buffalo_Jafarabadi.jpg,Water_Buffalo_Jafarabadi.jpg,Buffalo,Jaffarabadi,2,0,0,1,0,0,0,0,0,0,0
dataset/Buffalo/Jaffarabadi/_ (1) (2).jpg,_ (1) (2).jpg,Buffalo,Jaffarabadi,2,0,0,1,0,0,0,0,0,0,0
dataset/Buffalo/Jaffarabadi/_ (1) (4).jpg,_ (1) (4).jpg,Buffalo,Jaffarabadi,2,0,0,1,0,0,0,0,0,0,0
dataset/Buffalo/Jaffarabadi/_ (1).jpg,_ (1).jpg,Buffalo,Jaffarabadi,2,0,0,1,0,0,0,0,0,0,0
dataset/Buffalo/Jaffarabadi/_ (10).jpg,_ (10).jpg,Buffalo,Jaffarabadi,2,0,0,1,0,0,0,0,0,0,0
dataset/Buffalo/Jaffarabadi/_ (11).jpg,_ (11).jpg,Buffalo,Jaffarabadi,2,0,0,1,0,0,0,0,0,0,0
dataset/Buffalo/Jaffarabadi/_ (2) (3).jpg,_ (2) (3).jpg,Buffalo,Jaffarabadi,2,0,0,1,0,0,0,0,0,0,0
dataset/Buffalo/Jaffarabadi/_ (2) (4).jpg,_ (2) (4).jpg,Buffalo,Jaffarabadi,2,0,0,1,0,0,0,0,0,0,0
dataset/Buffalo/Jaffarabadi/_ (2).jpg,_ (2).jpg,Buffalo,Jaffarabadi,2,0,0,1,0,0,0,0,0,0,0
dataset/Buffalo/Jaffarabadi/_ (3) (2).jpg,_ (3) (2).jpg,Buffalo,Jaffarabadi,2,0,0,1,0,0,0,0,0,0,0
dataset/Buffalo/Jaffarabadi/_ (3) (3).jpg,_ (3) (3).jpg,Buffalo,Jaffarabadi,2,0,0,1,0,0,0,0,0,0,0
dataset/Buffalo/Jaffarabadi/_ (3).jpg,_ (3).jpg,Buffalo,Jaffarabadi,2,0,0,1,0,0,0,0,0,0,0
dataset/Buffalo/Jaffarabadi/_ (4) (2).jpg,_ (4) (2).jpg,Buffalo,Jaffarabadi,2,0,0,1,0,0,0,0,0,0,0
dataset/Buffalo/Jaffarabadi/_ (4) (3).jpg,_ (4) (3).jpg,Buffalo,Jaffarabadi,2,0,0,1,0,0,0,0,0,0,0
dataset/Buffalo/Jaffarabadi/_ (4).jpg,_ (4).jpg,Buffalo,Jaffarabadi,2,0,0,1,0,0,0,0,0,0,0
dataset/Buffalo/Jaffarabadi/_ (6).jpg,_ (6).jpg,Buffalo,Jaffarabadi,2,0,0,1,0,0,0,0,0,0,0
dataset/Buffalo/Jaffarabadi/_ (8).jpg,_ (8).jpg,Buffalo,Jaffarabadi,2,0,0,1,0,0,0,0,0,0,0
dataset/Buffalo/Jaffarabadi/_ (9).jpg,_ (9).jpg,Buffalo,Jaffarabadi,2,0,0,1,0,0,0,0,0,0,0
dataset/Buffalo/Jaffarabadi/_-Buffalo_Buy-Sell (1) (2).jpg,_-Buffalo_Buy-Sell (1) (2).jpg,Buffalo,Jaffarabadi,2,0,0,1,0,0,0,0,0,0,0
dataset/Buffalo/Jaffarabadi/_-Buffalo_Buy-Sell (1).jpg,_-Buffalo_Buy-Sell (1).jpg,Buffalo,Jaffarabadi,2,0,0,1,0,0,0,0,0,0,0
dataset/Buffalo/Jaffarabadi/_-Buffalo_Buy-Sell (2) (2).jpg,_-Buffalo_Buy-Sell (2) (2).jpg,Buffalo,Jaffarabadi,2,0,0,1,0,0,0,0,0,0,0
dataset/Buffalo/Jaffarabadi/_-Buffalo_Buy-Sell (2).jpg,_-Buffalo_Buy-Sell (2).jpg,Buffalo,Jaffarabadi,2,0,0,1,0,0,0,0,0,0,0
dataset/Buffalo/Jaffarabadi/_-Buffalo_Buy-Sell (3) (2).jpg,_-Buffalo_Buy-Sell (3) (2).jpg,Buffalo,Jaffarabadi,2,0,0,1,0,0,0,0,0,0,0
dataset/Buffalo/Jaffarabadi/_-Buffalo_Buy-Sell (3).jpg,_-Buffalo_Buy-Sell (3).jpg,Buffalo,Jaffarabadi,2,0,0,1,0,0,0,0,0,0,0
dataset/Buffalo/Jaffarabadi/_-Buffalo_Buy-Sell (4).jpg,_-Buffalo_Buy-Sell (4).jpg,Buffalo,Jaffarabadi,2,0,0,1,0,0,0,0,0,0,0
dataset/Buffalo/Jaffarabadi/_-Buffalo_Buy-Sell (5).jpg,_-Buffalo_Buy-Sell (5).jpg,Buffalo,Jaffarabadi,2,0,0,1,0,0,0,0,0,0,0
dataset/Buffalo/Jaffarabadi/_-Buffalo_Buy-Sell (6).jpg,_-Buffalo_Buy-Sell (6).jpg,Buffalo,Jaffarabadi,2,0,0,1,0,0,0,0,0,0,0
dataset/Buffalo/Jaffarabadi/_-Buffalo_Buy-Sell.jpg,_-Buffalo_Buy-Sell.jpg,Buffalo,Jaffarabadi,2,0,0,1,0,0,0,0,0,0,0
dataset/Buffalo/Jaffarabadi/_-_Jafarabadi_buffalo_ (2).jpg,_-_Jafarabadi_buffalo_ (2).jpg,Buffalo,Jaffarabadi,2,0,0,1,0,0,0,0,0,0,0
dataset/Buffalo/Jaffarabadi/_-_Jafarabadi_buffalo_.jpg,_-_Jafarabadi_buffalo_.jpg,Buffalo,Jaffarabadi,2,0,0,1,0,0,0,0,0,0,0
dataset/Buffalo/Jaffarabadi/_.jpg,_.jpg,Buffalo,Jaffarabadi,2,0,0,1,0,0,0,0,0,0,0
dataset/Buffalo/Jaffarabadi/_16_ (1).jpg,_16_ (1).jpg,Buffalo,Jaffarabadi,2,0,0,1,0,0,0,0,0,0,0
dataset/Buffalo/Jaffarabadi/_16_.jpg,_16_.jpg,Buffalo,Jaffarabadi,2,0,0,1,0,0,0,0,0,0,0
dataset/Buffalo/Jaffarabadi/_2659_.jpg,_2659_.jpg,Buffalo,Jaffarabadi,2,0,0,1,0,0,0,0,0,0,0
dataset/Buffalo/Jaffarabadi/_Biggest_Buffalo_animalsstudio_.jpg,_Biggest_Buffalo_animalsstudio_.jpg,Buffalo,Jaffarabadi,2,0,0,1,0,0,0,0,0,0,0
dataset/Buffalo/Jaffarabadi/aa_bhes_vechvani_chhe_-Buffalo_Buy-Sell.jpg,aa_bhes_vechvani_chhe_-Buffalo_Buy-Sell.jpg,Buffalo,Jaffarabadi,2,0,0,1,0,0,0,0,0,0,0
dataset/Buffalo/Jaffarabadi/ability_to_fight_with_lion_lbsa (2).jpg,ability_to_fight_with_lion_lbsa (2).jpg,Buffalo,Jaffarabadi,2,0,0,1,0,0,0,0,0,0,0
dataset/Buffalo/Jaffarabadi/ability_to_fight_with_lion_lbsa.jpg,ability_to_fight_with_lion_lbsa.jpg,Buffalo,Jaffarabadi,2,0,0,1,0,0,0,0,0,0,0
dataset/Buffalo/Jaffarabadi/animal_husbandry_.jpeg,animal_husbandry_.jpeg,Buffalo,Jaffarabadi,2,0,0,1,0,0,0,0,0,0,0
dataset/Buffalo/Jaffarabadi/animal_husbandry_jafarabadi_buffalo_.jpg,animal_husbandry_jafarabadi_buffalo_.jpg,Buffalo,Jaffarabadi,2,0,0,1,0,0,0,0,0,0,0
dataset/Buffalo/Jaffarabadi/bahubali_jafarabadi_buffalo_.jpg,bahubali_jafarabadi_buffalo_.jpg,Buffalo,Jaffarabadi,2,0,0,1,0,0,0,0,0,0,0
dataset/Buffalo/Jaffarabadi/best_india_breed_jafarabadi_bull_.jpg,best_india_breed_jafarabadi_bull_.jpg,Buffalo,Jaffarabadi,2,0,0,1,0,0,0,0,0,0,0
dataset/Buffalo/Jaffarabadi/bhes_jafrabadi_-Buffalo_Buy-Sell.jpg,bhes_jafrabadi_-Buffalo_Buy-Sell.jpg,Buffalo,Jaffarabadi,2,0,0,1,0,0,0,0,0,0,0
dataset/Buffalo/Jaffarabadi/brahmancattle_brahman_brahmanbulls_.jpg,brahmancattle_brahman_brahmanbulls_.jpg,Buffalo,Jaffarabadi,2,0,0,1,0,0,0,0,0,0,0
dataset/Buffalo/Jaffarabadi/buffalo_animal_instagram_instagood_.jpg,buffalo_animal_instagram_instagood_.jpg,Buffalo,Jaffarabadi,2,0,0,1,0,0,0,0,0,0,0
dataset/Buffalo/Jaffarabadi/buffalo_dairy_farmers.jpg,buffalo_dairy_farmers.jpg,Buffalo,Jaffarabadi,2,0,0,1,0,0,0,0,0,0,0
dataset/Buffalo/Jaffarabadi/buffalo_vechavani_-Buffalo_Buy-Sell.jpg,buffalo_vechavani_-Buffalo_Buy-Sell.jpg,Buffalo,Jaffarabadi,2,0,0,1,0,0,0,0,0,0,0
dataset/Buffalo/Jaffarabadi/chotila_jisurendarnagar_pi363520.jpg,chotila_jisurendarnagar_pi363520.jpg,Buffalo,Jaffarabadi,2,0,0,1,0,0,0,0,0,0,0
dataset/Buffalo/Jaffarabadi/dairyfarm_buffalo_milk_animal_reel_.jpg,dairyfarm_buffalo_milk_animal_reel_.jpg,Buffalo,Jaffarabadi,2,0,0,1,0,0,0,0,0,0,0
dataset/Buffalo/Jaffarabadi/gunsnrosesgirl3_The_Jafarabadi_Buffalo_ (2).jpg,gunsnrosesgirl3_The_Jafarabadi_Buffalo_ (2).jpg,Buffalo,Jaffarabadi,2,0,0,1,0,0,0,0,0,0,0
dataset/Buffalo/Jaffarabadi/gunsnrosesgirl3_The_Jafarabadi_Buffalo_.jpg,gunsnrosesgirl3_The_Jafarabadi_Buffalo_.jpg,Buffalo,Jaffarabadi,2,0,0,1,0,0,0,0,0,0,0
dataset/Buffalo/Jaffarabadi/haryana_animals_affected_with_cold_milk_.jpg,haryana_animals_affected_with_cold_milk_.jpg,Buffalo,Jaffarabadi,2,0,0,1,0,0,0,0,0,0,0
dataset/Buffalo/Jaffarabadi/horn_in_a_10_years_old_buffalo_.jpg,horn_in_a_10_years_old_buffalo_.jpg,Buffalo,Jaffarabadi,2,0,0,1,0,0,0,0,0,0,0
dataset/Buffalo/Jaffarabadi/image_168x300_1.jpg,image_168x300_1.jpg,Buffalo,Jaffarabadi,2,0,0,1,0,0,0,0,0,0,0
dataset/Buffalo/Jaffarabadi/image_183x275_1.jpg,image_183x275_1.jpg,Buffalo,Jaffarabadi,2,0,0,1,0,0,0,0,0,0,0
dataset/Buffalo/Jaffarabadi/image_201x251_1.jpg,image_201x251_1.jpg,Buffalo,Jaffarabadi,2,0,0,1,0,0,0,0,0,0,0
dataset/Buffalo/Jaffarabadi/image_201x251_2.jpg,image_201x251_2.jpg,Buffalo,Jaffarabadi,2,0,0,1,0,0,0,0,0,0,0
dataset/Buffalo/Jaffarabadi/image_209x165_1.jpg,image_209x165_1.jpg,Buffalo,Jaffarabadi,2,0,0,1,0,0,0,0,0,0,0
dataset/Buffalo/Jaffarabadi/image_223x226_9.jpg,image_223x226_9.jpg,Buffalo,Jaffarabadi,2,0,0,1,0,0,0,0,0,0,0
dataset/Buffalo/Jaffarabadi/image_225x225_2.jpg,image_225x225_2.jpg,Buffalo,Jaffarabadi,2,0,0,1,0,0,0,0,0,0,0
dataset/Buffalo/Jaffarabadi/image_225x225_3.jpg,image_225x225_3.jpg,Buffalo,Jaffarabadi,2,0,0,1,0,0,0,0,0,0,0
dataset/Buffalo/Jaffarabadi/image_225x225_4.jpg,image_225x225_4.jpg,Buffalo,Jaffarabadi,2,0,0,1,0,0,0,0,0,0,0
dataset/Buffalo/Jaffarabadi/image_225x225_6.jpg,image_225x225_6.jpg,Buffalo,Jaffarabadi,2,0,0,1,0,0,0,0,0,0,0
dataset/Buffalo/Jaffarabadi/image_225x225_7.jpg,image_225x225_7.jpg,Buffalo,Jaffarabadi,2,0,0,1,0,0,0,0,0,0,0
dataset/Buffalo/Jaffarabadi/image_225x225_8.jpg,image_225x225_8.jpg,Buffalo,Jaffarabadi,2,0,0,1,0,0,0,0,0,0,0
dataset/Buffalo/Jaffarabadi/image_234x215_2.jpg,image_234x215_2.jpg,Buffalo,Jaffarabadi,2,0,0,1,0,0,0,0,0,0,0
dataset/Buffalo/Jaffarabadi/image_240x210_1.jpg,image_240x210_1.jpg,Buffalo,Jaffarabadi,2,0,0,1,0,0,0,0,0,0,0
dataset/Buffalo/Jaffarabadi/image_250x141_1.jpg,image_250x141_1.jpg,Buffalo,Jaffarabadi,2,0,0,1,0,0,0,0,0,0,0
dataset/Buffalo/Jaffarabadi/image_250x186_14.jpg,image_250x186_14.jpg,Buffalo,Jaffarabadi,2,0,0,1,0,0,0,0,0,0,0
dataset/Buffalo/Jaffarabadi/image_251x201_2.jpg,image_251x201_2.jpg,Buffalo,Jaffarabadi,2,0,0,1,0,0,0,0,0,0,0
dataset/Buffalo/Jaffarabadi/image_251x201_3.jpg,image_251x201_3.jpg,Buffalo,Jaffarabadi,2,0,0,1,0,0,0,0,0,0,0
dataset/Buffalo/Jaffarabadi/image_251x201_4.jpg,image_251x201_4.jpg,Buffalo,Jaffarabadi,2,0,0,1,0,0,0,0,0,0,0
dataset/Buffalo/Jaffarabadi/image_258x195_5.jpg,image_258x195_5.jpg,Buffalo,Jaffarabadi,2,0,0,1,0,0,0,0,0,0,0
dataset/Buffalo/Jaffarabadi/image_259x194_10.jpg,image_259x194_10.jpg,Buffalo,Jaffarabadi,2,0,0,1,0,0,0,0,0,0,0
dataset/Buffalo/Jaffarabadi/image_259x194_11.jpg,image_259x194_11.jpg,Buffalo,Jaffarabadi,2,0,0,1,0,0,0,0,0,0,0
dataset/Buffalo/Jaffarabadi/image_259x194_12.jpg,image_259x194_12.jpg,Buffalo,Jaffarabadi,2,0,0,1,0,0,0,0,0,0,0
dataset/Buffalo/Jaffarabadi/image_259x194_13.jpg,image_259x194_13.jpg,Buffalo,Jaffarabadi,2,0,0,1,0,0,0,0,0,0,0
dataset/Buffalo/Jaffarabadi/image_259x194_6.jpg,image_259x194_6.jpg,Buffalo,Jaffarabadi,2,0,0,1,0,0,0,0,0,0,0
dataset/Buffalo/Jaffarabadi/image_259x194_7.jpg,image_259x194_7.jpg,Buffalo,Jaffarabadi,2,0,0,1,0,0,0,0,0,0,0
dataset/Buffalo/Jaffarabadi/image_259x194_8.jpg,image_259x194_8.jpg,Buffalo,Jaffarabadi,2,0,0,1,0,0,0,0,0,0,0
dataset/Buffalo/Jaffarabadi/image_259x194_9.jpg,image_259x194_9.jpg,Buffalo,Jaffarabadi,2,0,0,1,0,0,0,0,0,0,0
dataset/Buffalo/Jaffarabadi/image_266x190_1.jpg,image_266x190_1.jpg,Buffalo,Jaffarabadi,2,0,0,1,0,0,0,0,0,0,0
dataset/Buffalo/Jaffarabadi/image_267x189_2.jpg,image_267x189_2.jpg,Buffalo,Jaffarabadi,2,0,0,1,0,0,0,0,0,0,0
dataset/Buffalo/Jaffarabadi/image_271x186_4.jpg,image_271x186_4.jpg,Buffalo,Jaffarabadi,2,0,0,1,0,0,0,0,0,0,0
dataset/Buffalo/Jaffarabadi/image_275x183_10.jpg,image_275x183_10.jpg,Buffalo,Jaffarabadi,2,0,0,1,0,0,0,0,0,0,0
dataset/Buffalo/Jaffarabadi/image_275x183_11.jpg,image_275x183_11.jpg,Buffalo,Jaffarabadi,2,0,0,1,0,0,0,0,0,0,0
dataset/Buffalo/Jaffarabadi/image_275x183_6.jpg,image_275x183_6.jpg,Buffalo,Jaffarabadi,2,0,0,1,0,0,0,0,0,0,0
dataset/Buffalo/Jaffarabadi/image_275x183_7.jpg,image_275x183_7.jpg,Buffalo,Jaffarabadi,2,0,0,1,0,0,0,0,0,0,0
dataset/Buffalo/Jaffarabadi/image_275x183_8.jpg,image_275x183_8.jpg,Buffalo,Jaffarabadi,2,0,0,1,0,0,0,0,0,0,0
dataset/Buffalo/Jaffarabadi/image_275x183_9.jpg,image_275x183_9.jpg,Buffalo,Jaffarabadi,2,0,0,1,0,0,0,0,0,0,0
dataset/Buffalo/Jaffarabadi/image_276x183_1.jpg,image_276x183_1.jpg,Buffalo,Jaffarabadi,2,0,0,1,0,0,0,0,0,0,0
dataset/Buffalo/Jaffarabadi/image_276x183_2.jpg,image_276x183_2.jpg,Buffalo,Jaffarabadi,2,0,0,1,0,0,0,0,0,0,0
dataset/Buffalo/Jaffarabadi/image_277x182_3.jpg,image_277x182_3.jpg,Buffalo,Jaffarabadi,2,0,0,1,0,0,0,0,0,0,0
dataset/Buffalo/Jaffarabadi/image_278x181_12.jpg,image_278x181_12.jpg,Buffalo,Jaffarabadi,2,0,0,1,0,0,0,0,0,0,0
dataset/Buffalo/Jaffarabadi/image_281x179_13.jpg,image_281x179_13.jpg,Buffalo,Jaffarabadi,2,0,0,1,0,0,0,0,0,0,0
dataset/Buffalo/Jaffarabadi/image_286x176_5.jpg,image_286x176_5.jpg,Buffalo,Jaffarabadi,2,0,0,1,0,0,0,0,0,0,0
dataset/Buffalo/Jaffarabadi/image_299x168_10.jpg,image_299x168_10.jpg,Buffalo,Jaffarabadi,2,0,0,1,0,0,0,0,0,0,0
dataset/Buffalo/Jaffarabadi/image_299x168_11.jpg,image_299x168_11.jpg,Buffalo,Jaffarabadi,2,0,0,1,0,0,0,0,0,0,0
dataset/Buffalo/Jaffarabadi/image_300x168_3.jpg,image_300x168_3.jpg,Buffalo,Jaffarabadi,2,0,0,1,0,0,0,0,0,0,0
dataset/Buffalo/Jaffarabadi/image_300x168_4.jpg,image_300x168_4.jpg,Buffalo,Jaffarabadi,2,0,0,1,0,0,0,0,0,0,0
dataset/Buffalo/Jaffarabadi/image_300x168_5.jpg,image_300x168_5.jpg,Buffalo,Jaffarabadi,2,0,0,1,0,0,0,0,0,0,0
dataset/Buffalo/Jaffarabadi/image_300x168_6.jpg,image_300x168_6.jpg,Buffalo,Jaffarabadi,2,0,0,1,0,0,0,0,0,0,0
dataset/Buffalo/Jaffarabadi/image_300x168_7.jpg,image_300x168_7.jpg,Buffalo,Jaffarabadi,2,0,0,1,0,0,0,0,0,0,0
dataset/Buffalo/Jaffarabadi/image_300x168_8.jpg,image_300x168_8.jpg,Buffalo,Jaffarabadi,2,0,0,1,0,0,0,0,0,0,0
dataset/Buffalo/Jaffarabadi/image_301x167_9.jpg,image_301x167_9.jpg,Buffalo,Jaffarabadi,2,0,0,1,0,0,0,0,0,0,0
dataset/Buffalo/Jaffarabadi/image_301x168_1.jpg,image_301x168_1.jpg,Buffalo,Jaffarabadi,2,0,0,1,0,0,0,0,0,0,0
dataset/Buffalo/Jaffarabadi/image_302x167_2.jpg,image_302x167_2.jpg,Buffalo,Jaffarabadi,2,0,0,1,0,0,0,0,0,0,0
dataset/Buffalo/Jaffarabadi/image_317x159_2.jpg,image_317x159_2.jpg,Buffalo,Jaffarabadi,2,0,0,1,0,0,0,0,0,0,0
dataset/Buffalo/Jaffarabadi/image_318x159_1.jpg,image_318x159_1.jpg,Buffalo,Jaffarabadi,2,0,0,1,0,0,0,0,0,0,0
dataset/Buffalo/Jaffarabadi/image_389x129_1.jpg,image_389x129_1.jpg,Buffalo,Jaffarabadi,2,0,0,1,0,0,0,0,0,0,0
dataset/Buffalo/Jaffarabadi/image_50x50_1.jpg,image_50x50_1.jpg,Buffalo,Jaffarabadi,2,0,0,1,0,0,0,0,0,0,0
dataset/Buffalo/Jaffarabadi/image_50x50_10.jpg,image_50x50_10.jpg,Buffalo,Jaffarabadi,2,0,0,1,0,0,0,0,0,0,0
dataset/Buffalo/Jaffarabadi/image_50x50_11.jpg,image_50x50_11.jpg,Buffalo,Jaffarabadi,2,0,0,1,0,0,0,0,0,0,0
dataset/Buffalo/Jaffarabadi/image_50x50_12.jpg,image_50x50_12.jpg,Buffalo,Jaffarabadi,2,0,0,1,0,0,0,0,0,0,0
dataset/Buffalo/Jaffarabadi/image_50x50_13.jpg,image_50x50_13.jpg,Buffalo,Jaffarabadi,2,0,0,1,0,0,0,0,0,0,0
dataset/Buffalo/Jaffarabadi/image_50x50_14.jpg,image_50x50_14.jpg,Buffalo,Jaffarabadi,2,0,0,1,0,0,0,0,0,0,0
dataset/Buffalo/Jaffarabadi/image_50x50_2.jpg,image_50x50_2.jpg,Buffalo,Jaffarabadi,2,0,0,1,0,0,0,0,0,0,0
dataset/Buffalo/Jaffarabadi/image_50x50_3.jpg,image_50x50_3.jpg,Buffalo,Jaffarabadi,2,0,0,1,0,0,0,0,0,0,0
dataset/Buffalo/Jaffarabadi/image_50x50_4.jpg,image_50x50_4.jpg,Buffalo,Jaffarabadi,2,0,0,1,0,0,0,0,0,0,0
dataset/Buffalo/Jaffarabadi/image_50x50_5.jpg,image_50x50_5.jpg,Buffalo,Jaffarabadi,2,0,0,1,0,0,0,0,0,0,0
dataset/Buffalo/Jaffarabadi/image_50x50_6.jpg,image_50x50_6.jpg,Buffalo,Jaffarabadi,2,0,0,1,0,0,0,0,0,0,0
dataset/Buffalo/Jaffarabadi/image_50x50_7.jpg,image_50x50_7.jpg,Buffalo,Jaffarabadi,2,0,0,1,0,0,0,0,0,0,0
dataset/Buffalo/Jaffarabadi/image_50x50_8.jpg,image_50x50_8.jpg,Buffalo,Jaffarabadi,2,0,0,1,0,0,0,0,0,0,0
dataset/Buffalo/Jaffarabadi/image_50x50_9.jpg,image_50x50_9.jpg,Buffalo,Jaffarabadi,2,0,0,1,0,0,0,0,0,0,0
dataset/Buffalo/Jaffarabadi/instagram_buffalo_milk_animal_.jpg,instagram_buffalo_milk_animal_.jpg,Buffalo,Jaffarabadi,2,0,0,1,0,0,0,0,0,0,0
dataset/Buffalo/Jaffarabadi/jafarabadi_bhes_vechavani_che_-Buffalo_.jpg,jafarabadi_bhes_vechavani_che_-Buffalo_.jpg,Buffalo,Jaffarabadi,2,0,0,1,0,0,0,0,0,0,0
dataset/Buffalo/Jaffarabadi/jafarabadi_buffalo_-_Latest_Agriculture_.jpg,jafarabadi_buffalo_-_Latest_Agriculture_.jpg,Buffalo,Jaffarabadi,2,0,0,1,0,0,0,0,0,0,0
dataset/Buffalo/Jaffarabadi/jafarabadi_buffalo_breed_.jpg,jafarabadi_buffalo_breed_.jpg,Buffalo,Jaffarabadi,2,0,0,1,0,0,0,0,0,0,0
dataset/Buffalo/Jaffarabadi/jafarabadi_buffalo_dairyfarm_cattle_.jpg,jafarabadi_buffalo_dairyfarm_cattle_.jpg,Buffalo,Jaffarabadi,2,0,0,1,0,0,0,0,0,0,0
dataset/Buffalo/Jaffarabadi/jafarabadi_buffalo_gurkirpal_singh_.jpg,jafarabadi_buffalo_gurkirpal_singh_.jpg,Buffalo,Jaffarabadi,2,0,0,1,0,0,0,0,0,0,0
dataset/Buffalo/Jaffarabadi/jafarabadi_buffalo_ll_viral_reelvideo_.jpg,jafarabadi_buffalo_ll_viral_reelvideo_.jpg,Buffalo,Jaffarabadi,2,0,0,1,0,0,0,0,0,0,0
dataset/Buffalo/Jaffarabadi/jafarabadi_buffaloes.jpg,jafarabadi_buffaloes.jpg,Buffalo,Jaffarabadi,2,0,0,1,0,0,0,0,0,0,0
dataset/Buffalo/Jaffarabadi/jafrabadi (1).jpg,jafrabadi (1).jpg,Buffalo,Jaffarabadi,2,0,0,1,0,0,0,0,0,0,0
dataset/Buffalo/Jaffarabadi/jafrabadi.jpg,jafrabadi.jpg,Buffalo,Jaffarabadi,2,0,0,1,0,0,0,0,0,0,0
dataset/Buffalo/Jaffarabadi/jafrabadi_Jafarabadi_Buffalo_at_60000_ (2).jpg,jafrabadi_Jafarabadi_Buffalo_at_60000_ (2).jpg,Buffalo,Jaffarabadi,2,0,0,1,0,0,0,0,0,0,0
dataset/Buffalo/Jaffarabadi/jafrabadi_Jafarabadi_Buffalo_at_60000_.jpg,jafrabadi_Jafarabadi_Buffalo_at_60000_.jpg,Buffalo,Jaffarabadi,2,0,0,1,0,0,0,0,0,0,0
dataset/Buffalo/Jaffarabadi/jafrabadi_breeds_Buffalo_most_expensive_.jpg,jafrabadi_breeds_Buffalo_most_expensive_.jpg,Buffalo,Jaffarabadi,2,0,0,1,0,0,0,0,0,0,0
dataset/Buffalo/Jaffarabadi/murrah_cross_buffalo_for_sale_in_udaipur.jpg,murrah_cross_buffalo_for_sale_in_udaipur.jpg,Buffalo,Jaffarabadi,2,0,0,1,0,0,0,0,0,0,0
dataset/Buffalo/Jaffarabadi/pickup_.jpg,pickup_.jpg,Buffalo,Jaffarabadi,2,0,0,1,0,0,0,0,0,0,0
dataset/Buffalo/Jaffarabadi/shot_of_Powerful_bull_at_cattle_.jpg,shot_of_Powerful_bull_at_cattle_.jpg,Buffalo,Jaffarabadi,2,0,0,1,0,0,0,0,0,0,0
dataset/Buffalo/Jaffarabadi/vechavani_se_jafarabadi_-Buffalo_Buy-Sell.jpg,vechavani_se_jafarabadi_-Buffalo_Buy-Sell.jpg,Buffalo,Jaffarabadi,2,0,0,1,0,0,0,0,0,0,0
dataset/Buffalo/marathwada/BUFFALO_BREEDS (1).jpg,BUFFALO_BREEDS (1).jpg,Buffalo,marathwada,5,0,0,0,0,0,1,0,0,0,0
dataset/Buffalo/marathwada/BUFFALO_BREEDS (2).jpg,BUFFALO_BREEDS (2).jpg,Buffalo,marathwada,5,0,0,0,0,0,1,0,0,0,0
dataset/Buffalo/marathwada/BUFFALO_BREEDS.jpg,BUFFALO_BREEDS.jpg,Buffalo,marathwada,5,0,0,0,0,0,1,0,0,0,0
dataset/Buffalo/marathwada/Breeds_of_cattle_buffalo_Agriculture (1).jpg,Breeds_of_cattle_buffalo_Agriculture (1).jpg,Buffalo,marathwada,5,0,0,0,0,0,1,0,0,0,0
dataset/Buffalo/marathwada/Breeds_of_cattle_buffalo_Agriculture.jpg,Breeds_of_cattle_buffalo_Agriculture.jpg,Buffalo,marathwada,5,0,0,0,0,0,1,0,0,0,0
dataset/Buffalo/marathwada/Buffalo_Animal_Husbandry_Apni_Kheti (2).jpg,Buffalo_Animal_Husbandry_Apni_Kheti (2).jpg,Buffalo,marathwada,5,0,0,0,0,0,1,0,0,0,0
dataset/Buffalo/marathwada/Buffalo_Animal_Husbandry_Apni_Kheti.jpg,Buffalo_Animal_Husbandry_Apni_Kheti.jpg,Buffalo,marathwada,5,0,0,0,0,0,1,0,0,0,0
dataset/Buffalo/marathwada/Buffalo_Buffalo_Mother_Son_Stock_Image_.jpg,Buffalo_Buffalo_Mother_Son_Stock_Image_.jpg,Buffalo,marathwada,5,0,0,0,0,0,1,0,0,0,0
dataset/Buffalo/marathwada/Dairy_Business_Ideas_marathwadi_buffalo_.jpg,Dairy_Business_Ideas_marathwadi_buffalo_.jpg,Buffalo,marathwada,5,0,0,0,0,0,1,0,0,0,0
dataset/Buffalo/marathwada/Department_of_animal_husbandry_and_dairying (2).jpg,Department_of_animal_husbandry_and_dairying (2).jpg,Buffalo,marathwada,5,0,0,0,0,0,1,0,0,0,0
dataset/Buffalo/marathwada/Department_of_animal_husbandry_and_dairying.jpg,Department_of_animal_husbandry_and_dairying.jpg,Buffalo,marathwada,5,0,0,0,0,0,1,0,0,0,0
dataset/Buffalo/marathwada/Manda_Dairy_Knowledge_Portal (1).jpg,Manda_Dairy_Knowledge_Portal (1).jpg,Buffalo,marathwada,5,0,0,0,0,0,1,0,0,0,0
dataset/Buffalo/marathwada/Manda_Dairy_Knowledge_Portal.jpg,Manda_Dairy_Knowledge_Portal.jpg,Buffalo,marathwada,5,0,0,0,0,0,1,0,0,0,0
dataset/Buffalo/marathwada/Marathwadi_Buffalo_dairy_farming_.jpg,Marathwadi_Buffalo_dairy_farming_.jpg,Buffalo,marathwada,5,0,0,0,0,0,1,0,0,0,0
dataset/Buffalo/marathwada/Marathwadi_Buffalo_know_how_much_milk_.jpg,Marathwadi_Buffalo_know_how_much_milk_.jpg,Buffalo,marathwada,5,0,0,0,0,0,1,0,0,0,0
dataset/Buffalo/marathwada/Mehsana_Dairy_Knowledge_Portal (1).jpg,Mehsana_Dairy_Knowledge_Portal (1).jpg,Buffalo,marathwada,5,0,0,0,0,0,1,0,0,0,0
dataset/Buffalo/marathwada/Mehsana_Dairy_Knowledge_Portal.jpg,Mehsana_Dairy_Knowledge_Portal.jpg,Buffalo,marathwada,5,0,0,0,0,0,1,0,0,0,0
dataset/Buffalo/marathwada/Murrah_buffalo_-_Wikipedia.jpg,Murrah_buffalo_-_Wikipedia.jpg,Buffalo,marathwada,5,0,0,0,0,0,1,0,0,0,0
dataset/Buffalo/marathwada/Nagpuri_Buffalopedia.jpg,Nagpuri_Buffalopedia.jpg,Buffalo,marathwada,5,0,0,0,0,0,1,0,0,0,0
dataset/Buffalo/marathwada/Pandharpuri_Buffalo_Facts_Milk_.jpg,Pandharpuri_Buffalo_Facts_Milk_.jpg,Buffalo,marathwada,5,0,0,0,0,0,1,0,0,0,0
dataset/Buffalo/marathwada/Registered_buffalo_breeds_in_India_.jpg,Registered_buffalo_breeds_in_India_.jpg,Buffalo,marathwada,5,0,0,0,0,0,1,0,0,0,0
dataset/Buffalo/marathwada/The_Nali-Ravi_buffalo_of_Pakistan_.jpg,The_Nali-Ravi_buffalo_of_Pakistan_.jpg,Buffalo,marathwada,5,0,0,0,0,0,1,0,0,0,0
dataset/Buffalo/marathwada/Toda_Buffalo_Livestock_Information_.jpg,Toda_Buffalo_Livestock_Information_.jpg,Buffalo,marathwada,5,0,0,0,0,0,1,0,0,0,0
dataset/Buffalo/marathwada/VC6STAR_Pandharpuri_Buffalo_.jpg,VC6STAR_Pandharpuri_Buffalo_.jpg,Buffalo,marathwada,5,0,0,0,0,0,1,0,0,0,0
dataset/Buffalo/marathwada/Visually_searched_image (2).jpg,Visually_searched_image (2).jpg,Buffalo,marathwada,5,0,0,0,0,0,1,0,0,0,0
dataset/Buffalo/marathwada/Visually_searched_image.jpg,Visually_searched_image.jpg,Buffalo,marathwada,5,0,0,0,0,0,1,0,0,0,0
dataset/Buffalo/marathwada/Water_Buffalo_Murrah_Buffalo_.jpg,Water_Buffalo_Murrah_Buffalo_.jpg,Buffalo,marathwada,5,0,0,0,0,0,1,0,0,0,0
dataset/Buffalo/marathwada/_ (2).jpg,_ (2).jpg,Buffalo,marathwada,5,0,0,0,0,0,1,0,0,0,0
dataset/Buffalo/marathwada/_ (3).jpg,_ (3).jpg,Buffalo,marathwada,5,0,0,0,0,0,1,0,0,0,0
dataset/Buffalo/marathwada/_-_.jpg,_-_.jpg,Buffalo,marathwada,5,0,0,0,0,0,1,0,0,0,0
dataset/Buffalo/marathwada/_.jpg,_.jpg,Buffalo,marathwada,5,0,0,0,0,0,1,0,0,0,0
dataset/Buffalo/marathwada/_1_.jpg,_1_.jpg,Buffalo,marathwada,5,0,0,0,0,0,1,0,0,0,0
dataset/Buffalo/marathwada/_Buffalo_Breeds_in_.jpg,_Buffalo_Breeds_in_.jpg,Buffalo,marathwada,5,0,0,0,0,0,1,0,0,0,0
dataset/Buffalo/marathwada/breeds_analyses_breeding_males_.jpg,breeds_analyses_breeding_males_.jpg,Buffalo,marathwada,5,0,0,0,0,0,1,0,0,0,0
dataset/Buffalo/marathwada/fetal_monster_in_a_Marathwadi_buffalo.jpg,fetal_monster_in_a_Marathwadi_buffalo.jpg,Buffalo,marathwada,5,0,0,0,0,0,1,0,0,0,0
dataset/Buffalo/marathwada/image_140x107_1.jpg,image_140x107_1.jpg,Buffalo,marathwada,5,0,0,0,0,0,1,0,0,0,0
dataset/Buffalo/marathwada/image_168x153_1.jpg,image_168x153_1.jpg,Buffalo,marathwada,5,0,0,0,0,0,1,0,0,0,0
dataset/Buffalo/marathwada/image_168x299_33.jpg,image_168x299_33.jpg,Buffalo,marathwada,5,0,0,0,0,0,1,0,0,0,0
dataset/Buffalo/marathwada/image_168x300_1.jpg,image_168x300_1.jpg,Buffalo,marathwada,5,0,0,0,0,0,1,0,0,0,0
dataset/Buffalo/marathwada/image_168x300_10.jpg,image_168x300_10.jpg,Buffalo,marathwada,5,0,0,0,0,0,1,0,0,0,0
dataset/Buffalo/marathwada/image_168x300_11.jpeg,image_168x300_11.jpeg,Buffalo,marathwada,5,0,0,0,0,0,1,0,0,0,0
dataset/Buffalo/marathwada/image_168x300_12.jpg,image_168x300_12.jpg,Buffalo,marathwada,5,0,0,0,0,0,1,0,0,0,0
dataset/Buffalo/marathwada/image_168x300_13.jpg,image_168x300_13.jpg,Buffalo,marathwada,5,0,0,0,0,0,1,0,0,0,0
dataset/Buffalo/marathwada/image_168x300_14.jpg,image_168x300_14.jpg,Buffalo,marathwada,5,0,0,0,0,0,1,0,0,0,0
dataset/Buffalo/marathwada/image_168x300_15.jpg,image_168x300_15.jpg,Buffalo,marathwada,5,0,0,0,0,0,1,0,0,0,0
dataset/Buffalo/marathwada/image_168x300_16.jpg,image_168x300_16.jpg,Buffalo,marathwada,5,0,0,0,0,0,1,0,0,0,0
dataset/Buffalo/marathwada/image_168x300_17.jpg,image_168x300_17.jpg,Buffalo,marathwada,5,0,0,0,0,0,1,0,0,0,0
dataset/Buffalo/marathwada/image_168x300_18.jpg,image_168x300_18.jpg,Buffalo,marathwada,5,0,0,0,0,0,1,0,0,0,0
dataset/Buffalo/marathwada/image_168x300_2.jpg,image_168x300_2.jpg,Buffalo,marathwada,5,0,0,0,0,0,1,0,0,0,0
dataset/Buffalo/marathwada/image_168x300_20.jpg,image_168x300_20.jpg,Buffalo,marathwada,5,0,0,0,0,0,1,0,0,0,0
dataset/Buffalo/marathwada/image_168x300_21.jpg,image_168x300_21.jpg,Buffalo,marathwada,5,0,0,0,0,0,1,0,0,0,0
dataset/Buffalo/marathwada/image_168x300_22.jpg,image_168x300_22.jpg,Buffalo,marathwada,5,0,0,0,0,0,1,0,0,0,0
dataset/Buffalo/marathwada/image_168x300_23.jpg,image_168x300_23.jpg,Buffalo,marathwada,5,0,0,0,0,0,1,0,0,0,0
dataset/Buffalo/marathwada/image_168x300_24.jpg,image_168x300_24.jpg,Buffalo,marathwada,5,0,0,0,0,0,1,0,0,0,0
dataset/Buffalo/marathwada/image_168x300_25.jpg,image_168x300_25.jpg,Buffalo,marathwada,5,0,0,0,0,0,1,0,0,0,0
dataset/Buffalo/marathwada/image_168x300_26.jpg,image_168x300_26.jpg,Buffalo,marathwada,5,0,0,0,0,0,1,0,0,0,0
dataset/Buffalo/marathwada/image_168x300_27.jpg,image_168x300_27.jpg,Buffalo,marathwada,5,0,0,0,0,0,1,0,0,0,0
dataset/Buffalo/marathwada/image_168x300_28.jpg,image_168x300_28.jpg,Buffalo,marathwada,5,0,0,0,0,0,1,0,0,0,0
dataset/Buffalo/marathwada/image_168x300_29.jpg,image_168x300_29.jpg,Buffalo,marathwada,5,0,0,0,0,0,1,0,0,0,0
dataset/Buffalo/marathwada/image_168x300_3.jpg,image_168x300_3.jpg,Buffalo,marathwada,5,0,0,0,0,0,1,0,0,0,0
dataset/Buffalo/marathwada/image_168x300_30.jpg,image_168x300_30.jpg,Buffalo,marathwada,5,0,0,0,0,0,1,0,0,0,0
dataset/Buffalo/marathwada/image_168x300_31.jpg,image_168x300_31.jpg,Buffalo,marathwada,5,0,0,0,0,0,1,0,0,0,0
dataset/Buffalo/marathwada/image_168x300_32.jpg,image_168x300_32.jpg,Buffalo,marathwada,5,0,0,0,0,0,1,0,0,0,0
dataset/Buffalo/marathwada/image_168x300_4.jpg,image_168x300_4.jpg,Buffalo,marathwada,5,0,0,0,0,0,1,0,0,0,0
dataset/Buffalo/marathwada/image_168x300_5.jpg,image_168x300_5.jpg,Buffalo,marathwada,5,0,0,0,0,0,1,0,0,0,0
dataset/Buffalo/marathwada/image_168x300_6.jpg,image_168x300_6.jpg,Buffalo,marathwada,5,0,0,0,0,0,1,0,0,0,0
dataset/Buffalo/marathwada/image_168x300_7.jpg,image_168x300_7.jpg,Buffalo,marathwada,5,0,0,0,0,0,1,0,0,0,0
dataset/Buffalo/marathwada/image_168x300_8.jpg,image_168x300_8.jpg,Buffalo,marathwada,5,0,0,0,0,0,1,0,0,0,0
dataset/Buffalo/marathwada/image_168x300_9.jpg,image_168x300_9.jpg,Buffalo,marathwada,5,0,0,0,0,0,1,0,0,0,0
dataset/Buffalo/marathwada/image_169x299_19.jpg,image_169x299_19.jpg,Buffalo,marathwada,5,0,0,0,0,0,1,0,0,0,0
dataset/Buffalo/marathwada/image_176x176_56.jpg,image_176x176_56.jpg,Buffalo,marathwada,5,0,0,0,0,0,1,0,0,0,0
dataset/Buffalo/marathwada/image_180x200_55.jpg,image_180x200_55.jpg,Buffalo,marathwada,5,0,0,0,0,0,1,0,0,0,0
dataset/Buffalo/marathwada/image_181x279_54.jpg,image_181x279_54.jpg,Buffalo,marathwada,5,0,0,0,0,0,1,0,0,0,0
dataset/Buffalo/marathwada/image_193x261_63.jpg,image_193x261_63.jpg,Buffalo,marathwada,5,0,0,0,0,0,1,0,0,0,0
dataset/Buffalo/marathwada/image_194x259_51.jpg,image_194x259_51.jpg,Buffalo,marathwada,5,0,0,0,0,0,1,0,0,0,0
dataset/Buffalo/marathwada/image_194x259_52.jpg,image_194x259_52.jpg,Buffalo,marathwada,5,0,0,0,0,0,1,0,0,0,0
dataset/Buffalo/marathwada/image_200x150_57.jpg,image_200x150_57.jpg,Buffalo,marathwada,5,0,0,0,0,0,1,0,0,0,0
dataset/Buffalo/marathwada/image_217x232_5.jpg,image_217x232_5.jpg,Buffalo,marathwada,5,0,0,0,0,0,1,0,0,0,0
dataset/Buffalo/marathwada/image_225x225_3.jpg,image_225x225_3.jpg,Buffalo,marathwada,5,0,0,0,0,0,1,0,0,0,0
dataset/Buffalo/marathwada/image_225x225_4.jpg,image_225x225_4.jpg,Buffalo,marathwada,5,0,0,0,0,0,1,0,0,0,0
dataset/Buffalo/marathwada/image_225x225_45.jpg,image_225x225_45.jpg,Buffalo,marathwada,5,0,0,0,0,0,1,0,0,0,0
dataset/Buffalo/marathwada/image_225x225_46.jpg,image_225x225_46.jpg,Buffalo,marathwada,5,0,0,0,0,0,1,0,0,0,0
dataset/Buffalo/marathwada/image_225x225_47.jpg,image_225x225_47.jpg,Buffalo,marathwada,5,0,0,0,0,0,1,0,0,0,0
dataset/Buffalo/marathwada/image_225x225_55.jpg,image_225x225_55.jpg,Buffalo,marathwada,5,0,0,0,0,0,1,0,0,0,0
dataset/Buffalo/marathwada/image_225x225_56.jpg,image_225x225_56.jpg,Buffalo,marathwada,5,0,0,0,0,0,1,0,0,0,0
dataset/Buffalo/marathwada/image_225x225_57.jpg,image_225x225_57.jpg,Buffalo,marathwada,5,0,0,0,0,0,1,0,0,0,0
dataset/Buffalo/marathwada/image_225x225_58.jpg,image_225x225_58.jpg,Buffalo,marathwada,5,0,0,0,0,0,1,0,0,0,0
dataset/Buffalo/marathwada/image_246x205_1.jpg,image_246x205_1.jpg,Buffalo,marathwada,5,0,0,0,0,0,1,0,0,0,0
dataset/Buffalo/marathwada/image_249x202_64.jpg,image_249x202_64.jpg,Buffalo,marathwada,5,0,0,0,0,0,1,0,0,0,0
dataset/Buffalo/marathwada/image_251x201_2.jpg,image_251x201_2.jpg,Buffalo,marathwada,5,0,0,0,0,0,1,0,0,0,0
dataset/Buffalo/marathwada/image_252x200_35.jpg,image_252x200_35.jpg,Buffalo,marathwada,5,0,0,0,0,0,1,0,0,0,0
dataset/Buffalo/marathwada/image_255x197_46.jpg,image_255x197_46.jpg,Buffalo,marathwada,5,0,0,0,0,0,1,0,0,0,0
dataset/Buffalo/marathwada/image_255x198_1.jpg,image_255x198_1.jpg,Buffalo,marathwada,5,0,0,0,0,0,1,0,0,0,0
dataset/Buffalo/marathwada/image_258x195_5.jpg,image_258x195_5.jpg,Buffalo,marathwada,5,0,0,0,0,0,1,0,0,0,0
dataset/Buffalo/marathwada/image_259x194_10.jpg,image_259x194_10.jpg,Buffalo,marathwada,5,0,0,0,0,0,1,0,0,0,0
dataset/Buffalo/marathwada/image_259x194_11.jpg,image_259x194_11.jpg,Buffalo,marathwada,5,0,0,0,0,0,1,0,0,0,0
dataset/Buffalo/marathwada/image_259x194_12.jpg,image_259x194_12.jpg,Buffalo,marathwada,5,0,0,0,0,0,1,0,0,0,0
dataset/Buffalo/marathwada/image_259x194_37.jpg,image_259x194_37.jpg,Buffalo,marathwada,5,0,0,0,0,0,1,0,0,0,0
dataset/Buffalo/marathwada/image_259x194_38.jpg,image_259x194_38.jpg,Buffalo,marathwada,5,0,0,0,0,0,1,0,0,0,0
dataset/Buffalo/marathwada/image_259x194_39 (2).jpg,image_259x194_39 (2).jpg,Buffalo,marathwada,5,0,0,0,0,0,1,0,0,0,0
dataset/Buffalo/marathwada/image_259x194_39.jpg,image_259x194_39.jpg,Buffalo,marathwada,5,0,0,0,0,0,1,0,0,0,0
dataset/Buffalo/marathwada/image_259x194_40 (2).jpg,image_259x194_40 (2).jpg,Buffalo,marathwada,5,0,0,0,0,0,1,0,0,0,0
dataset/Buffalo/marathwada/image_259x194_40.jpg,image_259x194_40.jpg,Buffalo,marathwada,5,0,0,0,0,0,1,0,0,0,0
dataset/Buffalo/marathwada/image_259x194_41.jpeg,image_259x194_41.jpeg,Buffalo,marathwada,5,0,0,0,0,0,1,0,0,0,0
dataset/Buffalo/marathwada/image_259x194_41.jpg,image_259x194_41.jpg,Buffalo,marathwada,5,0,0,0,0,0,1,0,0,0,0
dataset/Buffalo/marathwada/image_259x194_42 (2).jpg,image_259x194_42 (2).jpg,Buffalo,marathwada,5,0,0,0,0,0,1,0,0,0,0
dataset/Buffalo/marathwada/image_259x194_42.jpg,image_259x194_42.jpg,Buffalo,marathwada,5,0,0,0,0,0,1,0,0,0,0
dataset/Buffalo/marathwada/image_259x194_43 (2).jpg,image_259x194_43 (2).jpg,Buffalo,marathwada,5,0,0,0,0,0,1,0,0,0,0
dataset/Buffalo/marathwada/image_259x194_43.jpg,image_259x194_43.jpg,Buffalo,marathwada,5,0,0,0,0,0,1,0,0,0,0
dataset/Buffalo/marathwada/image_259x194_44.jpg,image_259x194_44.jpg,Buffalo,marathwada,5,0,0,0,0,0,1,0,0,0,0
dataset/Buffalo/marathwada/image_259x194_45.jpg,image_259x194_45.jpg,Buffalo,marathwada,5,0,0,0,0,0,1,0,0,0,0
dataset/Buffalo/marathwada/image_259x194_7.jpg,image_259x194_7.jpg,Buffalo,marathwada,5,0,0,0,0,0,1,0,0,0,0
dataset/Buffalo/marathwada/image_259x194_8.jpg,image_259x194_8.jpg,Buffalo,marathwada,5,0,0,0,0,0,1,0,0,0,0
dataset/Buffalo/marathwada/image_259x194_9.jpg,image_259x194_9.jpg,Buffalo,marathwada,5,0,0,0,0,0,1,0,0,0,0
dataset/Buffalo/marathwada/image_260x194_38.jpg,image_260x194_38.jpg,Buffalo,marathwada,5,0,0,0,0,0,1,0,0,0,0
dataset/Buffalo/marathwada/image_262x193_34.jpg,image_262x193_34.jpg,Buffalo,marathwada,5,0,0,0,0,0,1,0,0,0,0
dataset/Buffalo/marathwada/image_264x191_3.jpg,image_264x191_3.jpg,Buffalo,marathwada,5,0,0,0,0,0,1,0,0,0,0
dataset/Buffalo/marathwada/image_264x191_4.jpg,image_264x191_4.jpg,Buffalo,marathwada,5,0,0,0,0,0,1,0,0,0,0
dataset/Buffalo/marathwada/image_266x189_6.jpg,image_266x189_6.jpg,Buffalo,marathwada,5,0,0,0,0,0,1,0,0,0,0
dataset/Buffalo/marathwada/image_270x186_7.jpg,image_270x186_7.jpg,Buffalo,marathwada,5,0,0,0,0,0,1,0,0,0,0
dataset/Buffalo/marathwada/image_271x186_1.jpg,image_271x186_1.jpg,Buffalo,marathwada,5,0,0,0,0,0,1,0,0,0,0
dataset/Buffalo/marathwada/image_272x185_62.jpg,image_272x185_62.jpg,Buffalo,marathwada,5,0,0,0,0,0,1,0,0,0,0
dataset/Buffalo/marathwada/image_273x184_6.jpg,image_273x184_6.jpg,Buffalo,marathwada,5,0,0,0,0,0,1,0,0,0,0
dataset/Buffalo/marathwada/image_274x184_59.jpg,image_274x184_59.jpg,Buffalo,marathwada,5,0,0,0,0,0,1,0,0,0,0
dataset/Buffalo/marathwada/image_275x183_2.jpg,image_275x183_2.jpg,Buffalo,marathwada,5,0,0,0,0,0,1,0,0,0,0
dataset/Buffalo/marathwada/image_275x183_3.jpg,image_275x183_3.jpg,Buffalo,marathwada,5,0,0,0,0,0,1,0,0,0,0
dataset/Buffalo/marathwada/image_275x183_49.jpg,image_275x183_49.jpg,Buffalo,marathwada,5,0,0,0,0,0,1,0,0,0,0
dataset/Buffalo/marathwada/image_275x183_50.jpg,image_275x183_50.jpg,Buffalo,marathwada,5,0,0,0,0,0,1,0,0,0,0
dataset/Buffalo/marathwada/image_275x183_60.jpg,image_275x183_60.jpg,Buffalo,marathwada,5,0,0,0,0,0,1,0,0,0,0
dataset/Buffalo/marathwada/image_275x183_61.jpg,image_275x183_61.jpg,Buffalo,marathwada,5,0,0,0,0,0,1,0,0,0,0
dataset/Buffalo/marathwada/image_278x181_4.jpg,image_278x181_4.jpg,Buffalo,marathwada,5,0,0,0,0,0,1,0,0,0,0
dataset/Buffalo/marathwada/image_278x181_5.jpg,image_278x181_5.jpg,Buffalo,marathwada,5,0,0,0,0,0,1,0,0,0,0
dataset/Buffalo/marathwada/image_281x180_48.jpg,image_281x180_48.jpg,Buffalo,marathwada,5,0,0,0,0,0,1,0,0,0,0
dataset/Buffalo/marathwada/image_289x175_53.jpg,image_289x175_53.jpg,Buffalo,marathwada,5,0,0,0,0,0,1,0,0,0,0
dataset/Buffalo/marathwada/image_296x170_9.jpg,image_296x170_9.jpg,Buffalo,marathwada,5,0,0,0,0,0,1,0,0,0,0
dataset/Buffalo/marathwada/image_298x169_7.jpg,image_298x169_7.jpg,Buffalo,marathwada,5,0,0,0,0,0,1,0,0,0,0
dataset/Buffalo/marathwada/image_299x168_12.jpg,image_299x168_12.jpg,Buffalo,marathwada,5,0,0,0,0,0,1,0,0,0,0
dataset/Buffalo/marathwada/image_299x168_37.jpg,image_299x168_37.jpg,Buffalo,marathwada,5,0,0,0,0,0,1,0,0,0,0
dataset/Buffalo/marathwada/image_299x168_53.jpg,image_299x168_53.jpg,Buffalo,marathwada,5,0,0,0,0,0,1,0,0,0,0
dataset/Buffalo/marathwada/image_299x168_54.jpg,image_299x168_54.jpg,Buffalo,marathwada,5,0,0,0,0,0,1,0,0,0,0
dataset/Buffalo/marathwada/image_300x168_3.jpg,image_300x168_3.jpg,Buffalo,marathwada,5,0,0,0,0,0,1,0,0,0,0
dataset/Buffalo/marathwada/image_300x168_30.jpg,image_300x168_30.jpg,Buffalo,marathwada,5,0,0,0,0,0,1,0,0,0,0
dataset/Buffalo/marathwada/image_300x168_31.jpg,image_300x168_31.jpg,Buffalo,marathwada,5,0,0,0,0,0,1,0,0,0,0
dataset/Buffalo/marathwada/image_300x168_32.jpg,image_300x168_32.jpg,Buffalo,marathwada,5,0,0,0,0,0,1,0,0,0,0
dataset/Buffalo/marathwada/image_300x168_33.jpg,image_300x168_33.jpg,Buffalo,marathwada,5,0,0,0,0,0,1,0,0,0,0
dataset/Buffalo/marathwada/image_300x168_34.jpg,image_300x168_34.jpg,Buffalo,marathwada,5,0,0,0,0,0,1,0,0,0,0
dataset/Buffalo/marathwada/image_300x168_4.jpg,image_300x168_4.jpg,Buffalo,marathwada,5,0,0,0,0,0,1,0,0,0,0
dataset/Buffalo/marathwada/image_300x168_47.jpg,image_300x168_47.jpg,Buffalo,marathwada,5,0,0,0,0,0,1,0,0,0,0
dataset/Buffalo/marathwada/image_300x168_48.jpg,image_300x168_48.jpg,Buffalo,marathwada,5,0,0,0,0,0,1,0,0,0,0
dataset/Buffalo/marathwada/image_300x168_49.jpg,image_300x168_49.jpg,Buffalo,marathwada,5,0,0,0,0,0,1,0,0,0,0
dataset/Buffalo/marathwada/image_300x168_5.jpg,image_300x168_5.jpg,Buffalo,marathwada,5,0,0,0,0,0,1,0,0,0,0
dataset/Buffalo/marathwada/image_300x168_50.jpg,image_300x168_50.jpg,Buffalo,marathwada,5,0,0,0,0,0,1,0,0,0,0
dataset/Buffalo/marathwada/image_300x168_51.jpg,image_300x168_51.jpg,Buffalo,marathwada,5,0,0,0,0,0,1,0,0,0,0
dataset/Buffalo/marathwada/image_300x168_52.jpg,image_300x168_52.jpg,Buffalo,marathwada,5,0,0,0,0,0,1,0,0,0,0
dataset/Buffalo/marathwada/image_301x167_10.jpg,image_301x167_10.jpg,Buffalo,marathwada,5,0,0,0,0,0,1,0,0,0,0
dataset/Buffalo/marathwada/image_302x167_1.jpg,image_302x167_1.jpg,Buffalo,marathwada,5,0,0,0,0,0,1,0,0,0,0
dataset/Buffalo/marathwada/image_305x165_36.jpg,image_305x165_36.jpg,Buffalo,marathwada,5,0,0,0,0,0,1,0,0,0,0
dataset/Buffalo/marathwada/image_305x165_8.jpg,image_305x165_8.jpg,Buffalo,marathwada,5,0,0,0,0,0,1,0,0,0,0
dataset/Buffalo/marathwada/image_311x162_35.jpg,image_311x162_35.jpg,Buffalo,marathwada,5,0,0,0,0,0,1,0,0,0,0
dataset/Buffalo/marathwada/image_311x162_6.jpg,image_311x162_6.jpg,Buffalo,marathwada,5,0,0,0,0,0,1,0,0,0,0
dataset/Buffalo/marathwada/image_334x151_1.jpg,image_334x151_1.jpg,Buffalo,marathwada,5,0,0,0,0,0,1,0,0,0,0
dataset/Buffalo/marathwada/image_50x50_1.jpg,image_50x50_1.jpg,Buffalo,marathwada,5,0,0,0,0,0,1,0,0,0,0
dataset/Buffalo/marathwada/image_50x50_2.jpg,image_50x50_2.jpg,Buffalo,marathwada,5,0,0,0,0,0,1,0,0,0,0
dataset/Buffalo/marathwada/image_50x50_3.jpg,image_50x50_3.jpg,Buffalo,marathwada,5,0,0,0,0,0,1,0,0,0,0
dataset/Buffalo/marathwada/image_50x50_4.jpg,image_50x50_4.jpg,Buffalo,marathwada,5,0,0,0,0,0,1,0,0,0,0
dataset/Buffalo/marathwada/image_50x50_5.jpg,image_50x50_5.jpg,Buffalo,marathwada,5,0,0,0,0,0,1,0,0,0,0
dataset/Buffalo/marathwada/image_50x50_6.jpg,image_50x50_6.jpg,Buffalo,marathwada,5,0,0,0,0,0,1,0,0,0,0
dataset/Buffalo/marathwada/image_50x50_7.jpg,image_50x50_7.jpg,Buffalo,marathwada,5,0,0,0,0,0,1,0,0,0,0
dataset/Buffalo/marathwada/image_50x50_8.jpg,image_50x50_8.jpg,Buffalo,marathwada,5,0,0,0,0,0,1,0,0,0,0
dataset/Buffalo/marathwada/image_50x50_9.jpg,image_50x50_9.jpg,Buffalo,marathwada,5,0,0,0,0,0,1,0,0,0,0
dataset/Buffalo/marathwada/marathvadi_Buffalo_Breeds_ (1).jpg,marathvadi_Buffalo_Breeds_ (1).jpg,Buffalo,marathwada,5,0,0,0,0,0,1,0,0,0,0
dataset/Buffalo/marathwada/rx100_racing_clubbing_trending_song.jpg,rx100_racing_clubbing_trending_song.jpg,Buffalo,marathwada,5,0,0,0,0,0,1,0,0,0,0
dataset/Buffalo/surti/131_Murrah_Buffalo_for_Dairy_Farming_ (1).jpg,131_Murrah_Buffalo_for_Dairy_Farming_ (1).jpg,Buffalo,surti,8,0,0,0,0,0,0,0,0,1,0
dataset/Buffalo/surti/Best_Murrah_Breed_Buffalo_Price_Near_Me_.jpg,Best_Murrah_Breed_Buffalo_Price_Near_Me_.jpg,Buffalo,surti,8,0,0,0,0,0,0,0,0,1,0
dataset/Buffalo/surti/Black_Murrah_Buffalo_Supplier_.jpg,Black_Murrah_Buffalo_Supplier_.jpg,Buffalo,surti,8,0,0,0,0,0,0,0,0,1,0
dataset/Buffalo/surti/Black_Murrah_Buffalo_at_18000000_INR_.jpg,Black_Murrah_Buffalo_at_18000000_INR_.jpg,Buffalo,surti,8,0,0,0,0,0,0,0,0,1,0
dataset/Buffalo/surti/Buffalo_lover_murrah_buffalo_.jpg,Buffalo_lover_murrah_buffalo_.jpg,Buffalo,surti,8,0,0,0,0,0,0,0,0,1,0
dataset/Buffalo/surti/Buy_INDIAN_MURRAH_BUFFALO_at_Wholesale_ (1).jpg,Buy_INDIAN_MURRAH_BUFFALO_at_Wholesale_ (1).jpg,Buffalo,surti,8,0,0,0,0,0,0,0,0,1,0
dataset/Buffalo/surti/Buy_Indian_Murrah_Buffalo_at_Wholesale_.jpg,Buy_Indian_Murrah_Buffalo_at_Wholesale_.jpg,Buffalo,surti,8,0,0,0,0,0,0,0,0,1,0
dataset/Buffalo/surti/Buy_MURRAH_BREED_BUFFALO_at_Wholesale_.jpg,Buy_MURRAH_BREED_BUFFALO_at_Wholesale_.jpg,Buffalo,surti,8,0,0,0,0,0,0,0,0,1,0
dataset/Buffalo/surti/Buy_Murrah_Buffalo_at_Wholesale_Price_ (1).jpg,Buy_Murrah_Buffalo_at_Wholesale_Price_ (1).jpg,Buffalo,surti,8,0,0,0,0,0,0,0,0,1,0
dataset/Buffalo/surti/Buy_Murrah_Buffalo_at_Wholesale_Price_.jpg,Buy_Murrah_Buffalo_at_Wholesale_Price_.jpg,Buffalo,surti,8,0,0,0,0,0,0,0,0,1,0
dataset/Buffalo/surti/Cattles_Ox_Buffalo_Sheep_Goat_.jpg,Cattles_Ox_Buffalo_Sheep_Goat_.jpg,Buffalo,surti,8,0,0,0,0,0,0,0,0,1,0
dataset/Buffalo/surti/Cows_Cattles_Ox_Buffalo_Sheep_Goat_ (1).jpg,Cows_Cattles_Ox_Buffalo_Sheep_Goat_ (1).jpg,Buffalo,surti,8,0,0,0,0,0,0,0,0,1,0
dataset/Buffalo/surti/Cows_Cattles_Ox_Buffalo_Sheep_Goat_.jpg,Cows_Cattles_Ox_Buffalo_Sheep_Goat_.jpg,Buffalo,surti,8,0,0,0,0,0,0,0,0,1,0
dataset/Buffalo/surti/High_Milking_Pure_Breed_Murrah_Buffalo_.jpg,High_Milking_Pure_Breed_Murrah_Buffalo_.jpg,Buffalo,surti,8,0,0,0,0,0,0,0,0,1,0
dataset/Buffalo/surti/High_Quality_Murrah_Buffalo_PNG_.jpg,High_Quality_Murrah_Buffalo_PNG_.jpg,Buffalo,surti,8,0,0,0,0,0,0,0,0,1,0
dataset/Buffalo/surti/High_Yield_Murrah_Buffalo_Supplier_.jpg,High_Yield_Murrah_Buffalo_Supplier_.jpg,Buffalo,surti,8,0,0,0,0,0,0,0,0,1,0
dataset/Buffalo/surti/Indian_Black_Murrah_Buffalo_Price_.jpg,Indian_Black_Murrah_Buffalo_Price_.jpg,Buffalo,surti,8,0,0,0,0,0,0,0,0,1,0
dataset/Buffalo/surti/Indian_Black_Murrah_Buffalo_Superior_.jpg,Indian_Black_Murrah_Buffalo_Superior_.jpg,Buffalo,surti,8,0,0,0,0,0,0,0,0,1,0
dataset/Buffalo/surti/Indian_Murrah_Buffalo_Premium_Breed_for_.jpg,Indian_Murrah_Buffalo_Premium_Breed_for_.jpg,Buffalo,surti,8,0,0,0,0,0,0,0,0,1,0
dataset/Buffalo/surti/Indian_Pure_Murrah_Buffalo_for_Sale_at_.jpg,Indian_Pure_Murrah_Buffalo_for_Sale_at_.jpg,Buffalo,surti,8,0,0,0,0,0,0,0,0,1,0
dataset/Buffalo/surti/Jafarabadi_Buffalo_Milk_Per_Day_.jpg,Jafarabadi_Buffalo_Milk_Per_Day_.jpg,Buffalo,surti,8,0,0,0,0,0,0,0,0,1,0
dataset/Buffalo/surti/Jafrabadi_buffalo_jafrabadibuffalo_ (1).jpg,Jafrabadi_buffalo_jafrabadibuffalo_ (1).jpg,Buffalo,surti,8,0,0,0,0,0,0,0,0,1,0
dataset/Buffalo/surti/Jafrabadi_buffalo_jafrabadibuffalo_.jpg,Jafrabadi_buffalo_jafrabadibuffalo_.jpg,Buffalo,surti,8,0,0,0,0,0,0,0,0,1,0
dataset/Buffalo/surti/Jet_Black_Murrah_Buffalo_-_Premium_.jpg,Jet_Black_Murrah_Buffalo_-_Premium_.jpg,Buffalo,surti,8,0,0,0,0,0,0,0,0,1,0
dataset/Buffalo/surti/Kissan_Dairy_Farm.jpg,Kissan_Dairy_Farm.jpg,Buffalo,surti,8,0,0,0,0,0,0,0,0,1,0
dataset/Buffalo/surti/Manjeet_Singh_Fauji_Dairy_form_Haryana_.jpg,Manjeet_Singh_Fauji_Dairy_form_Haryana_.jpg,Buffalo,surti,8,0,0,0,0,0,0,0,0,1,0
dataset/Buffalo/surti/Mansa_Dairy_Farm.jpg,Mansa_Dairy_Farm.jpg,Buffalo,surti,8,0,0,0,0,0,0,0,0,1,0
dataset/Buffalo/surti/Milking_Murrah_Buffalo_Female_750kg_.jpg,Milking_Murrah_Buffalo_Female_750kg_.jpg,Buffalo,surti,8,0,0,0,0,0,0,0,0,1,0
dataset/Buffalo/surti/Murrah_Baffalo_Supplier_at_Best_Price_.jpg,Murrah_Baffalo_Supplier_at_Best_Price_.jpg,Buffalo,surti,8,0,0,0,0,0,0,0,0,1,0
dataset/Buffalo/surti/Murrah_Buffalo-14_Liter_-_TabelaWala.jpg,Murrah_Buffalo-14_Liter_-_TabelaWala.jpg,Buffalo,surti,8,0,0,0,0,0,0,0,0,1,0
dataset/Buffalo/surti/Murrah_Buffalo.jpg,Murrah_Buffalo.jpg,Buffalo,surti,8,0,0,0,0,0,0,0,0,1,0
dataset/Buffalo/surti/Murrah_BuffaloKangar_Dairy_Farm.jpg,Murrah_BuffaloKangar_Dairy_Farm.jpg,Buffalo,surti,8,0,0,0,0,0,0,0,0,1,0
dataset/Buffalo/surti/Murrah_BuffaloNand_pari_Dairy_Farm.jpg,Murrah_BuffaloNand_pari_Dairy_Farm.jpg,Buffalo,surti,8,0,0,0,0,0,0,0,0,1,0
dataset/Buffalo/surti/Murrah_BuffaloShri_Ganesh_Dairy_Farm.jpg,Murrah_BuffaloShri_Ganesh_Dairy_Farm.jpg,Buffalo,surti,8,0,0,0,0,0,0,0,0,1,0
dataset/Buffalo/surti/Murrah_BuffaloSuresh_Dairy_Farm.jpg,Murrah_BuffaloSuresh_Dairy_Farm.jpg,Buffalo,surti,8,0,0,0,0,0,0,0,0,1,0
dataset/Buffalo/surti/Murrah_Buffalo_-_58_Inch_Height_15-20_.jpg,Murrah_Buffalo_-_58_Inch_Height_15-20_.jpg,Buffalo,surti,8,0,0,0,0,0,0,0,0,1,0
dataset/Buffalo/surti/Murrah_Buffalo_.jpg,Murrah_Buffalo_.jpg,Buffalo,surti,8,0,0,0,0,0,0,0,0,1,0
dataset/Buffalo/surti/Murrah_Buffalo_A_Profitable_Investment_.jpg,Murrah_Buffalo_A_Profitable_Investment_.jpg,Buffalo,surti,8,0,0,0,0,0,0,0,0,1,0
dataset/Buffalo/surti/Murrah_Buffalo_Calf_For_Dairy_Use_.jpg,Murrah_Buffalo_Calf_For_Dairy_Use_.jpg,Buffalo,surti,8,0,0,0,0,0,0,0,0,1,0
dataset/Buffalo/surti/Murrah_Buffalo_Royalty-Free_Images_.jpg,Murrah_Buffalo_Royalty-Free_Images_.jpg,Buffalo,surti,8,0,0,0,0,0,0,0,0,1,0
dataset/Buffalo/surti/Murrah_Buffalo_Supplier_.jpg,Murrah_Buffalo_Supplier_.jpg,Buffalo,surti,8,0,0,0,0,0,0,0,0,1,0
dataset/Buffalo/surti/Murrah_Buffalo_Wholesalers_in_Bangalore_.jpg,Murrah_Buffalo_Wholesalers_in_Bangalore_.jpg,Buffalo,surti,8,0,0,0,0,0,0,0,0,1,0
dataset/Buffalo/surti/Murrah_Buffalo_With_Calf_Premium_Dairy_.jpg,Murrah_Buffalo_With_Calf_Premium_Dairy_.jpg,Buffalo,surti,8,0,0,0,0,0,0,0,0,1,0
dataset/Buffalo/surti/Murrah_Buffalo_for_Dairy_Farming_.jpg,Murrah_Buffalo_for_Dairy_Farming_.jpg,Buffalo,surti,8,0,0,0,0,0,0,0,0,1,0
dataset/Buffalo/surti/Murrah_Dairy_Knowledge_Portal.jpg,Murrah_Dairy_Knowledge_Portal.jpg,Buffalo,surti,8,0,0,0,0,0,0,0,0,1,0
dataset/Buffalo/surti/Murrah_Water_Buffalo.jpg,Murrah_Water_Buffalo.jpg,Buffalo,surti,8,0,0,0,0,0,0,0,0,1,0
dataset/Buffalo/surti/Murrah_buffalo_ID_-_1092_Buffalo_.jpg,Murrah_buffalo_ID_-_1092_Buffalo_.jpg,Buffalo,surti,8,0,0,0,0,0,0,0,0,1,0
dataset/Buffalo/surti/Murrah_buffalo_head_water_buffalo_.jpg,Murrah_buffalo_head_water_buffalo_.jpg,Buffalo,surti,8,0,0,0,0,0,0,0,0,1,0
dataset/Buffalo/surti/Murrah_buffalo_in_2023_etailed_.jpg,Murrah_buffalo_in_2023_etailed_.jpg,Buffalo,surti,8,0,0,0,0,0,0,0,0,1,0
dataset/Buffalo/surti/Nadiyan_Dairy_Farm_Karnal.jpg,Nadiyan_Dairy_Farm_Karnal.jpg,Buffalo,surti,8,0,0,0,0,0,0,0,0,1,0
dataset/Buffalo/surti/Original_Murrah_Buffalo_Supplier_.jpg,Original_Murrah_Buffalo_Supplier_.jpg,Buffalo,surti,8,0,0,0,0,0,0,0,0,1,0
dataset/Buffalo/surti/Pure_Murrah_Buffalo_-_Color_Black_at_.jpg,Pure_Murrah_Buffalo_-_Color_Black_at_.jpg,Buffalo,surti,8,0,0,0,0,0,0,0,0,1,0
dataset/Buffalo/surti/Pure_Murrah_Buffalo_Supplier_Trader_In_ (1).jpg,Pure_Murrah_Buffalo_Supplier_Trader_In_ (1).jpg,Buffalo,surti,8,0,0,0,0,0,0,0,0,1,0
dataset/Buffalo/surti/Pure_Murrah_Buffalo_Supplier_Trader_In_.jpg,Pure_Murrah_Buffalo_Supplier_Trader_In_.jpg,Buffalo,surti,8,0,0,0,0,0,0,0,0,1,0
dataset/Buffalo/surti/Surti_buffalo_-_Animstokcom.jpg,Surti_buffalo_-_Animstokcom.jpg,Buffalo,surti,8,0,0,0,0,0,0,0,0,1,0
dataset/Buffalo/surti/The_Murrah_Buffalo_Black_Gold_of_India_.jpg,The_Murrah_Buffalo_Black_Gold_of_India_.jpg,Buffalo,surti,8,0,0,0,0,0,0,0,0,1,0
dataset/Buffalo/surti/Top_10_Buffalo_Breeds_in_India_.jpg,Top_10_Buffalo_Breeds_in_India_.jpg,Buffalo,surti,8,0,0,0,0,0,0,0,0,1,0
dataset/Buffalo/surti/Top_Murrah_Buffalo_Distributors_in_.jpg,Top_Murrah_Buffalo_Distributors_in_.jpg,Buffalo,surti,8,0,0,0,0,0,0,0,0,1,0
dataset/Buffalo/surti/Top_Murrah_Buffalo_Distributors_in_Mowa_.jpg,Top_Murrah_Buffalo_Distributors_in_Mowa_.jpg,Buffalo,surti,8,0,0,0,0,0,0,0,0,1,0
dataset/Buffalo/surti/Top_Murrah_Buffalo_Farming_in_Bhilai_.jpg,Top_Murrah_Buffalo_Farming_in_Bhilai_.jpg,Buffalo,surti,8,0,0,0,0,0,0,0,0,1,0
dataset/Buffalo/surti/Top_Murrah_Buffalo_Farming_in_Delhi_.jpg,Top_Murrah_Buffalo_Farming_in_Delhi_.jpg,Buffalo,surti,8,0,0,0,0,0,0,0,0,1,0
dataset/Buffalo/surti/Visually_searched_image (2).jpg,Visually_searched_image (2).jpg,Buffalo,surti,8,0,0,0,0,0,0,0,0,1,0
dataset/Buffalo/surti/Visually_searched_image.jpg,Visually_searched_image.jpg,Buffalo,surti,8,0,0,0,0,0,0,0,0,1,0
dataset/Buffalo/surti/_surti_Buffalo_.jpg,_surti_Buffalo_.jpg,Buffalo,surti,8,0,0,0,0,0,0,0,0,1,0
dataset/Buffalo/surti/image_120x90_58.jpg,image_120x90_58.jpg,Buffalo,surti,8,0,0,0,0,0,0,0,0,1,0
dataset/Buffalo/surti/image_150x335_56.jpg,image_150x335_56.jpg,Buffalo,surti,8,0,0,0,0,0,0,0,0,1,0
dataset/Buffalo/surti/image_150x336_56.jpg,image_150x336_56.jpg,Buffalo,surti,8,0,0,0,0,0,0,0,0,1,0
dataset/Buffalo/surti/image_168x299_45.jpg,image_168x299_45.jpg,Buffalo,surti,8,0,0,0,0,0,0,0,0,1,0
dataset/Buffalo/surti/image_168x299_53.jpg,image_168x299_53.jpg,Buffalo,surti,8,0,0,0,0,0,0,0,0,1,0
dataset/Buffalo/surti/image_168x300_38.jpg,image_168x300_38.jpg,Buffalo,surti,8,0,0,0,0,0,0,0,0,1,0
dataset/Buffalo/surti/image_168x300_39.jpg,image_168x300_39.jpg,Buffalo,surti,8,0,0,0,0,0,0,0,0,1,0
dataset/Buffalo/surti/image_168x300_40.jpg,image_168x300_40.jpg,Buffalo,surti,8,0,0,0,0,0,0,0,0,1,0
dataset/Buffalo/surti/image_168x300_41.jpg,image_168x300_41.jpg,Buffalo,surti,8,0,0,0,0,0,0,0,0,1,0
dataset/Buffalo/surti/image_168x300_43.jpg,image_168x300_43.jpg,Buffalo,surti,8,0,0,0,0,0,0,0,0,1,0
dataset/Buffalo/surti/image_168x300_44.jpg,image_168x300_44.jpg,Buffalo,surti,8,0,0,0,0,0,0,0,0,1,0
dataset/Buffalo/surti/image_168x300_51.jpg,image_168x300_51.jpg,Buffalo,surti,8,0,0,0,0,0,0,0,0,1,0
dataset/Buffalo/surti/image_168x300_52.jpg,image_168x300_52.jpg,Buffalo,surti,8,0,0,0,0,0,0,0,0,1,0
dataset/Buffalo/surti/image_173x280_1.jpg,image_173x280_1.jpg,Buffalo,surti,8,0,0,0,0,0,0,0,0,1,0
dataset/Buffalo/surti/image_176x176_57 (2).jpg,image_176x176_57 (2).jpg,Buffalo,surti,8,0,0,0,0,0,0,0,0,1,0
dataset/Buffalo/surti/image_176x176_57.jpg,image_176x176_57.jpg,Buffalo,surti,8,0,0,0,0,0,0,0,0,1,0
dataset/Buffalo/surti/image_185x273_55.jpg,image_185x273_55.jpg,Buffalo,surti,8,0,0,0,0,0,0,0,0,1,0
dataset/Buffalo/surti/image_194x259_45.jpg,image_194x259_45.jpg,Buffalo,surti,8,0,0,0,0,0,0,0,0,1,0
dataset/Buffalo/surti/image_194x259_46.jpg,image_194x259_46.jpg,Buffalo,surti,8,0,0,0,0,0,0,0,0,1,0
dataset/Buffalo/surti/image_194x259_47.jpg,image_194x259_47.jpg,Buffalo,surti,8,0,0,0,0,0,0,0,0,1,0
dataset/Buffalo/surti/image_194x259_48.jpg,image_194x259_48.jpg,Buffalo,surti,8,0,0,0,0,0,0,0,0,1,0
dataset/Buffalo/surti/image_194x259_49.jpg,image_194x259_49.jpg,Buffalo,surti,8,0,0,0,0,0,0,0,0,1,0
dataset/Buffalo/surti/image_194x259_50.jpg,image_194x259_50.jpg,Buffalo,surti,8,0,0,0,0,0,0,0,0,1,0
dataset/Buffalo/surti/image_200x200_13.jpg,image_200x200_13.jpg,Buffalo,surti,8,0,0,0,0,0,0,0,0,1,0
dataset/Buffalo/surti/image_200x200_14.jpg,image_200x200_14.jpg,Buffalo,surti,8,0,0,0,0,0,0,0,0,1,0
dataset/Buffalo/surti/image_200x200_34.jpg,image_200x200_34.jpg,Buffalo,surti,8,0,0,0,0,0,0,0,0,1,0
dataset/Buffalo/surti/image_200x200_35.jpg,image_200x200_35.jpg,Buffalo,surti,8,0,0,0,0,0,0,0,0,1,0
dataset/Buffalo/surti/image_200x200_36.jpg,image_200x200_36.jpg,Buffalo,surti,8,0,0,0,0,0,0,0,0,1,0
dataset/Buffalo/surti/image_200x200_37.jpg,image_200x200_37.jpg,Buffalo,surti,8,0,0,0,0,0,0,0,0,1,0
dataset/Buffalo/surti/image_218x231_12.jpg,image_218x231_12.jpg,Buffalo,surti,8,0,0,0,0,0,0,0,0,1,0
dataset/Buffalo/surti/image_224x225_9.jpg,image_224x225_9.jpg,Buffalo,surti,8,0,0,0,0,0,0,0,0,1,0
dataset/Buffalo/surti/image_225x225_1 (2).jpg,image_225x225_1 (2).jpg,Buffalo,surti,8,0,0,0,0,0,0,0,0,1,0
dataset/Buffalo/surti/image_225x225_1 (3).jpg,image_225x225_1 (3).jpg,Buffalo,surti,8,0,0,0,0,0,0,0,0,1,0
dataset/Buffalo/surti/image_225x225_1.jpg,image_225x225_1.jpg,Buffalo,surti,8,0,0,0,0,0,0,0,0,1,0
dataset/Buffalo/surti/image_225x225_2.jpg,image_225x225_2.jpg,Buffalo,surti,8,0,0,0,0,0,0,0,0,1,0
dataset/Buffalo/surti/image_225x225_29.jpg,image_225x225_29.jpg,Buffalo,surti,8,0,0,0,0,0,0,0,0,1,0
dataset/Buffalo/surti/image_225x225_3.jpg,image_225x225_3.jpg,Buffalo,surti,8,0,0,0,0,0,0,0,0,1,0
dataset/Buffalo/surti/image_225x225_30.jpg,image_225x225_30.jpg,Buffalo,surti,8,0,0,0,0,0,0,0,0,1,0
dataset/Buffalo/surti/image_225x225_31.jpg,image_225x225_31.jpg,Buffalo,surti,8,0,0,0,0,0,0,0,0,1,0
dataset/Buffalo/surti/image_225x225_32.jpg,image_225x225_32.jpg,Buffalo,surti,8,0,0,0,0,0,0,0,0,1,0
dataset/Buffalo/surti/image_225x225_4.jpg,image_225x225_4.jpg,Buffalo,surti,8,0,0,0,0,0,0,0,0,1,0
dataset/Buffalo/surti/image_225x225_5.jpg,image_225x225_5.jpg,Buffalo,surti,8,0,0,0,0,0,0,0,0,1,0
dataset/Buffalo/surti/image_225x225_6.jpg,image_225x225_6.jpg,Buffalo,surti,8,0,0,0,0,0,0,0,0,1,0
dataset/Buffalo/surti/image_225x225_7.jpg,image_225x225_7.jpg,Buffalo,surti,8,0,0,0,0,0,0,0,0,1,0
dataset/Buffalo/surti/image_225x225_8.jpg,image_225x225_8.jpg,Buffalo,surti,8,0,0,0,0,0,0,0,0,1,0
dataset/Buffalo/surti/image_226x223_10.jpg,image_226x223_10.jpg,Buffalo,surti,8,0,0,0,0,0,0,0,0,1,0
dataset/Buffalo/surti/image_226x223_11.jpg,image_226x223_11.jpg,Buffalo,surti,8,0,0,0,0,0,0,0,0,1,0
dataset/Buffalo/surti/image_234x215_54.jpg,image_234x215_54.jpg,Buffalo,surti,8,0,0,0,0,0,0,0,0,1,0
dataset/Buffalo/surti/image_237x213_55.jpg,image_237x213_55.jpg,Buffalo,surti,8,0,0,0,0,0,0,0,0,1,0
dataset/Buffalo/surti/image_240x180_16.jpg,image_240x180_16.jpg,Buffalo,surti,8,0,0,0,0,0,0,0,0,1,0
dataset/Buffalo/surti/image_240x180_17.jpg,image_240x180_17.jpg,Buffalo,surti,8,0,0,0,0,0,0,0,0,1,0
dataset/Buffalo/surti/image_241x209_53.jpg,image_241x209_53.jpg,Buffalo,surti,8,0,0,0,0,0,0,0,0,1,0
dataset/Buffalo/surti/image_243x180_15.jpg,image_243x180_15.jpg,Buffalo,surti,8,0,0,0,0,0,0,0,0,1,0
dataset/Buffalo/surti/image_249x203_51.jpg,image_249x203_51.jpg,Buffalo,surti,8,0,0,0,0,0,0,0,0,1,0
dataset/Buffalo/surti/image_250x176_37.jpg,image_250x176_37.jpg,Buffalo,surti,8,0,0,0,0,0,0,0,0,1,0
dataset/Buffalo/surti/image_250x188_14.jpg,image_250x188_14.jpg,Buffalo,surti,8,0,0,0,0,0,0,0,0,1,0
dataset/Buffalo/surti/image_251x201_52.jpg,image_251x201_52.jpg,Buffalo,surti,8,0,0,0,0,0,0,0,0,1,0
dataset/Buffalo/surti/image_258x195_1.jpg,image_258x195_1.jpg,Buffalo,surti,8,0,0,0,0,0,0,0,0,1,0
dataset/Buffalo/surti/image_259x194_10.jpg,image_259x194_10.jpg,Buffalo,surti,8,0,0,0,0,0,0,0,0,1,0
dataset/Buffalo/surti/image_259x194_11.jpg,image_259x194_11.jpg,Buffalo,surti,8,0,0,0,0,0,0,0,0,1,0
dataset/Buffalo/surti/image_259x194_12.jpg,image_259x194_12.jpg,Buffalo,surti,8,0,0,0,0,0,0,0,0,1,0
dataset/Buffalo/surti/image_259x194_13.jpg,image_259x194_13.jpg,Buffalo,surti,8,0,0,0,0,0,0,0,0,1,0
dataset/Buffalo/surti/image_259x194_3.jpg,image_259x194_3.jpg,Buffalo,surti,8,0,0,0,0,0,0,0,0,1,0
dataset/Buffalo/surti/image_259x194_30.jpg,image_259x194_30.jpg,Buffalo,surti,8,0,0,0,0,0,0,0,0,1,0
dataset/Buffalo/surti/image_259x194_31.jpg,image_259x194_31.jpg,Buffalo,surti,8,0,0,0,0,0,0,0,0,1,0
dataset/Buffalo/surti/image_259x194_32.jpg,image_259x194_32.jpg,Buffalo,surti,8,0,0,0,0,0,0,0,0,1,0
dataset/Buffalo/surti/image_259x194_33.jpg,image_259x194_33.jpg,Buffalo,surti,8,0,0,0,0,0,0,0,0,1,0
dataset/Buffalo/surti/image_259x194_34.jpg,image_259x194_34.jpg,Buffalo,surti,8,0,0,0,0,0,0,0,0,1,0
dataset/Buffalo/surti/image_259x194_35.jpg,image_259x194_35.jpg,Buffalo,surti,8,0,0,0,0,0,0,0,0,1,0
dataset/Buffalo/surti/image_259x194_36.jpg,image_259x194_36.jpg,Buffalo,surti,8,0,0,0,0,0,0,0,0,1,0
dataset/Buffalo/surti/image_259x194_4.jpg,image_259x194_4.jpg,Buffalo,surti,8,0,0,0,0,0,0,0,0,1,0
dataset/Buffalo/surti/image_259x194_5.jpg,image_259x194_5.jpg,Buffalo,surti,8,0,0,0,0,0,0,0,0,1,0
dataset/Buffalo/surti/image_259x194_6.jpg,image_259x194_6.jpg,Buffalo,surti,8,0,0,0,0,0,0,0,0,1,0
dataset/Buffalo/surti/image_259x194_7.jpg,image_259x194_7.jpg,Buffalo,surti,8,0,0,0,0,0,0,0,0,1,0
dataset/Buffalo/surti/image_259x194_8.jpg,image_259x194_8.jpg,Buffalo,surti,8,0,0,0,0,0,0,0,0,1,0
dataset/Buffalo/surti/image_259x194_9.jpg,image_259x194_9.jpg,Buffalo,surti,8,0,0,0,0,0,0,0,0,1,0
dataset/Buffalo/surti/image_259x195_1.jpg,image_259x195_1.jpg,Buffalo,surti,8,0,0,0,0,0,0,0,0,1,0
dataset/Buffalo/surti/image_259x195_2.jpg,image_259x195_2.jpg,Buffalo,surti,8,0,0,0,0,0,0,0,0,1,0
dataset/Buffalo/surti/image_260x194_27.jpg,image_260x194_27.jpg,Buffalo,surti,8,0,0,0,0,0,0,0,0,1,0
dataset/Buffalo/surti/image_261x193_1.jpg,image_261x193_1.jpg,Buffalo,surti,8,0,0,0,0,0,0,0,0,1,0
dataset/Buffalo/surti/image_265x190_29.jpg,image_265x190_29.jpg,Buffalo,surti,8,0,0,0,0,0,0,0,0,1,0
dataset/Buffalo/surti/image_271x186_28.jpg,image_271x186_28.jpg,Buffalo,surti,8,0,0,0,0,0,0,0,0,1,0
dataset/Buffalo/surti/image_273x184_1.jpg,image_273x184_1.jpg,Buffalo,surti,8,0,0,0,0,0,0,0,0,1,0
dataset/Buffalo/surti/image_273x185_1.jpg,image_273x185_1.jpg,Buffalo,surti,8,0,0,0,0,0,0,0,0,1,0
dataset/Buffalo/surti/image_275x183_1 (2).jpg,image_275x183_1 (2).jpg,Buffalo,surti,8,0,0,0,0,0,0,0,0,1,0
dataset/Buffalo/surti/image_275x183_1.jpg,image_275x183_1.jpg,Buffalo,surti,8,0,0,0,0,0,0,0,0,1,0
dataset/Buffalo/surti/image_276x183_1.jpg,image_276x183_1.jpg,Buffalo,surti,8,0,0,0,0,0,0,0,0,1,0
dataset/Buffalo/surti/image_277x182_1.jpg,image_277x182_1.jpg,Buffalo,surti,8,0,0,0,0,0,0,0,0,1,0
dataset/Buffalo/surti/image_295x171_1.jpg,image_295x171_1.jpg,Buffalo,surti,8,0,0,0,0,0,0,0,0,1,0
dataset/Buffalo/surti/image_299x168_49.jpg,image_299x168_49.jpg,Buffalo,surti,8,0,0,0,0,0,0,0,0,1,0
dataset/Buffalo/surti/image_299x168_50.jpg,image_299x168_50.jpg,Buffalo,surti,8,0,0,0,0,0,0,0,0,1,0
dataset/Buffalo/surti/image_300x168_1 (2).jpg,image_300x168_1 (2).jpg,Buffalo,surti,8,0,0,0,0,0,0,0,0,1,0
dataset/Buffalo/surti/image_300x168_1 (3).jpg,image_300x168_1 (3).jpg,Buffalo,surti,8,0,0,0,0,0,0,0,0,1,0
dataset/Buffalo/surti/image_300x168_1.jpg,image_300x168_1.jpg,Buffalo,surti,8,0,0,0,0,0,0,0,0,1,0
dataset/Buffalo/surti/image_300x168_38.jpg,image_300x168_38.jpg,Buffalo,surti,8,0,0,0,0,0,0,0,0,1,0
dataset/Buffalo/surti/image_300x168_39.jpg,image_300x168_39.jpg,Buffalo,surti,8,0,0,0,0,0,0,0,0,1,0
dataset/Buffalo/surti/image_300x168_40.jpg,image_300x168_40.jpg,Buffalo,surti,8,0,0,0,0,0,0,0,0,1,0
dataset/Buffalo/surti/image_300x168_41.jpg,image_300x168_41.jpg,Buffalo,surti,8,0,0,0,0,0,0,0,0,1,0
dataset/Buffalo/surti/image_300x168_42.jpg,image_300x168_42.jpg,Buffalo,surti,8,0,0,0,0,0,0,0,0,1,0
dataset/Buffalo/surti/image_300x168_43.jpg,image_300x168_43.jpg,Buffalo,surti,8,0,0,0,0,0,0,0,0,1,0
dataset/Buffalo/surti/image_300x168_44.jpg,image_300x168_44.jpg,Buffalo,surti,8,0,0,0,0,0,0,0,0,1,0
dataset/Buffalo/surti/image_300x168_46.jpg,image_300x168_46.jpg,Buffalo,surti,8,0,0,0,0,0,0,0,0,1,0
dataset/Buffalo/surti/image_300x168_47.jpg,image_300x168_47.jpg,Buffalo,surti,8,0,0,0,0,0,0,0,0,1,0
dataset/Buffalo/surti/image_308x163_1.jpg,image_308x163_1.jpg,Buffalo,surti,8,0,0,0,0,0,0,0,0,1,0
dataset/Buffalo/surti/image_318x159_1.jpg,image_318x159_1.jpg,Buffalo,surti,8,0,0,0,0,0,0,0,0,1,0
dataset/Buffalo/surti/image_330x153_54.jpg,image_330x153_54.jpg,Buffalo,surti,8,0,0,0,0,0,0,0,0,1,0
dataset/Buffalo/toda/12_Thousand_Buffalo_On_Road_Royalty_.jpg,12_Thousand_Buffalo_On_Road_Royalty_.jpg,Buffalo,toda,9,0,0,0,0,0,0,0,0,0,1
dataset/Buffalo/toda/141_Buffalo_Types_Stock_Photos_-_Free_.jpg,141_Buffalo_Types_Stock_Photos_-_Free_.jpg,Buffalo,toda,9,0,0,0,0,0,0,0,0,0,1
dataset/Buffalo/toda/55_Tattoos_and_african_buffalo_ideas_to_.jpg,55_Tattoos_and_african_buffalo_ideas_to_.jpg,Buffalo,toda,9,0,0,0,0,0,0,0,0,0,1
dataset/Buffalo/toda/Chilling_like_a_buffalo_is_an_.jpg,Chilling_like_a_buffalo_is_an_.jpg,Buffalo,toda,9,0,0,0,0,0,0,0,0,0,1
dataset/Buffalo/toda/Ooty_Tamil_Nadu_India_24_Feb_Stock_.jpg,Ooty_Tamil_Nadu_India_24_Feb_Stock_.jpg,Buffalo,toda,9,0,0,0,0,0,0,0,0,0,1
dataset/Buffalo/toda/Toda_Buffalo_A_unique_one_living_only_.jpg,Toda_Buffalo_A_unique_one_living_only_.jpg,Buffalo,toda,9,0,0,0,0,0,0,0,0,0,1
dataset/Buffalo/toda/Toda_Buffalo_Breed_-_YouTube.jpg,Toda_Buffalo_Breed_-_YouTube.jpg,Buffalo,toda,9,0,0,0,0,0,0,0,0,0,1
dataset/Buffalo/toda/Toda_Buffalo_Goel_Vet_Pharma.jpg,Toda_Buffalo_Goel_Vet_Pharma.jpg,Buffalo,toda,9,0,0,0,0,0,0,0,0,0,1
dataset/Buffalo/toda/Toda_buffalo_Anjuli_Flickr.jpg,Toda_buffalo_Anjuli_Flickr.jpg,Buffalo,toda,9,0,0,0,0,0,0,0,0,0,1
dataset/Buffalo/toda/Toda_buffalo_nilgiris_todatribe_.jpg,Toda_buffalo_nilgiris_todatribe_.jpg,Buffalo,toda,9,0,0,0,0,0,0,0,0,0,1
dataset/Buffalo/toda/Toda_yeppam.jpg,Toda_yeppam.jpg,Buffalo,toda,9,0,0,0,0,0,0,0,0,0,1
dataset/Buffalo/toda/Top_10_Buffalo_Breeds_in_India_.jpg,Top_10_Buffalo_Breeds_in_India_.jpg,Buffalo,toda,9,0,0,0,0,0,0,0,0,0,1
dataset/Buffalo/toda/Top_Buffalo_Breeds_in_India_Where_.jpg,Top_Buffalo_Breeds_in_India_Where_.jpg,Buffalo,toda,9,0,0,0,0,0,0,0,0,0,1
dataset/Buffalo/toda/Travel_The_Todas_of_the_Nilgiris_.jpg,Travel_The_Todas_of_the_Nilgiris_.jpg,Buffalo,toda,9,0,0,0,0,0,0,0,0,0,1
dataset/Buffalo/toda/Visually_searched_image (2).jpg,Visually_searched_image (2).jpg,Buffalo,toda,9,0,0,0,0,0,0,0,0,0,1
dataset/Buffalo/toda/Visually_searched_image.jpg,Visually_searched_image.jpg,Buffalo,toda,9,0,0,0,0,0,0,0,0,0,1
dataset/Buffalo/toda/buffalo_animal_african_animals_.jpg,buffalo_animal_african_animals_.jpg,Buffalo,toda,9,0,0,0,0,0,0,0,0,0,1
dataset/Buffalo/toda/expert_systemcattlebuffaloImages_.jpg,expert_systemcattlebuffaloImages_.jpg,Buffalo,toda,9,0,0,0,0,0,0,0,0,0,1
dataset/Buffalo/toda/image_119x190_71.jpg,image_119x190_71.jpg,Buffalo,toda,9,0,0,0,0,0,0,0,0,0,1
dataset/Buffalo/toda/image_125x125_75.jpg,image_125x125_75.jpg,Buffalo,toda,9,0,0,0,0,0,0,0,0,0,1
dataset/Buffalo/toda/image_150x100_72.jpg,image_150x100_72.jpg,Buffalo,toda,9,0,0,0,0,0,0,0,0,0,1
dataset/Buffalo/toda/image_159x318_63.jpg,image_159x318_63.jpg,Buffalo,toda,9,0,0,0,0,0,0,0,0,0,1
dataset/Buffalo/toda/image_163x186_62.jpg,image_163x186_62.jpg,Buffalo,toda,9,0,0,0,0,0,0,0,0,0,1
dataset/Buffalo/toda/image_163x220_68.jpg,image_163x220_68.jpg,Buffalo,toda,9,0,0,0,0,0,0,0,0,0,1
dataset/Buffalo/toda/image_168x299_73.jpg,image_168x299_73.jpg,Buffalo,toda,9,0,0,0,0,0,0,0,0,0,1
dataset/Buffalo/toda/image_168x300_1.jpg,image_168x300_1.jpg,Buffalo,toda,9,0,0,0,0,0,0,0,0,0,1
dataset/Buffalo/toda/image_168x300_66.jpg,image_168x300_66.jpg,Buffalo,toda,9,0,0,0,0,0,0,0,0,0,1
dataset/Buffalo/toda/image_173x280_67.jpg,image_173x280_67.jpg,Buffalo,toda,9,0,0,0,0,0,0,0,0,0,1
dataset/Buffalo/toda/image_180x200_61.jpg,image_180x200_61.jpg,Buffalo,toda,9,0,0,0,0,0,0,0,0,0,1
dataset/Buffalo/toda/image_185x272_66.jpg,image_185x272_66.jpg,Buffalo,toda,9,0,0,0,0,0,0,0,0,0,1
dataset/Buffalo/toda/image_189x267_65.jpg,image_189x267_65.jpg,Buffalo,toda,9,0,0,0,0,0,0,0,0,0,1
dataset/Buffalo/toda/image_194x259_1.jpg,image_194x259_1.jpg,Buffalo,toda,9,0,0,0,0,0,0,0,0,0,1
dataset/Buffalo/toda/image_195x259_39.jpg,image_195x259_39.jpg,Buffalo,toda,9,0,0,0,0,0,0,0,0,0,1
dataset/Buffalo/toda/image_196x124_70.jpg,image_196x124_70.jpg,Buffalo,toda,9,0,0,0,0,0,0,0,0,0,1
dataset/Buffalo/toda/image_198x254_44.jpg,image_198x254_44.jpg,Buffalo,toda,9,0,0,0,0,0,0,0,0,0,1
dataset/Buffalo/toda/image_199x250_45.jpg,image_199x250_45.jpg,Buffalo,toda,9,0,0,0,0,0,0,0,0,0,1
dataset/Buffalo/toda/image_199x253_43.jpg,image_199x253_43.jpg,Buffalo,toda,9,0,0,0,0,0,0,0,0,0,1
dataset/Buffalo/toda/image_200x133_58.jpg,image_200x133_58.jpg,Buffalo,toda,9,0,0,0,0,0,0,0,0,0,1
dataset/Buffalo/toda/image_200x134_74.jpg,image_200x134_74.jpg,Buffalo,toda,9,0,0,0,0,0,0,0,0,0,1
dataset/Buffalo/toda/image_200x167_69.jpg,image_200x167_69.jpg,Buffalo,toda,9,0,0,0,0,0,0,0,0,0,1
dataset/Buffalo/toda/image_200x252_41.jpg,image_200x252_41.jpg,Buffalo,toda,9,0,0,0,0,0,0,0,0,0,1
dataset/Buffalo/toda/image_201x251_40.jpg,image_201x251_40.jpg,Buffalo,toda,9,0,0,0,0,0,0,0,0,0,1
dataset/Buffalo/toda/image_204x247_42.jpg,image_204x247_42.jpg,Buffalo,toda,9,0,0,0,0,0,0,0,0,0,1
dataset/Buffalo/toda/image_213x236_60.jpg,image_213x236_60.jpg,Buffalo,toda,9,0,0,0,0,0,0,0,0,0,1
dataset/Buffalo/toda/image_215x234_1.jpg,image_215x234_1.jpg,Buffalo,toda,9,0,0,0,0,0,0,0,0,0,1
dataset/Buffalo/toda/image_217x232_1.jpg,image_217x232_1.jpg,Buffalo,toda,9,0,0,0,0,0,0,0,0,0,1
dataset/Buffalo/toda/image_218x150_56.jpg,image_218x150_56.jpg,Buffalo,toda,9,0,0,0,0,0,0,0,0,0,1
dataset/Buffalo/toda/image_220x147_57.jpg,image_220x147_57.jpg,Buffalo,toda,9,0,0,0,0,0,0,0,0,0,1
dataset/Buffalo/toda/image_222x150_55.jpg,image_222x150_55.jpg,Buffalo,toda,9,0,0,0,0,0,0,0,0,0,1
dataset/Buffalo/toda/image_225x225_1 (2).jpg,image_225x225_1 (2).jpg,Buffalo,toda,9,0,0,0,0,0,0,0,0,0,1
dataset/Buffalo/toda/image_225x225_1.jpeg,image_225x225_1.jpeg,Buffalo,toda,9,0,0,0,0,0,0,0,0,0,1
dataset/Buffalo/toda/image_225x225_1.jpg,image_225x225_1.jpg,Buffalo,toda,9,0,0,0,0,0,0,0,0,0,1
dataset/Buffalo/toda/image_225x225_37.jpg,image_225x225_37.jpg,Buffalo,toda,9,0,0,0,0,0,0,0,0,0,1
dataset/Buffalo/toda/image_225x225_38.jpg,image_225x225_38.jpg,Buffalo,toda,9,0,0,0,0,0,0,0,0,0,1
dataset/Buffalo/toda/image_225x225_39.jpg,image_225x225_39.jpg,Buffalo,toda,9,0,0,0,0,0,0,0,0,0,1
dataset/Buffalo/toda/image_225x225_40.jpg,image_225x225_40.jpg,Buffalo,toda,9,0,0,0,0,0,0,0,0,0,1
dataset/Buffalo/toda/image_225x225_41.jpg,image_225x225_41.jpg,Buffalo,toda,9,0,0,0,0,0,0,0,0,0,1
dataset/Buffalo/toda/image_225x225_42.jpg,image_225x225_42.jpg,Buffalo,toda,9,0,0,0,0,0,0,0,0,0,1
dataset/Buffalo/toda/image_225x225_43.jpg,image_225x225_43.jpg,Buffalo,toda,9,0,0,0,0,0,0,0,0,0,1
dataset/Buffalo/toda/image_225x225_57.jpg,image_225x225_57.jpg,Buffalo,toda,9,0,0,0,0,0,0,0,0,0,1
dataset/Buffalo/toda/image_225x225_58.jpg,image_225x225_58.jpg,Buffalo,toda,9,0,0,0,0,0,0,0,0,0,1
dataset/Buffalo/toda/image_225x225_59.jpg,image_225x225_59.jpg,Buffalo,toda,9,0,0,0,0,0,0,0,0,0,1
dataset/Buffalo/toda/image_231x218_60.jpg,image_231x218_60.jpg,Buffalo,toda,9,0,0,0,0,0,0,0,0,0,1
dataset/Buffalo/toda/image_235x154_70.jpg,image_235x154_70.jpg,Buffalo,toda,9,0,0,0,0,0,0,0,0,0,1
dataset/Buffalo/toda/image_235x186_38.jpg,image_235x186_38.jpg,Buffalo,toda,9,0,0,0,0,0,0,0,0,0,1
dataset/Buffalo/toda/image_235x214_1.jpg,image_235x214_1.jpg,Buffalo,toda,9,0,0,0,0,0,0,0,0,0,1
dataset/Buffalo/toda/image_236x157_68.jpg,image_236x157_68.jpg,Buffalo,toda,9,0,0,0,0,0,0,0,0,0,1
dataset/Buffalo/toda/image_236x157_69.jpg,image_236x157_69.jpg,Buffalo,toda,9,0,0,0,0,0,0,0,0,0,1
dataset/Buffalo/toda/image_236x176_51.jpg,image_236x176_51.jpg,Buffalo,toda,9,0,0,0,0,0,0,0,0,0,1
dataset/Buffalo/toda/image_236x203_37.jpg,image_236x203_37.jpg,Buffalo,toda,9,0,0,0,0,0,0,0,0,0,1
dataset/Buffalo/toda/image_236x214_31.jpg,image_236x214_31.jpg,Buffalo,toda,9,0,0,0,0,0,0,0,0,0,1
dataset/Buffalo/toda/image_239x211_1.jpg,image_239x211_1.jpg,Buffalo,toda,9,0,0,0,0,0,0,0,0,0,1
dataset/Buffalo/toda/image_243x207_34.jpg,image_243x207_34.jpg,Buffalo,toda,9,0,0,0,0,0,0,0,0,0,1
dataset/Buffalo/toda/image_244x207_64.jpg,image_244x207_64.jpg,Buffalo,toda,9,0,0,0,0,0,0,0,0,0,1
dataset/Buffalo/toda/image_245x206_32.jpg,image_245x206_32.jpg,Buffalo,toda,9,0,0,0,0,0,0,0,0,0,1
dataset/Buffalo/toda/image_249x202_35.jpg,image_249x202_35.jpg,Buffalo,toda,9,0,0,0,0,0,0,0,0,0,1
dataset/Buffalo/toda/image_249x203_30.jpg,image_249x203_30.jpg,Buffalo,toda,9,0,0,0,0,0,0,0,0,0,1
dataset/Buffalo/toda/image_250x167_15.jpg,image_250x167_15.jpg,Buffalo,toda,9,0,0,0,0,0,0,0,0,0,1
dataset/Buffalo/toda/image_250x167_50.jpg,image_250x167_50.jpg,Buffalo,toda,9,0,0,0,0,0,0,0,0,0,1
dataset/Buffalo/toda/image_250x188_13.jpg,image_250x188_13.jpg,Buffalo,toda,9,0,0,0,0,0,0,0,0,0,1
dataset/Buffalo/toda/image_250x188_36.jpg,image_250x188_36.jpg,Buffalo,toda,9,0,0,0,0,0,0,0,0,0,1
dataset/Buffalo/toda/image_251x200_36.jpg,image_251x200_36.jpg,Buffalo,toda,9,0,0,0,0,0,0,0,0,0,1
dataset/Buffalo/toda/image_251x201_33.jpg,image_251x201_33.jpg,Buffalo,toda,9,0,0,0,0,0,0,0,0,0,1
dataset/Buffalo/toda/image_251x201_4.jpg,image_251x201_4.jpg,Buffalo,toda,9,0,0,0,0,0,0,0,0,0,1
dataset/Buffalo/toda/image_253x200_27.jpg,image_253x200_27.jpg,Buffalo,toda,9,0,0,0,0,0,0,0,0,0,1
dataset/Buffalo/toda/image_255x198_28.jpg,image_255x198_28.jpg,Buffalo,toda,9,0,0,0,0,0,0,0,0,0,1
dataset/Buffalo/toda/image_255x198_46.jpg,image_255x198_46.jpg,Buffalo,toda,9,0,0,0,0,0,0,0,0,0,1
dataset/Buffalo/toda/image_258x195_6.jpg,image_258x195_6.jpg,Buffalo,toda,9,0,0,0,0,0,0,0,0,0,1
dataset/Buffalo/toda/image_259x194_10.jpg,image_259x194_10.jpg,Buffalo,toda,9,0,0,0,0,0,0,0,0,0,1
dataset/Buffalo/toda/image_259x194_11.jpg,image_259x194_11.jpg,Buffalo,toda,9,0,0,0,0,0,0,0,0,0,1
dataset/Buffalo/toda/image_259x194_29.jpg,image_259x194_29.jpg,Buffalo,toda,9,0,0,0,0,0,0,0,0,0,1
dataset/Buffalo/toda/image_259x194_30.jpg,image_259x194_30.jpg,Buffalo,toda,9,0,0,0,0,0,0,0,0,0,1
dataset/Buffalo/toda/image_259x194_31.jpg,image_259x194_31.jpg,Buffalo,toda,9,0,0,0,0,0,0,0,0,0,1
dataset/Buffalo/toda/image_259x194_32.jpg,image_259x194_32.jpg,Buffalo,toda,9,0,0,0,0,0,0,0,0,0,1
dataset/Buffalo/toda/image_259x194_33.jpg,image_259x194_33.jpg,Buffalo,toda,9,0,0,0,0,0,0,0,0,0,1
dataset/Buffalo/toda/image_259x194_34.jpg,image_259x194_34.jpg,Buffalo,toda,9,0,0,0,0,0,0,0,0,0,1
dataset/Buffalo/toda/image_259x194_35.jpg,image_259x194_35.jpg,Buffalo,toda,9,0,0,0,0,0,0,0,0,0,1
dataset/Buffalo/toda/image_259x194_47.jpg,image_259x194_47.jpg,Buffalo,toda,9,0,0,0,0,0,0,0,0,0,1
dataset/Buffalo/toda/image_259x194_48.jpg,image_259x194_48.jpg,Buffalo,toda,9,0,0,0,0,0,0,0,0,0,1
dataset/Buffalo/toda/image_259x194_49.jpg,image_259x194_49.jpg,Buffalo,toda,9,0,0,0,0,0,0,0,0,0,1
dataset/Buffalo/toda/image_259x194_50.jpg,image_259x194_50.jpg,Buffalo,toda,9,0,0,0,0,0,0,0,0,0,1
dataset/Buffalo/toda/image_259x194_7.jpg,image_259x194_7.jpg,Buffalo,toda,9,0,0,0,0,0,0,0,0,0,1
dataset/Buffalo/toda/image_259x194_8.jpg,image_259x194_8.jpg,Buffalo,toda,9,0,0,0,0,0,0,0,0,0,1
dataset/Buffalo/toda/image_259x194_9.jpg,image_259x194_9.jpg,Buffalo,toda,9,0,0,0,0,0,0,0,0,0,1
dataset/Buffalo/toda/image_264x191_5.jpg,image_264x191_5.jpg,Buffalo,toda,9,0,0,0,0,0,0,0,0,0,1
dataset/Buffalo/toda/image_265x191_1.jpg,image_265x191_1.jpg,Buffalo,toda,9,0,0,0,0,0,0,0,0,0,1
dataset/Buffalo/toda/image_266x190_2.jpg,image_266x190_2.jpg,Buffalo,toda,9,0,0,0,0,0,0,0,0,0,1
dataset/Buffalo/toda/image_266x190_3.jpg,image_266x190_3.jpg,Buffalo,toda,9,0,0,0,0,0,0,0,0,0,1
dataset/Buffalo/toda/image_266x190_45.jpg,image_266x190_45.jpg,Buffalo,toda,9,0,0,0,0,0,0,0,0,0,1
dataset/Buffalo/toda/image_270x186_49.jpg,image_270x186_49.jpg,Buffalo,toda,9,0,0,0,0,0,0,0,0,0,1
dataset/Buffalo/toda/image_272x186_44.jpg,image_272x186_44.jpg,Buffalo,toda,9,0,0,0,0,0,0,0,0,0,1
dataset/Buffalo/toda/image_273x185_53.jpg,image_273x185_53.jpg,Buffalo,toda,9,0,0,0,0,0,0,0,0,0,1
dataset/Buffalo/toda/image_274x184_3.jpg,image_274x184_3.jpg,Buffalo,toda,9,0,0,0,0,0,0,0,0,0,1
dataset/Buffalo/toda/image_274x184_54.jpg,image_274x184_54.jpg,Buffalo,toda,9,0,0,0,0,0,0,0,0,0,1
dataset/Buffalo/toda/image_275x183_10.jpg,image_275x183_10.jpg,Buffalo,toda,9,0,0,0,0,0,0,0,0,0,1
dataset/Buffalo/toda/image_275x183_11.jpg,image_275x183_11.jpg,Buffalo,toda,9,0,0,0,0,0,0,0,0,0,1
dataset/Buffalo/toda/image_275x183_12.jpg,image_275x183_12.jpg,Buffalo,toda,9,0,0,0,0,0,0,0,0,0,1
dataset/Buffalo/toda/image_275x183_13.jpg,image_275x183_13.jpg,Buffalo,toda,9,0,0,0,0,0,0,0,0,0,1
dataset/Buffalo/toda/image_275x183_47.jpg,image_275x183_47.jpg,Buffalo,toda,9,0,0,0,0,0,0,0,0,0,1
dataset/Buffalo/toda/image_275x183_48.jpg,image_275x183_48.jpg,Buffalo,toda,9,0,0,0,0,0,0,0,0,0,1
dataset/Buffalo/toda/image_275x183_55.jpg,image_275x183_55.jpg,Buffalo,toda,9,0,0,0,0,0,0,0,0,0,1
dataset/Buffalo/toda/image_275x183_56.jpg,image_275x183_56.jpg,Buffalo,toda,9,0,0,0,0,0,0,0,0,0,1
dataset/Buffalo/toda/image_275x183_6.jpg,image_275x183_6.jpg,Buffalo,toda,9,0,0,0,0,0,0,0,0,0,1
dataset/Buffalo/toda/image_275x183_7.jpg,image_275x183_7.jpg,Buffalo,toda,9,0,0,0,0,0,0,0,0,0,1
dataset/Buffalo/toda/image_275x183_8.jpg,image_275x183_8.jpg,Buffalo,toda,9,0,0,0,0,0,0,0,0,0,1
dataset/Buffalo/toda/image_275x183_9.jpg,image_275x183_9.jpg,Buffalo,toda,9,0,0,0,0,0,0,0,0,0,1
dataset/Buffalo/toda/image_276x183_52.jpg,image_276x183_52.jpg,Buffalo,toda,9,0,0,0,0,0,0,0,0,0,1
dataset/Buffalo/toda/image_277x182_46.jpg,image_277x182_46.jpg,Buffalo,toda,9,0,0,0,0,0,0,0,0,0,1
dataset/Buffalo/toda/image_282x178_14.jpg,image_282x178_14.jpg,Buffalo,toda,9,0,0,0,0,0,0,0,0,0,1
dataset/Buffalo/toda/image_282x179_1.jpg,image_282x179_1.jpg,Buffalo,toda,9,0,0,0,0,0,0,0,0,0,1
dataset/Buffalo/toda/image_283x178_4.jpg,image_283x178_4.jpg,Buffalo,toda,9,0,0,0,0,0,0,0,0,0,1
dataset/Buffalo/toda/image_283x178_5.jpg,image_283x178_5.jpg,Buffalo,toda,9,0,0,0,0,0,0,0,0,0,1
dataset/Buffalo/toda/image_285x177_2.jpg,image_285x177_2.jpg,Buffalo,toda,9,0,0,0,0,0,0,0,0,0,1
dataset/Buffalo/toda/image_291x173_11.jpg,image_291x173_11.jpg,Buffalo,toda,9,0,0,0,0,0,0,0,0,0,1
dataset/Buffalo/toda/image_291x173_12.jpg,image_291x173_12.jpg,Buffalo,toda,9,0,0,0,0,0,0,0,0,0,1
dataset/Buffalo/toda/image_294x171_63.jpg,image_294x171_63.jpg,Buffalo,toda,9,0,0,0,0,0,0,0,0,0,1
dataset/Buffalo/toda/image_299x168_54.jpg,image_299x168_54.jpg,Buffalo,toda,9,0,0,0,0,0,0,0,0,0,1
dataset/Buffalo/toda/image_299x168_64.jpg,image_299x168_64.jpg,Buffalo,toda,9,0,0,0,0,0,0,0,0,0,1
dataset/Buffalo/toda/image_300x168_1.jpg,image_300x168_1.jpg,Buffalo,toda,9,0,0,0,0,0,0,0,0,0,1
dataset/Buffalo/toda/image_300x168_10.jpg,image_300x168_10.jpg,Buffalo,toda,9,0,0,0,0,0,0,0,0,0,1
dataset/Buffalo/toda/image_300x168_2.jpg,image_300x168_2.jpg,Buffalo,toda,9,0,0,0,0,0,0,0,0,0,1
dataset/Buffalo/toda/image_300x168_3.jpg,image_300x168_3.jpg,Buffalo,toda,9,0,0,0,0,0,0,0,0,0,1
dataset/Buffalo/toda/image_300x168_4.jpg,image_300x168_4.jpg,Buffalo,toda,9,0,0,0,0,0,0,0,0,0,1
dataset/Buffalo/toda/image_300x168_5.jpg,image_300x168_5.jpg,Buffalo,toda,9,0,0,0,0,0,0,0,0,0,1
dataset/Buffalo/toda/image_300x168_51.jpg,image_300x168_51.jpg,Buffalo,toda,9,0,0,0,0,0,0,0,0,0,1
dataset/Buffalo/toda/image_300x168_52.jpg,image_300x168_52.jpg,Buffalo,toda,9,0,0,0,0,0,0,0,0,0,1
dataset/Buffalo/toda/image_300x168_6.jpg,image_300x168_6.jpg,Buffalo,toda,9,0,0,0,0,0,0,0,0,0,1
dataset/Buffalo/toda/image_300x168_61.jpg,image_300x168_61.jpg,Buffalo,toda,9,0,0,0,0,0,0,0,0,0,1
dataset/Buffalo/toda/image_300x168_8.jpg,image_300x168_8.jpg,Buffalo,toda,9,0,0,0,0,0,0,0,0,0,1
dataset/Buffalo/toda/image_300x168_9.jpg,image_300x168_9.jpg,Buffalo,toda,9,0,0,0,0,0,0,0,0,0,1
dataset/Buffalo/toda/image_305x165_13.jpg,image_305x165_13.jpg,Buffalo,toda,9,0,0,0,0,0,0,0,0,0,1
dataset/Buffalo/toda/image_305x165_62.jpg,image_305x165_62.jpg,Buffalo,toda,9,0,0,0,0,0,0,0,0,0,1
dataset/Buffalo/toda/image_310x163_1.jpg,image_310x163_1.jpg,Buffalo,toda,9,0,0,0,0,0,0,0,0,0,1
dataset/Buffalo/toda/image_311x162_53.jpg,image_311x162_53.jpg,Buffalo,toda,9,0,0,0,0,0,0,0,0,0,1
dataset/Buffalo/toda/image_318x159_1.jpg,image_318x159_1.jpg,Buffalo,toda,9,0,0,0,0,0,0,0,0,0,1
dataset/Buffalo/toda/image_318x159_71.jpg,image_318x159_71.jpg,Buffalo,toda,9,0,0,0,0,0,0,0,0,0,1
dataset/Buffalo/toda/image_319x158_1.jpg,image_319x158_1.jpg,Buffalo,toda,9,0,0,0,0,0,0,0,0,0,1
dataset/Buffalo/toda/image_342x147_72.jpg,image_342x147_72.jpg,Buffalo,toda,9,0,0,0,0,0,0,0,0,0,1
dataset/Buffalo/toda/image_359x140_1.jpg,image_359x140_1.jpg,Buffalo,toda,9,0,0,0,0,0,0,0,0,0,1
dataset/Buffalo/toda/image_50x50_1 (2).jpg,image_50x50_1 (2).jpg,Buffalo,toda,9,0,0,0,0,0,0,0,0,0,1
dataset/Buffalo/toda/image_50x50_1.jpg,image_50x50_1.jpg,Buffalo,toda,9,0,0,0,0,0,0,0,0,0,1
dataset/Cattle Breeds/Gir/Gir_1.JPG,Gir_1.JPG,Cattle Breeds,Gir,1,0,1,0,0,0,0,0,0,0,0
dataset/Cattle Breeds/Gir/Gir_10.jPG,Gir_10.jPG,Cattle Breeds,Gir,1,0,1,0,0,0,0,0,0,0,0
dataset/Cattle Breeds/Gir/Gir_100.jpeg,Gir_100.jpeg,Cattle Breeds,Gir,1,0,1,0,0,0,0,0,0,0,0
dataset/Cattle Breeds/Gir/Gir_102.jpg,Gir_102.jpg,Cattle Breeds,Gir,1,0,1,0,0,0,0,0,0,0,0
dataset/Cattle Breeds/Gir/Gir_103.jpg,Gir_103.jpg,Cattle Breeds,Gir,1,0,1,0,0,0,0,0,0,0,0
dataset/Cattle Breeds/Gir/Gir_104.jpg,Gir_104.jpg,Cattle Breeds,Gir,1,0,1,0,0,0,0,0,0,0,0
dataset/Cattle Breeds/Gir/Gir_105.jpg,Gir_105.jpg,Cattle Breeds,Gir,1,0,1,0,0,0,0,0,0,0,0
dataset/Cattle Breeds/Gir/Gir_106.jpg,Gir_106.jpg,Cattle Breeds,Gir,1,0,1,0,0,0,0,0,0,0,0
dataset/Cattle Breeds/Gir/Gir_107.jpg,Gir_107.jpg,Cattle Breeds,Gir,1,0,1,0,0,0,0,0,0,0,0
dataset/Cattle Breeds/Gir/Gir_108.jpg,Gir_108.jpg,Cattle Breeds,Gir,1,0,1,0,0,0,0,0,0,0,0
dataset/Cattle Breeds/Gir/Gir_109.jpg,Gir_109.jpg,Cattle Breeds,Gir,1,0,1,0,0,0,0,0,0,0,0
dataset/Cattle Breeds/Gir/Gir_11.jPG,Gir_11.jPG,Cattle Breeds,Gir,1,0,1,0,0,0,0,0,0,0,0
dataset/Cattle Breeds/Gir/Gir_110.jpg,Gir_110.jpg,Cattle Breeds,Gir,1,0,1,0,0,0,0,0,0,0,0
dataset/Cattle Breeds/Gir/Gir_111.png,Gir_111.png,Cattle Breeds,Gir,1,0,1,0,0,0,0,0,0,0,0
dataset/Cattle Breeds/Gir/Gir_113.jpg,Gir_113.jpg,Cattle Breeds,Gir,1,0,1,0,0,0,0,0,0,0,0
dataset/Cattle Breeds/Gir/Gir_114.jpg,Gir_114.jpg,Cattle Breeds,Gir,1,0,1,0,0,0,0,0,0,0,0
dataset/Cattle Breeds/Gir/Gir_115.jpg,Gir_115.jpg,Cattle Breeds,Gir,1,0,1,0,0,0,0,0,0,0,0
dataset/Cattle Breeds/Gir/Gir_116.jpg,Gir_116.jpg,Cattle Breeds,Gir,1,0,1,0,0,0,0,0,0,0,0
dataset/Cattle Breeds/Gir/Gir_117.jpg,Gir_117.jpg,Cattle Breeds,Gir,1,0,1,0,0,0,0,0,0,0,0
dataset/Cattle Breeds/Gir/Gir_118.jpg,Gir_118.jpg,Cattle Breeds,Gir,1,0,1,0,0,0,0,0,0,0,0
dataset/Cattle Breeds/Gir/Gir_119.jpg,Gir_119.jpg,Cattle Breeds,Gir,1,0,1,0,0,0,0,0,0,0,0
dataset/Cattle Breeds/Gir/Gir_12.jPG,Gir_12.jPG,Cattle Breeds,Gir,1,0,1,0,0,0,0,0,0,0,0
dataset/Cattle Breeds/Gir/Gir_120.jpg,Gir_120.jpg,Cattle Breeds,Gir,1,0,1,0,0,0,0,0,0,0,0
dataset/Cattle Breeds/Gir/Gir_121.png,Gir_121.png,Cattle Breeds,Gir,1,0,1,0,0,0,0,0,0,0,0
dataset/Cattle Breeds/Gir/Gir_122.jpg,Gir_122.jpg,Cattle Breeds,Gir,1,0,1,0,0,0,0,0,0,0,0
dataset/Cattle Breeds/Gir/Gir_124.jpg,Gir_124.jpg,Cattle Breeds,Gir,1,0,1,0,0,0,0,0,0,0,0
dataset/Cattle Breeds/Gir/Gir_126.jpg,Gir_126.jpg,Cattle Breeds,Gir,1,0,1,0,0,0,0,0,0,0,0
dataset/Cattle Breeds/Gir/Gir_127.jpg,Gir_127.jpg,Cattle Breeds,Gir,1,0,1,0,0,0,0,0,0,0,0
dataset/Cattle Breeds/Gir/Gir_128.jpg,Gir_128.jpg,Cattle Breeds,Gir,1,0,1,0,0,0,0,0,0,0,0
dataset/Cattle Breeds/Gir/Gir_129.jpg,Gir_129.jpg,Cattle Breeds,Gir,1,0,1,0,0,0,0,0,0,0,0
dataset/Cattle Breeds/Gir/Gir_13.jPG,Gir_13.jPG,Cattle Breeds,Gir,1,0,1,0,0,0,0,0,0,0,0
dataset/Cattle Breeds/Gir/Gir_130.jpg,Gir_130.jpg,Cattle Breeds,Gir,1,0,1,0,0,0,0,0,0,0,0
dataset/Cattle Breeds/Gir/Gir_131.jpg,Gir_131.jpg,Cattle Breeds,Gir,1,0,1,0,0,0,0,0,0,0,0
dataset/Cattle Breeds/Gir/Gir_132.jpg,Gir_132.jpg,Cattle Breeds,Gir,1,0,1,0,0,0,0,0,0,0,0
dataset/Cattle Breeds/Gir/Gir_133.jpg,Gir_133.jpg,Cattle Breeds,Gir,1,0,1,0,0,0,0,0,0,0,0
dataset/Cattle Breeds/Gir/Gir_134.jpg,Gir_134.jpg,Cattle Breeds,Gir,1,0,1,0,0,0,0,0,0,0,0
dataset/Cattle Breeds/Gir/Gir_135.jpg,Gir_135.jpg,Cattle Breeds,Gir,1,0,1,0,0,0,0,0,0,0,0
dataset/Cattle Breeds/Gir/Gir_136.jpg,Gir_136.jpg,Cattle Breeds,Gir,1,0,1,0,0,0,0,0,0,0,0
dataset/Cattle Breeds/Gir/Gir_137.jpg,Gir_137.jpg,Cattle Breeds,Gir,1,0,1,0,0,0,0,0,0,0,0
dataset/Cattle Breeds/Gir/Gir_138.jpg,Gir_138.jpg,Cattle Breeds,Gir,1,0,1,0,0,0,0,0,0,0,0
dataset/Cattle Breeds/Gir/Gir_139.jpg,Gir_139.jpg,Cattle Breeds,Gir,1,0,1,0,0,0,0,0,0,0,0
dataset/Cattle Breeds/Gir/Gir_14.jPG,Gir_14.jPG,Cattle Breeds,Gir,1,0,1,0,0,0,0,0,0,0,0
dataset/Cattle Breeds/Gir/Gir_140.jpg,Gir_140.jpg,Cattle Breeds,Gir,1,0,1,0,0,0,0,0,0,0,0
dataset/Cattle Breeds/Gir/Gir_141.jpg,Gir_141.jpg,Cattle Breeds,Gir,1,0,1,0,0,0,0,0,0,0,0
dataset/Cattle Breeds/Gir/Gir_143.jpg,Gir_143.jpg,Cattle Breeds,Gir,1,0,1,0,0,0,0,0,0,0,0
dataset/Cattle Breeds/Gir/Gir_144.jpg,Gir_144.jpg,Cattle Breeds,Gir,1,0,1,0,0,0,0,0,0,0,0
dataset/Cattle Breeds/Gir/Gir_145.jpg,Gir_145.jpg,Cattle Breeds,Gir,1,0,1,0,0,0,0,0,0,0,0
dataset/Cattle Breeds/Gir/Gir_146.jpg,Gir_146.jpg,Cattle Breeds,Gir,1,0,1,0,0,0,0,0,0,0,0
dataset/Cattle Breeds/Gir/Gir_147.jpg,Gir_147.jpg,Cattle Breeds,Gir,1,0,1,0,0,0,0,0,0,0,0
dataset/Cattle Breeds/Gir/Gir_148.jpg,Gir_148.jpg,Cattle Breeds,Gir,1,0,1,0,0,0,0,0,0,0,0
dataset/Cattle Breeds/Gir/Gir_149.jpg,Gir_149.jpg,Cattle Breeds,Gir,1,0,1,0,0,0,0,0,0,0,0
dataset/Cattle Breeds/Gir/Gir_15.png,Gir_15.png,Cattle Breeds,Gir,1,0,1,0,0,0,0,0,0,0,0
dataset/Cattle Breeds/Gir/Gir_150.jpg,Gir_150.jpg,Cattle Breeds,Gir,1,0,1,0,0,0,0,0,0,0,0
dataset/Cattle Breeds/Gir/Gir_151.jpg,Gir_151.jpg,Cattle Breeds,Gir,1,0,1,0,0,0,0,0,0,0,0
dataset/Cattle Breeds/Gir/Gir_152.jpg,Gir_152.jpg,Cattle Breeds,Gir,1,0,1,0,0,0,0,0,0,0,0
dataset/Cattle Breeds/Gir/Gir_153.jpg,Gir_153.jpg,Cattle Breeds,Gir,1,0,1,0,0,0,0,0,0,0,0
dataset/Cattle Breeds/Gir/Gir_154.jpg,Gir_154.jpg,Cattle Breeds,Gir,1,0,1,0,0,0,0,0,0,0,0
dataset/Cattle Breeds/Gir/Gir_155.png,Gir_155.png,Cattle Breeds,Gir,1,0,1,0,0,0,0,0,0,0,0
dataset/Cattle Breeds/Gir/Gir_156.jpg,Gir_156.jpg,Cattle Breeds,Gir,1,0,1,0,0,0,0,0,0,0,0
dataset/Cattle Breeds/Gir/Gir_157.jpg,Gir_157.jpg,Cattle Breeds,Gir,1,0,1,0,0,0,0,0,0,0,0
dataset/Cattle Breeds/Gir/Gir_158.jpg,Gir_158.jpg,Cattle Breeds,Gir,1,0,1,0,0,0,0,0,0,0,0
dataset/Cattle Breeds/Gir/Gir_159.jpg,Gir_159.jpg,Cattle Breeds,Gir,1,0,1,0,0,0,0,0,0,0,0
dataset/Cattle Breeds/Gir/Gir_16.png,Gir_16.png,Cattle Breeds,Gir,1,0,1,0,0,0,0,0,0,0,0
dataset/Cattle Breeds/Gir/Gir_160.jpg,Gir_160.jpg,Cattle Breeds,Gir,1,0,1,0,0,0,0,0,0,0,0
dataset/Cattle Breeds/Gir/Gir_161.jpg,Gir_161.jpg,Cattle Breeds,Gir,1,0,1,0,0,0,0,0,0,0,0
dataset/Cattle Breeds/Gir/Gir_162.jpg,Gir_162.jpg,Cattle Breeds,Gir,1,0,1,0,0,0,0,0,0,0,0
dataset/Cattle Breeds/Gir/Gir_163.png,Gir_163.png,Cattle Breeds,Gir,1,0,1,0,0,0,0,0,0,0,0
dataset/Cattle Breeds/Gir/Gir_164.jpg,Gir_164.jpg,Cattle Breeds,Gir,1,0,1,0,0,0,0,0,0,0,0
dataset/Cattle Breeds/Gir/Gir_165.jpg,Gir_165.jpg,Cattle Breeds,Gir,1,0,1,0,0,0,0,0,0,0,0
dataset/Cattle Breeds/Gir/Gir_166.jpg,Gir_166.jpg,Cattle Breeds,Gir,1,0,1,0,0,0,0,0,0,0,0
dataset/Cattle Breeds/Gir/Gir_167.jpg,Gir_167.jpg,Cattle Breeds,Gir,1,0,1,0,0,0,0,0,0,0,0
dataset/Cattle Breeds/Gir/Gir_168.jpg,Gir_168.jpg,Cattle Breeds,Gir,1,0,1,0,0,0,0,0,0,0,0
dataset/Cattle Breeds/Gir/Gir_169.jpg,Gir_169.jpg,Cattle Breeds,Gir,1,0,1,0,0,0,0,0,0,0,0
dataset/Cattle Breeds/Gir/Gir_17.png,Gir_17.png,Cattle Breeds,Gir,1,0,1,0,0,0,0,0,0,0,0
dataset/Cattle Breeds/Gir/Gir_170.jpg,Gir_170.jpg,Cattle Breeds,Gir,1,0,1,0,0,0,0,0,0,0,0
dataset/Cattle Breeds/Gir/Gir_171.jpg,Gir_171.jpg,Cattle Breeds,Gir,1,0,1,0,0,0,0,0,0,0,0
dataset/Cattle Breeds/Gir/Gir_172.jpg,Gir_172.jpg,Cattle Breeds,Gir,1,0,1,0,0,0,0,0,0,0,0
dataset/Cattle Breeds/Gir/Gir_173.jpg,Gir_173.jpg,Cattle Breeds,Gir,1,0,1,0,0,0,0,0,0,0,0
dataset/Cattle Breeds/Gir/Gir_174.png,Gir_174.png,Cattle Breeds,Gir,1,0,1,0,0,0,0,0,0,0,0
dataset/Cattle Breeds/Gir/Gir_175.jpg,Gir_175.jpg,Cattle Breeds,Gir,1,0,1,0,0,0,0,0,0,0,0
dataset/Cattle Breeds/Gir/Gir_176.jpg,Gir_176.jpg,Cattle Breeds,Gir,1,0,1,0,0,0,0,0,0,0,0
dataset/Cattle Breeds/Gir/Gir_177.jpg,Gir_177.jpg,Cattle Breeds,Gir,1,0,1,0,0,0,0,0,0,0,0
dataset/Cattle Breeds/Gir/Gir_178.jpg,Gir_178.jpg,Cattle Breeds,Gir,1,0,1,0,0,0,0,0,0,0,0
dataset/Cattle Breeds/Gir/Gir_18.jpg,Gir_18.jpg,Cattle Breeds,Gir,1,0,1,0,0,0,0,0,0,0,0
dataset/Cattle Breeds/Gir/Gir_180.jpg,Gir_180.jpg,Cattle Breeds,Gir,1,0,1,0,0,0,0,0,0,0,0
dataset/Cattle Breeds/Gir/Gir_181.jpg,Gir_181.jpg,Cattle Breeds,Gir,1,0,1,0,0,0,0,0,0,0,0
dataset/Cattle Breeds/Gir/Gir_182.jpg,Gir_182.jpg,Cattle Breeds,Gir,1,0,1,0,0,0,0,0,0,0,0
dataset/Cattle Breeds/Gir/Gir_183.jpg,Gir_183.jpg,Cattle Breeds,Gir,1,0,1,0,0,0,0,0,0,0,0
dataset/Cattle Breeds/Gir/Gir_184.jpg,Gir_184.jpg,Cattle Breeds,Gir,1,0,1,0,0,0,0,0,0,0,0
dataset/Cattle Breeds/Gir/Gir_185.png,Gir_185.png,Cattle Breeds,Gir,1,0,1,0,0,0,0,0,0,0,0
dataset/Cattle Breeds/Gir/Gir_186.jpg,Gir_186.jpg,Cattle Breeds,Gir,1,0,1,0,0,0,0,0,0,0,0
dataset/Cattle Breeds/Gir/Gir_187.jpg,Gir_187.jpg,Cattle Breeds,Gir,1,0,1,0,0,0,0,0,0,0,0
dataset/Cattle Breeds/Gir/Gir_188.jpg,Gir_188.jpg,Cattle Breeds,Gir,1,0,1,0,0,0,0,0,0,0,0
dataset/Cattle Breeds/Gir/Gir_189.jpg,Gir_189.jpg,Cattle Breeds,Gir,1,0,1,0,0,0,0,0,0,0,0
dataset/Cattle Breeds/Gir/Gir_19.png,Gir_19.png,Cattle Breeds,Gir,1,0,1,0,0,0,0,0,0,0,0
dataset/Cattle Breeds/Gir/Gir_190.jpg,Gir_190.jpg,Cattle Breeds,Gir,1,0,1,0,0,0,0,0,0,0,0
dataset/Cattle Breeds/Gir/Gir_191.jpg,Gir_191.jpg,Cattle Breeds,Gir,1,0,1,0,0,0,0,0,0,0,0
dataset/Cattle Breeds/Gir/Gir_192.jpg,Gir_192.jpg,Cattle Breeds,Gir,1,0,1,0,0,0,0,0,0,0,0
dataset/Cattle Breeds/Gir/Gir_193.png,Gir_193.png,Cattle Breeds,Gir,1,0,1,0,0,0,0,0,0,0,0
dataset/Cattle Breeds/Gir/Gir_194.png,Gir_194.png,Cattle Breeds,Gir,1,0,1,0,0,0,0,0,0,0,0
dataset/Cattle Breeds/Gir/Gir_195.jpg,Gir_195.jpg,Cattle Breeds,Gir,1,0,1,0,0,0,0,0,0,0,0
dataset/Cattle Breeds/Gir/Gir_196.png,Gir_196.png,Cattle Breeds,Gir,1,0,1,0,0,0,0,0,0,0,0
dataset/Cattle Breeds/Gir/Gir_197.jpg,Gir_197.jpg,Cattle Breeds,Gir,1,0,1,0,0,0,0,0,0,0,0
dataset/Cattle Breeds/Gir/Gir_198.jpg,Gir_198.jpg,Cattle Breeds,Gir,1,0,1,0,0,0,0,0,0,0,0
dataset/Cattle Breeds/Gir/Gir_199.jpg,Gir_199.jpg,Cattle Breeds,Gir,1,0,1,0,0,0,0,0,0,0,0
dataset/Cattle Breeds/Gir/Gir_2.JPG,Gir_2.JPG,Cattle Breeds,Gir,1,0,1,0,0,0,0,0,0,0,0
dataset/Cattle Breeds/Gir/Gir_20.png,Gir_20.png,Cattle Breeds,Gir,1,0,1,0,0,0,0,0,0,0,0
dataset/Cattle Breeds/Gir/Gir_200.jpg,Gir_200.jpg,Cattle Breeds,Gir,1,0,1,0,0,0,0,0,0,0,0
dataset/Cattle Breeds/Gir/Gir_201.jpg,Gir_201.jpg,Cattle Breeds,Gir,1,0,1,0,0,0,0,0,0,0,0
dataset/Cattle Breeds/Gir/Gir_202.jpg,Gir_202.jpg,Cattle Breeds,Gir,1,0,1,0,0,0,0,0,0,0,0
dataset/Cattle Breeds/Gir/Gir_203.jpg,Gir_203.jpg,Cattle Breeds,Gir,1,0,1,0,0,0,0,0,0,0,0
dataset/Cattle Breeds/Gir/Gir_204.jpg,Gir_204.jpg,Cattle Breeds,Gir,1,0,1,0,0,0,0,0,0,0,0
dataset/Cattle Breeds/Gir/Gir_205.jpg,Gir_205.jpg,Cattle Breeds,Gir,1,0,1,0,0,0,0,0,0,0,0
dataset/Cattle Breeds/Gir/Gir_206.jpg,Gir_206.jpg,Cattle Breeds,Gir,1,0,1,0,0,0,0,0,0,0,0
dataset/Cattle Breeds/Gir/Gir_207.png,Gir_207.png,Cattle Breeds,Gir,1,0,1,0,0,0,0,0,0,0,0
dataset/Cattle Breeds/Gir/Gir_208.jpg,Gir_208.jpg,Cattle Breeds,Gir,1,0,1,0,0,0,0,0,0,0,0
dataset/Cattle Breeds/Gir/Gir_209.jpg,Gir_209.jpg,Cattle Breeds,Gir,1,0,1,0,0,0,0,0,0,0,0
dataset/Cattle Breeds/Gir/Gir_21.jpg,Gir_21.jpg,Cattle Breeds,Gir,1,0,1,0,0,0,0,0,0,0,0
dataset/Cattle Breeds/Gir/Gir_210.jpg,Gir_210.jpg,Cattle Breeds,Gir,1,0,1,0,0,0,0,0,0,0,0
dataset/Cattle Breeds/Gir/Gir_211.jpg,Gir_211.jpg,Cattle Breeds,Gir,1,0,1,0,0,0,0,0,0,0,0
dataset/Cattle Breeds/Gir/Gir_212.jpg,Gir_212.jpg,Cattle Breeds,Gir,1,0,1,0,0,0,0,0,0,0,0
dataset/Cattle Breeds/Gir/Gir_213.jpg,Gir_213.jpg,Cattle Breeds,Gir,1,0,1,0,0,0,0,0,0,0,0
dataset/Cattle Breeds/Gir/Gir_214.jpg,Gir_214.jpg,Cattle Breeds,Gir,1,0,1,0,0,0,0,0,0,0,0
dataset/Cattle Breeds/Gir/Gir_215.jpg,Gir_215.jpg,Cattle Breeds,Gir,1,0,1,0,0,0,0,0,0,0,0
dataset/Cattle Breeds/Gir/Gir_216.jpg,Gir_216.jpg,Cattle Breeds,Gir,1,0,1,0,0,0,0,0,0,0,0
dataset/Cattle Breeds/Gir/Gir_217.jpg,Gir_217.jpg,Cattle Breeds,Gir,1,0,1,0,0,0,0,0,0,0,0
dataset/Cattle Breeds/Gir/Gir_218.jpg,Gir_218.jpg,Cattle Breeds,Gir,1,0,1,0,0,0,0,0,0,0,0
dataset/Cattle Breeds/Gir/Gir_219.jpg,Gir_219.jpg,Cattle Breeds,Gir,1,0,1,0,0,0,0,0,0,0,0
dataset/Cattle Breeds/Gir/Gir_22.jpg,Gir_22.jpg,Cattle Breeds,Gir,1,0,1,0,0,0,0,0,0,0,0
dataset/Cattle Breeds/Gir/Gir_221.jpg,Gir_221.jpg,Cattle Breeds,Gir,1,0,1,0,0,0,0,0,0,0,0
dataset/Cattle Breeds/Gir/Gir_222.jpg,Gir_222.jpg,Cattle Breeds,Gir,1,0,1,0,0,0,0,0,0,0,0
dataset/Cattle Breeds/Gir/Gir_223.jpg,Gir_223.jpg,Cattle Breeds,Gir,1,0,1,0,0,0,0,0,0,0,0
dataset/Cattle Breeds/Gir/Gir_224.jpg,Gir_224.jpg,Cattle Breeds,Gir,1,0,1,0,0,0,0,0,0,0,0
dataset/Cattle Breeds/Gir/Gir_225.jpg,Gir_225.jpg,Cattle Breeds,Gir,1,0,1,0,0,0,0,0,0,0,0
dataset/Cattle Breeds/Gir/Gir_226.jpg,Gir_226.jpg,Cattle Breeds,Gir,1,0,1,0,0,0,0,0,0,0,0
dataset/Cattle Breeds/Gir/Gir_228.jpg,Gir_228.jpg,Cattle Breeds,Gir,1,0,1,0,0,0,0,0,0,0,0
dataset/Cattle Breeds/Gir/Gir_229.jpg,Gir_229.jpg,Cattle Breeds,Gir,1,0,1,0,0,0,0,0,0,0,0
dataset/Cattle Breeds/Gir/Gir_23.png,Gir_23.png,Cattle Breeds,Gir,1,0,1,0,0,0,0,0,0,0,0
dataset/Cattle Breeds/Gir/Gir_230.jpg,Gir_230.jpg,Cattle Breeds,Gir,1,0,1,0,0,0,0,0,0,0,0
dataset/Cattle Breeds/Gir/Gir_231.jpg,Gir_231.jpg,Cattle Breeds,Gir,1,0,1,0,0,0,0,0,0,0,0
dataset/Cattle Breeds/Gir/Gir_232.jpg,Gir_232.jpg,Cattle Breeds,Gir,1,0,1,0,0,0,0,0,0,0,0
dataset/Cattle Breeds/Gir/Gir_233.jpg,Gir_233.jpg,Cattle Breeds,Gir,1,0,1,0,0,0,0,0,0,0,0
dataset/Cattle Breeds/Gir/Gir_234.jpg,Gir_234.jpg,Cattle Breeds,Gir,1,0,1,0,0,0,0,0,0,0,0
dataset/Cattle Breeds/Gir/Gir_235.jpg,Gir_235.jpg,Cattle Breeds,Gir,1,0,1,0,0,0,0,0,0,0,0
dataset/Cattle Breeds/Gir/Gir_236.png,Gir_236.png,Cattle Breeds,Gir,1,0,1,0,0,0,0,0,0,0,0
dataset/Cattle Breeds/Gir/Gir_237.jpg,Gir_237.jpg,Cattle Breeds,Gir,1,0,1,0,0,0,0,0,0,0,0
dataset/Cattle Breeds/Gir/Gir_238.jpg,Gir_238.jpg,Cattle Breeds,Gir,1,0,1,0,0,0,0,0,0,0,0
dataset/Cattle Breeds/Gir/Gir_239.jpg,Gir_239.jpg,Cattle Breeds,Gir,1,0,1,0,0,0,0,0,0,0,0
dataset/Cattle Breeds/Gir/Gir_24.png,Gir_24.png,Cattle Breeds,Gir,1,0,1,0,0,0,0,0,0,0,0
dataset/Cattle Breeds/Gir/Gir_240.jpg,Gir_240.jpg,Cattle Breeds,Gir,1,0,1,0,0,0,0,0,0,0,0
dataset/Cattle Breeds/Gir/Gir_241.jpg,Gir_241.jpg,Cattle Breeds,Gir,1,0,1,0,0,0,0,0,0,0,0
dataset/Cattle Breeds/Gir/Gir_243.jpg,Gir_243.jpg,Cattle Breeds,Gir,1,0,1,0,0,0,0,0,0,0,0
dataset/Cattle Breeds/Gir/Gir_244.jpg,Gir_244.jpg,Cattle Breeds,Gir,1,0,1,0,0,0,0,0,0,0,0
dataset/Cattle Breeds/Gir/Gir_245.jpg,Gir_245.jpg,Cattle Breeds,Gir,1,0,1,0,0,0,0,0,0,0,0
dataset/Cattle Breeds/Gir/Gir_246.jpg,Gir_246.jpg,Cattle Breeds,Gir,1,0,1,0,0,0,0,0,0,0,0
dataset/Cattle Breeds/Gir/Gir_247.jpg,Gir_247.jpg,Cattle Breeds,Gir,1,0,1,0,0,0,0,0,0,0,0
dataset/Cattle Breeds/Gir/Gir_248.jpg,Gir_248.jpg,Cattle Breeds,Gir,1,0,1,0,0,0,0,0,0,0,0
dataset/Cattle Breeds/Gir/Gir_249.jpg,Gir_249.jpg,Cattle Breeds,Gir,1,0,1,0,0,0,0,0,0,0,0
dataset/Cattle Breeds/Gir/Gir_25.jpg,Gir_25.jpg,Cattle Breeds,Gir,1,0,1,0,0,0,0,0,0,0,0
dataset/Cattle Breeds/Gir/Gir_250.jpg,Gir_250.jpg,Cattle Breeds,Gir,1,0,1,0,0,0,0,0,0,0,0
dataset/Cattle Breeds/Gir/Gir_251.jpg,Gir_251.jpg,Cattle Breeds,Gir,1,0,1,0,0,0,0,0,0,0,0
dataset/Cattle Breeds/Gir/Gir_252.jpg,Gir_252.jpg,Cattle Breeds,Gir,1,0,1,0,0,0,0,0,0,0,0
dataset/Cattle Breeds/Gir/Gir_253.jpg,Gir_253.jpg,Cattle Breeds,Gir,1,0,1,0,0,0,0,0,0,0,0
dataset/Cattle Breeds/Gir/Gir_254.jpg,Gir_254.jpg,Cattle Breeds,Gir,1,0,1,0,0,0,0,0,0,0,0
dataset/Cattle Breeds/Gir/Gir_255.jpg,Gir_255.jpg,Cattle Breeds,Gir,1,0,1,0,0,0,0,0,0,0,0
dataset/Cattle Breeds/Gir/Gir_256.jpg,Gir_256.jpg,Cattle Breeds,Gir,1,0,1,0,0,0,0,0,0,0,0
dataset/Cattle Breeds/Gir/Gir_257.jpg,Gir_257.jpg,Cattle Breeds,Gir,1,0,1,0,0,0,0,0,0,0,0
dataset/Cattle Breeds/Gir/Gir_258.jpg,Gir_258.jpg,Cattle Breeds,Gir,1,0,1,0,0,0,0,0,0,0,0
dataset/Cattle Breeds/Gir/Gir_259.jpg,Gir_259.jpg,Cattle Breeds,Gir,1,0,1,0,0,0,0,0,0,0,0
dataset/Cattle Breeds/Gir/Gir_26.jpg,Gir_26.jpg,Cattle Breeds,Gir,1,0,1,0,0,0,0,0,0,0,0
dataset/Cattle Breeds/Gir/Gir_260.jpg,Gir_260.jpg,Cattle Breeds,Gir,1,0,1,0,0,0,0,0,0,0,0
dataset/Cattle Breeds/Gir/Gir_261.jpg,Gir_261.jpg,Cattle Breeds,Gir,1,0,1,0,0,0,0,0,0,0,0
dataset/Cattle Breeds/Gir/Gir_262.jpg,Gir_262.jpg,Cattle Breeds,Gir,1,0,1,0,0,0,0,0,0,0,0
dataset/Cattle Breeds/Gir/Gir_263.jpg,Gir_263.jpg,Cattle Breeds,Gir,1,0,1,0,0,0,0,0,0,0,0
dataset/Cattle Breeds/Gir/Gir_264.jpg,Gir_264.jpg,Cattle Breeds,Gir,1,0,1,0,0,0,0,0,0,0,0
dataset/Cattle Breeds/Gir/Gir_265.jpg,Gir_265.jpg,Cattle Breeds,Gir,1,0,1,0,0,0,0,0,0,0,0
dataset/Cattle Breeds/Gir/Gir_266.jpg,Gir_266.jpg,Cattle Breeds,Gir,1,0,1,0,0,0,0,0,0,0,0
dataset/Cattle Breeds/Gir/Gir_267.jpg,Gir_267.jpg,Cattle Breeds,Gir,1,0,1,0,0,0,0,0,0,0,0
dataset/Cattle Breeds/Gir/Gir_268.jpg,Gir_268.jpg,Cattle Breeds,Gir,1,0,1,0,0,0,0,0,0,0,0
dataset/Cattle Breeds/Gir/Gir_269.jpg,Gir_269.jpg,Cattle Breeds,Gir,1,0,1,0,0,0,0,0,0,0,0
dataset/Cattle Breeds/Gir/Gir_27.png,Gir_27.png,Cattle Breeds,Gir,1,0,1,0,0,0,0,0,0,0,0
dataset/Cattle Breeds/Gir/Gir_270.jpg,Gir_270.jpg,Cattle Breeds,Gir,1,0,1,0,0,0,0,0,0,0,0
dataset/Cattle Breeds/Gir/Gir_271.jpg,Gir_271.jpg,Cattle Breeds,Gir,1,0,1,0,0,0,0,0,0,0,0
dataset/Cattle Breeds/Gir/Gir_272.jpg,Gir_272.jpg,Cattle Breeds,Gir,1,0,1,0,0,0,0,0,0,0,0
dataset/Cattle Breeds/Gir/Gir_273.jpg,Gir_273.jpg,Cattle Breeds,Gir,1,0,1,0,0,0,0,0,0,0,0
dataset/Cattle Breeds/Gir/Gir_275.jpg,Gir_275.jpg,Cattle Breeds,Gir,1,0,1,0,0,0,0,0,0,0,0
dataset/Cattle Breeds/Gir/Gir_276.jpg,Gir_276.jpg,Cattle Breeds,Gir,1,0,1,0,0,0,0,0,0,0,0
dataset/Cattle Breeds/Gir/Gir_277.jpg,Gir_277.jpg,Cattle Breeds,Gir,1,0,1,0,0,0,0,0,0,0,0
dataset/Cattle Breeds/Gir/Gir_279.jpg,Gir_279.jpg,Cattle Breeds,Gir,1,0,1,0,0,0,0,0,0,0,0
dataset/Cattle Breeds/Gir/Gir_28.jpg,Gir_28.jpg,Cattle Breeds,Gir,1,0,1,0,0,0,0,0,0,0,0
dataset/Cattle Breeds/Gir/Gir_280.jpg,Gir_280.jpg,Cattle Breeds,Gir,1,0,1,0,0,0,0,0,0,0,0
dataset/Cattle Breeds/Gir/Gir_281.jpg,Gir_281.jpg,Cattle Breeds,Gir,1,0,1,0,0,0,0,0,0,0,0
dataset/Cattle Breeds/Gir/Gir_282.jpeg,Gir_282.jpeg,Cattle Breeds,Gir,1,0,1,0,0,0,0,0,0,0,0
dataset/Cattle Breeds/Gir/Gir_283.png,Gir_283.png,Cattle Breeds,Gir,1,0,1,0,0,0,0,0,0,0,0
dataset/Cattle Breeds/Gir/Gir_284.jpg,Gir_284.jpg,Cattle Breeds,Gir,1,0,1,0,0,0,0,0,0,0,0
dataset/Cattle Breeds/Gir/Gir_285.jpg,Gir_285.jpg,Cattle Breeds,Gir,1,0,1,0,0,0,0,0,0,0,0
dataset/Cattle Breeds/Gir/Gir_286.jpg,Gir_286.jpg,Cattle Breeds,Gir,1,0,1,0,0,0,0,0,0,0,0
dataset/Cattle Breeds/Gir/Gir_287.jpg,Gir_287.jpg,Cattle Breeds,Gir,1,0,1,0,0,0,0,0,0,0,0
dataset/Cattle Breeds/Gir/Gir_288.jpg,Gir_288.jpg,Cattle Breeds,Gir,1,0,1,0,0,0,0,0,0,0,0
dataset/Cattle Breeds/Gir/Gir_289.jpg,Gir_289.jpg,Cattle Breeds,Gir,1,0,1,0,0,0,0,0,0,0,0
dataset/Cattle Breeds/Gir/Gir_29.jpg,Gir_29.jpg,Cattle Breeds,Gir,1,0,1,0,0,0,0,0,0,0,0
dataset/Cattle Breeds/Gir/Gir_290.jpg,Gir_290.jpg,Cattle Breeds,Gir,1,0,1,0,0,0,0,0,0,0,0
dataset/Cattle Breeds/Gir/Gir_291.jpg,Gir_291.jpg,Cattle Breeds,Gir,1,0,1,0,0,0,0,0,0,0,0
dataset/Cattle Breeds/Gir/Gir_292.jpg,Gir_292.jpg,Cattle Breeds,Gir,1,0,1,0,0,0,0,0,0,0,0
dataset/Cattle Breeds/Gir/Gir_293.jpg,Gir_293.jpg,Cattle Breeds,Gir,1,0,1,0,0,0,0,0,0,0,0
dataset/Cattle Breeds/Gir/Gir_294.jpg,Gir_294.jpg,Cattle Breeds,Gir,1,0,1,0,0,0,0,0,0,0,0
dataset/Cattle Breeds/Gir/Gir_295.jpg,Gir_295.jpg,Cattle Breeds,Gir,1,0,1,0,0,0,0,0,0,0,0
dataset/Cattle Breeds/Gir/Gir_296.jpg,Gir_296.jpg,Cattle Breeds,Gir,1,0,1,0,0,0,0,0,0,0,0
dataset/Cattle Breeds/Gir/Gir_297.jpg,Gir_297.jpg,Cattle Breeds,Gir,1,0,1,0,0,0,0,0,0,0,0
dataset/Cattle Breeds/Gir/Gir_298.jpg,Gir_298.jpg,Cattle Breeds,Gir,1,0,1,0,0,0,0,0,0,0,0
dataset/Cattle Breeds/Gir/Gir_299.jpg,Gir_299.jpg,Cattle Breeds,Gir,1,0,1,0,0,0,0,0,0,0,0
dataset/Cattle Breeds/Gir/Gir_3.JPG,Gir_3.JPG,Cattle Breeds,Gir,1,0,1,0,0,0,0,0,0,0,0
dataset/Cattle Breeds/Gir/Gir_30.jpg,Gir_30.jpg,Cattle Breeds,Gir,1,0,1,0,0,0,0,0,0,0,0
dataset/Cattle Breeds/Gir/Gir_300.jpg,Gir_300.jpg,Cattle Breeds,Gir,1,0,1,0,0,0,0,0,0,0,0
dataset/Cattle Breeds/Gir/Gir_301.jpg,Gir_301.jpg,Cattle Breeds,Gir,1,0,1,0,0,0,0,0,0,0,0
dataset/Cattle Breeds/Gir/Gir_303.jpg,Gir_303.jpg,Cattle Breeds,Gir,1,0,1,0,0,0,0,0,0,0,0
dataset/Cattle Breeds/Gir/Gir_304.jpg,Gir_304.jpg,Cattle Breeds,Gir,1,0,1,0,0,0,0,0,0,0,0
dataset/Cattle Breeds/Gir/Gir_305.jpg,Gir_305.jpg,Cattle Breeds,Gir,1,0,1,0,0,0,0,0,0,0,0
dataset/Cattle Breeds/Gir/Gir_306.jpg,Gir_306.jpg,Cattle Breeds,Gir,1,0,1,0,0,0,0,0,0,0,0
dataset/Cattle Breeds/Gir/Gir_307.jpg,Gir_307.jpg,Cattle Breeds,Gir,1,0,1,0,0,0,0,0,0,0,0
dataset/Cattle Breeds/Gir/Gir_308.jpg,Gir_308.jpg,Cattle Breeds,Gir,1,0,1,0,0,0,0,0,0,0,0
dataset/Cattle Breeds/Gir/Gir_309.jpg,Gir_309.jpg,Cattle Breeds,Gir,1,0,1,0,0,0,0,0,0,0,0
dataset/Cattle Breeds/Gir/Gir_31.jpeg,Gir_31.jpeg,Cattle Breeds,Gir,1,0,1,0,0,0,0,0,0,0,0
dataset/Cattle Breeds/Gir/Gir_311.png,Gir_311.png,Cattle Breeds,Gir,1,0,1,0,0,0,0,0,0,0,0
dataset/Cattle Breeds/Gir/Gir_312.png,Gir_312.png,Cattle Breeds,Gir,1,0,1,0,0,0,0,0,0,0,0
dataset/Cattle Breeds/Gir/Gir_313.jpg,Gir_313.jpg,Cattle Breeds,Gir,1,0,1,0,0,0,0,0,0,0,0
dataset/Cattle Breeds/Gir/Gir_314.png,Gir_314.png,Cattle Breeds,Gir,1,0,1,0,0,0,0,0,0,0,0
dataset/Cattle Breeds/Gir/Gir_316.png,Gir_316.png,Cattle Breeds,Gir,1,0,1,0,0,0,0,0,0,0,0
dataset/Cattle Breeds/Gir/Gir_319.jpg,Gir_319.jpg,Cattle Breeds,Gir,1,0,1,0,0,0,0,0,0,0,0
dataset/Cattle Breeds/Gir/Gir_32.jpg,Gir_32.jpg,Cattle Breeds,Gir,1,0,1,0,0,0,0,0,0,0,0
dataset/Cattle Breeds/Gir/Gir_322.png,Gir_322.png,Cattle Breeds,Gir,1,0,1,0,0,0,0,0,0,0,0
dataset/Cattle Breeds/Gir/Gir_323.jpg,Gir_323.jpg,Cattle Breeds,Gir,1,0,1,0,0,0,0,0,0,0,0
dataset/Cattle Breeds/Gir/Gir_325.jpg,Gir_325.jpg,Cattle Breeds,Gir,1,0,1,0,0,0,0,0,0,0,0
dataset/Cattle Breeds/Gir/Gir_326.png,Gir_326.png,Cattle Breeds,Gir,1,0,1,0,0,0,0,0,0,0,0
dataset/Cattle Breeds/Gir/Gir_327.png,Gir_327.png,Cattle Breeds,Gir,1,0,1,0,0,0,0,0,0,0,0
dataset/Cattle Breeds/Gir/Gir_328.png,Gir_328.png,Cattle Breeds,Gir,1,0,1,0,0,0,0,0,0,0,0
dataset/Cattle Breeds/Gir/Gir_329.jpg,Gir_329.jpg,Cattle Breeds,Gir,1,0,1,0,0,0,0,0,0,0,0
dataset/Cattle Breeds/Gir/Gir_33.jpg,Gir_33.jpg,Cattle Breeds,Gir,1,0,1,0,0,0,0,0,0,0,0
dataset/Cattle Breeds/Gir/Gir_330.png,Gir_330.png,Cattle Breeds,Gir,1,0,1,0,0,0,0,0,0,0,0
dataset/Cattle Breeds/Gir/Gir_331.png,Gir_331.png,Cattle Breeds,Gir,1,0,1,0,0,0,0,0,0,0,0
dataset/Cattle Breeds/Gir/Gir_332.png,Gir_332.png,Cattle Breeds,Gir,1,0,1,0,0,0,0,0,0,0,0
dataset/Cattle Breeds/Gir/Gir_333.jpg,Gir_333.jpg,Cattle Breeds,Gir,1,0,1,0,0,0,0,0,0,0,0
dataset/Cattle Breeds/Gir/Gir_334.png,Gir_334.png,Cattle Breeds,Gir,1,0,1,0,0,0,0,0,0,0,0
dataset/Cattle Breeds/Gir/Gir_335.jpg,Gir_335.jpg,Cattle Breeds,Gir,1,0,1,0,0,0,0,0,0,0,0
dataset/Cattle Breeds/Gir/Gir_336.png,Gir_336.png,Cattle Breeds,Gir,1,0,1,0,0,0,0,0,0,0,0
dataset/Cattle Breeds/Gir/Gir_337.png,Gir_337.png,Cattle Breeds,Gir,1,0,1,0,0,0,0,0,0,0,0
dataset/Cattle Breeds/Gir/Gir_338.jpeg,Gir_338.jpeg,Cattle Breeds,Gir,1,0,1,0,0,0,0,0,0,0,0
dataset/Cattle Breeds/Gir/Gir_339.png,Gir_339.png,Cattle Breeds,Gir,1,0,1,0,0,0,0,0,0,0,0
dataset/Cattle Breeds/Gir/Gir_34.jpg,Gir_34.jpg,Cattle Breeds,Gir,1,0,1,0,0,0,0,0,0,0,0
dataset/Cattle Breeds/Gir/Gir_340.jpg,Gir_340.jpg,Cattle Breeds,Gir,1,0,1,0,0,0,0,0,0,0,0
dataset/Cattle Breeds/Gir/Gir_341.png,Gir_341.png,Cattle Breeds,Gir,1,0,1,0,0,0,0,0,0,0,0
dataset/Cattle Breeds/Gir/Gir_342.png,Gir_342.png,Cattle Breeds,Gir,1,0,1,0,0,0,0,0,0,0,0
dataset/Cattle Breeds/Gir/Gir_343.png,Gir_343.png,Cattle Breeds,Gir,1,0,1,0,0,0,0,0,0,0,0
dataset/Cattle Breeds/Gir/Gir_344.png,Gir_344.png,Cattle Breeds,Gir,1,0,1,0,0,0,0,0,0,0,0
dataset/Cattle Breeds/Gir/Gir_345.png,Gir_345.png,Cattle Breeds,Gir,1,0,1,0,0,0,0,0,0,0,0
dataset/Cattle Breeds/Gir/Gir_346.png,Gir_346.png,Cattle Breeds,Gir,1,0,1,0,0,0,0,0,0,0,0
dataset/Cattle Breeds/Gir/Gir_347.jpg,Gir_347.jpg,Cattle Breeds,Gir,1,0,1,0,0,0,0,0,0,0,0
dataset/Cattle Breeds/Gir/Gir_348.png,Gir_348.png,Cattle Breeds,Gir,1,0,1,0,0,0,0,0,0,0,0
dataset/Cattle Breeds/Gir/Gir_349.jpg,Gir_349.jpg,Cattle Breeds,Gir,1,0,1,0,0,0,0,0,0,0,0
dataset/Cattle Breeds/Gir/Gir_35.png,Gir_35.png,Cattle Breeds,Gir,1,0,1,0,0,0,0,0,0,0,0
dataset/Cattle Breeds/Gir/Gir_350.jpg,Gir_350.jpg,Cattle Breeds,Gir,1,0,1,0,0,0,0,0,0,0,0
dataset/Cattle Breeds/Gir/Gir_351.png,Gir_351.png,Cattle Breeds,Gir,1,0,1,0,0,0,0,0,0,0,0
dataset/Cattle Breeds/Gir/Gir_352.jpg,Gir_352.jpg,Cattle Breeds,Gir,1,0,1,0,0,0,0,0,0,0,0
dataset/Cattle Breeds/Gir/Gir_353.png,Gir_353.png,Cattle Breeds,Gir,1,0,1,0,0,0,0,0,0,0,0
dataset/Cattle Breeds/Gir/Gir_354.png,Gir_354.png,Cattle Breeds,Gir,1,0,1,0,0,0,0,0,0,0,0
dataset/Cattle Breeds/Gir/Gir_355.png,Gir_355.png,Cattle Breeds,Gir,1,0,1,0,0,0,0,0,0,0,0
dataset/Cattle Breeds/Gir/Gir_356.png,Gir_356.png,Cattle Breeds,Gir,1,0,1,0,0,0,0,0,0,0,0
dataset/Cattle Breeds/Gir/Gir_357.png,Gir_357.png,Cattle Breeds,Gir,1,0,1,0,0,0,0,0,0,0,0
dataset/Cattle Breeds/Gir/Gir_358.jpg,Gir_358.jpg,Cattle Breeds,Gir,1,0,1,0,0,0,0,0,0,0,0
dataset/Cattle Breeds/Gir/Gir_359.png,Gir_359.png,Cattle Breeds,Gir,1,0,1,0,0,0,0,0,0,0,0
dataset/Cattle Breeds/Gir/Gir_36.png,Gir_36.png,Cattle Breeds,Gir,1,0,1,0,0,0,0,0,0,0,0
dataset/Cattle Breeds/Gir/Gir_360.png,Gir_360.png,Cattle Breeds,Gir,1,0,1,0,0,0,0,0,0,0,0
dataset/Cattle Breeds/Gir/Gir_361.jpg,Gir_361.jpg,Cattle Breeds,Gir,1,0,1,0,0,0,0,0,0,0,0
dataset/Cattle Breeds/Gir/Gir_362.png,Gir_362.png,Cattle Breeds,Gir,1,0,1,0,0,0,0,0,0,0,0
dataset/Cattle Breeds/Gir/Gir_363.png,Gir_363.png,Cattle Breeds,Gir,1,0,1,0,0,0,0,0,0,0,0
dataset/Cattle Breeds/Gir/Gir_366.jpg,Gir_366.jpg,Cattle Breeds,Gir,1,0,1,0,0,0,0,0,0,0,0
dataset/Cattle Breeds/Gir/Gir_367.png,Gir_367.png,Cattle Breeds,Gir,1,0,1,0,0,0,0,0,0,0,0
dataset/Cattle Breeds/Gir/Gir_368.png,Gir_368.png,Cattle Breeds,Gir,1,0,1,0,0,0,0,0,0,0,0
dataset/Cattle Breeds/Gir/Gir_369.png,Gir_369.png,Cattle Breeds,Gir,1,0,1,0,0,0,0,0,0,0,0
dataset/Cattle Breeds/Gir/Gir_37.jpg,Gir_37.jpg,Cattle Breeds,Gir,1,0,1,0,0,0,0,0,0,0,0
dataset/Cattle Breeds/Gir/Gir_370.png,Gir_370.png,Cattle Breeds,Gir,1,0,1,0,0,0,0,0,0,0,0
dataset/Cattle Breeds/Gir/Gir_371.jpg,Gir_371.jpg,Cattle Breeds,Gir,1,0,1,0,0,0,0,0,0,0,0
dataset/Cattle Breeds/Gir/Gir_372.png,Gir_372.png,Cattle Breeds,Gir,1,0,1,0,0,0,0,0,0,0,0
dataset/Cattle Breeds/Gir/Gir_373.png,Gir_373.png,Cattle Breeds,Gir,1,0,1,0,0,0,0,0,0,0,0
dataset/Cattle Breeds/Gir/Gir_374.png,Gir_374.png,Cattle Breeds,Gir,1,0,1,0,0,0,0,0,0,0,0
dataset/Cattle Breeds/Gir/Gir_375.png,Gir_375.png,Cattle Breeds,Gir,1,0,1,0,0,0,0,0,0,0,0
dataset/Cattle Breeds/Gir/Gir_376.jpg,Gir_376.jpg,Cattle Breeds,Gir,1,0,1,0,0,0,0,0,0,0,0
dataset/Cattle Breeds/Gir/Gir_377.jPG,Gir_377.jPG,Cattle Breeds,Gir,1,0,1,0,0,0,0,0,0,0,0
dataset/Cattle Breeds/Gir/Gir_38.jpeg,Gir_38.jpeg,Cattle Breeds,Gir,1,0,1,0,0,0,0,0,0,0,0
dataset/Cattle Breeds/Gir/Gir_39.jpg,Gir_39.jpg,Cattle Breeds,Gir,1,0,1,0,0,0,0,0,0,0,0
dataset/Cattle Breeds/Gir/Gir_4.jPG,Gir_4.jPG,Cattle Breeds,Gir,1,0,1,0,0,0,0,0,0,0,0
dataset/Cattle Breeds/Gir/Gir_40.png,Gir_40.png,Cattle Breeds,Gir,1,0,1,0,0,0,0,0,0,0,0
dataset/Cattle Breeds/Gir/Gir_41.jpg,Gir_41.jpg,Cattle Breeds,Gir,1,0,1,0,0,0,0,0,0,0,0
dataset/Cattle Breeds/Gir/Gir_42.jpg,Gir_42.jpg,Cattle Breeds,Gir,1,0,1,0,0,0,0,0,0,0,0
dataset/Cattle Breeds/Gir/Gir_43.png,Gir_43.png,Cattle Breeds,Gir,1,0,1,0,0,0,0,0,0,0,0
dataset/Cattle Breeds/Gir/Gir_44.jpg,Gir_44.jpg,Cattle Breeds,Gir,1,0,1,0,0,0,0,0,0,0,0
dataset/Cattle Breeds/Gir/Gir_46.jpg,Gir_46.jpg,Cattle Breeds,Gir,1,0,1,0,0,0,0,0,0,0,0
dataset/Cattle Breeds/Gir/Gir_47.jpg,Gir_47.jpg,Cattle Breeds,Gir,1,0,1,0,0,0,0,0,0,0,0
dataset/Cattle Breeds/Gir/Gir_48.jpg,Gir_48.jpg,Cattle Breeds,Gir,1,0,1,0,0,0,0,0,0,0,0
dataset/Cattle Breeds/Gir/Gir_49.jpg,Gir_49.jpg,Cattle Breeds,Gir,1,0,1,0,0,0,0,0,0,0,0
dataset/Cattle Breeds/Gir/Gir_5.jPG,Gir_5.jPG,Cattle Breeds,Gir,1,0,1,0,0,0,0,0,0,0,0
dataset/Cattle Breeds/Gir/Gir_50.jpg,Gir_50.jpg,Cattle Breeds,Gir,1,0,1,0,0,0,0,0,0,0,0
dataset/Cattle Breeds/Gir/Gir_51.jpg,Gir_51.jpg,Cattle Breeds,Gir,1,0,1,0,0,0,0,0,0,0,0
dataset/Cattle Breeds/Gir/Gir_52.jpg,Gir_52.jpg,Cattle Breeds,Gir,1,0,1,0,0,0,0,0,0,0,0
dataset/Cattle Breeds/Gir/Gir_53.jpg,Gir_53.jpg,Cattle Breeds,Gir,1,0,1,0,0,0,0,0,0,0,0
dataset/Cattle Breeds/Gir/Gir_54.jpg,Gir_54.jpg,Cattle Breeds,Gir,1,0,1,0,0,0,0,0,0,0,0
dataset/Cattle Breeds/Gir/Gir_55.jpg,Gir_55.jpg,Cattle Breeds,Gir,1,0,1,0,0,0,0,0,0,0,0
dataset/Cattle Breeds/Gir/Gir_56.png,Gir_56.png,Cattle Breeds,Gir,1,0,1,0,0,0,0,0,0,0,0
dataset/Cattle Breeds/Gir/Gir_58.jpg,Gir_58.jpg,Cattle Breeds,Gir,1,0,1,0,0,0,0,0,0,0,0
dataset/Cattle Breeds/Gir/Gir_59.jpg,Gir_59.jpg,Cattle Breeds,Gir,1,0,1,0,0,0,0,0,0,0,0
dataset/Cattle Breeds/Gir/Gir_6.JPG,Gir_6.JPG,Cattle Breeds,Gir,1,0,1,0,0,0,0,0,0,0,0
dataset/Cattle Breeds/Gir/Gir_60.jpg,Gir_60.jpg,Cattle Breeds,Gir,1,0,1,0,0,0,0,0,0,0,0
dataset/Cattle Breeds/Gir/Gir_61.jpg,Gir_61.jpg,Cattle Breeds,Gir,1,0,1,0,0,0,0,0,0,0,0
dataset/Cattle Breeds/Gir/Gir_62.png,Gir_62.png,Cattle Breeds,Gir,1,0,1,0,0,0,0,0,0,0,0
dataset/Cattle Breeds/Gir/Gir_63.jpg,Gir_63.jpg,Cattle Breeds,Gir,1,0,1,0,0,0,0,0,0,0,0
dataset/Cattle Breeds/Gir/Gir_64.jpg,Gir_64.jpg,Cattle Breeds,Gir,1,0,1,0,0,0,0,0,0,0,0
dataset/Cattle Breeds/Gir/Gir_65.jpg,Gir_65.jpg,Cattle Breeds,Gir,1,0,1,0,0,0,0,0,0,0,0
dataset/Cattle Breeds/Gir/Gir_66.jpg,Gir_66.jpg,Cattle Breeds,Gir,1,0,1,0,0,0,0,0,0,0,0
dataset/Cattle Breeds/Gir/Gir_67.jpg,Gir_67.jpg,Cattle Breeds,Gir,1,0,1,0,0,0,0,0,0,0,0
dataset/Cattle Breeds/Gir/Gir_68.jpg,Gir_68.jpg,Cattle Breeds,Gir,1,0,1,0,0,0,0,0,0,0,0
dataset/Cattle Breeds/Gir/Gir_69.jpg,Gir_69.jpg,Cattle Breeds,Gir,1,0,1,0,0,0,0,0,0,0,0
dataset/Cattle Breeds/Gir/Gir_7.jPG,Gir_7.jPG,Cattle Breeds,Gir,1,0,1,0,0,0,0,0,0,0,0
dataset/Cattle Breeds/Gir/Gir_70.png,Gir_70.png,Cattle Breeds,Gir,1,0,1,0,0,0,0,0,0,0,0
dataset/Cattle Breeds/Gir/Gir_71.jpg,Gir_71.jpg,Cattle Breeds,Gir,1,0,1,0,0,0,0,0,0,0,0
dataset/Cattle Breeds/Gir/Gir_72.jpg,Gir_72.jpg,Cattle Breeds,Gir,1,0,1,0,0,0,0,0,0,0,0
dataset/Cattle Breeds/Gir/Gir_73.jpg,Gir_73.jpg,Cattle Breeds,Gir,1,0,1,0,0,0,0,0,0,0,0
dataset/Cattle Breeds/Gir/Gir_74.jpg,Gir_74.jpg,Cattle Breeds,Gir,1,0,1,0,0,0,0,0,0,0,0
dataset/Cattle Breeds/Gir/Gir_75.png,Gir_75.png,Cattle Breeds,Gir,1,0,1,0,0,0,0,0,0,0,0
dataset/Cattle Breeds/Gir/Gir_76.jpg,Gir_76.jpg,Cattle Breeds,Gir,1,0,1,0,0,0,0,0,0,0,0
dataset/Cattle Breeds/Gir/Gir_77.jpg,Gir_77.jpg,Cattle Breeds,Gir,1,0,1,0,0,0,0,0,0,0,0
dataset/Cattle Breeds/Gir/Gir_78.png,Gir_78.png,Cattle Breeds,Gir,1,0,1,0,0,0,0,0,0,0,0
dataset/Cattle Breeds/Gir/Gir_8.jPG,Gir_8.jPG,Cattle Breeds,Gir,1,0,1,0,0,0,0,0,0,0,0
dataset/Cattle Breeds/Gir/Gir_80.jpg,Gir_80.jpg,Cattle Breeds,Gir,1,0,1,0,0,0,0,0,0,0,0
dataset/Cattle Breeds/Gir/Gir_81.jpg,Gir_81.jpg,Cattle Breeds,Gir,1,0,1,0,0,0,0,0,0,0,0
dataset/Cattle Breeds/Gir/Gir_82.jpg,Gir_82.jpg,Cattle Breeds,Gir,1,0,1,0,0,0,0,0,0,0,0
dataset/Cattle Breeds/Gir/Gir_83.jpg,Gir_83.jpg,Cattle Breeds,Gir,1,0,1,0,0,0,0,0,0,0,0
dataset/Cattle Breeds/Gir/Gir_84.jpg,Gir_84.jpg,Cattle Breeds,Gir,1,0,1,0,0,0,0,0,0,0,0
dataset/Cattle Breeds/Gir/Gir_85.jpg,Gir_85.jpg,Cattle Breeds,Gir,1,0,1,0,0,0,0,0,0,0,0
dataset/Cattle Breeds/Gir/Gir_86.jpg,Gir_86.jpg,Cattle Breeds,Gir,1,0,1,0,0,0,0,0,0,0,0
dataset/Cattle Breeds/Gir/Gir_87.jpg,Gir_87.jpg,Cattle Breeds,Gir,1,0,1,0,0,0,0,0,0,0,0
dataset/Cattle Breeds/Gir/Gir_88.jpg,Gir_88.jpg,Cattle Breeds,Gir,1,0,1,0,0,0,0,0,0,0,0
dataset/Cattle Breeds/Gir/Gir_89.png,Gir_89.png,Cattle Breeds,Gir,1,0,1,0,0,0,0,0,0,0,0
dataset/Cattle Breeds/Gir/Gir_9.jPG,Gir_9.jPG,Cattle Breeds,Gir,1,0,1,0,0,0,0,0,0,0,0
dataset/Cattle Breeds/Gir/Gir_90.jpg,Gir_90.jpg,Cattle Breeds,Gir,1,0,1,0,0,0,0,0,0,0,0
dataset/Cattle Breeds/Gir/Gir_91.jpg,Gir_91.jpg,Cattle Breeds,Gir,1,0,1,0,0,0,0,0,0,0,0
dataset/Cattle Breeds/Gir/Gir_92.png,Gir_92.png,Cattle Breeds,Gir,1,0,1,0,0,0,0,0,0,0,0
dataset/Cattle Breeds/Gir/Gir_93.jpg,Gir_93.jpg,Cattle Breeds,Gir,1,0,1,0,0,0,0,0,0,0,0
dataset/Cattle Breeds/Gir/Gir_94.jpg,Gir_94.jpg,Cattle Breeds,Gir,1,0,1,0,0,0,0,0,0,0,0
dataset/Cattle Breeds/Gir/Gir_95.jpg,Gir_95.jpg,Cattle Breeds,Gir,1,0,1,0,0,0,0,0,0,0,0
dataset/Cattle Breeds/Gir/Gir_96.jpg,Gir_96.jpg,Cattle Breeds,Gir,1,0,1,0,0,0,0,0,0,0,0
dataset/Cattle Breeds/Gir/Gir_97.jpeg,Gir_97.jpeg,Cattle Breeds,Gir,1,0,1,0,0,0,0,0,0,0,0
dataset/Cattle Breeds/Gir/Gir_98.jpg,Gir_98.jpg,Cattle Breeds,Gir,1,0,1,0,0,0,0,0,0,0,0
dataset/Cattle Breeds/Gir/Gir_99.jpg,Gir_99.jpg,Cattle Breeds,Gir,1,0,1,0,0,0,0,0,0,0,0
dataset/Cattle Breeds/Jersey cattle/Jerseycattle0.jpg,Jerseycattle0.jpg,Cattle Breeds,Jersey cattle,3,0,0,0,1,0,0,0,0,0,0
dataset/Cattle Breeds/Jersey cattle/Jerseycattle0_c.jpg,Jerseycattle0_c.jpg,Cattle Breeds,Jersey cattle,3,0,0,0,1,0,0,0,0,0,0
dataset/Cattle Breeds/Jersey cattle/Jerseycattle1.jpg,Jerseycattle1.jpg,Cattle Breeds,Jersey cattle,3,0,0,0,1,0,0,0,0,0,0
dataset/Cattle Breeds/Jersey cattle/Jerseycattle10.jpg,Jerseycattle10.jpg,Cattle Breeds,Jersey cattle,3,0,0,0,1,0,0,0,0,0,0
dataset/Cattle Breeds/Jersey cattle/Jerseycattle100.jpg,Jerseycattle100.jpg,Cattle Breeds,Jersey cattle,3,0,0,0,1,0,0,0,0,0,0
dataset/Cattle Breeds/Jersey cattle/Jerseycattle100_c.jpg,Jerseycattle100_c.jpg,Cattle Breeds,Jersey cattle,3,0,0,0,1,0,0,0,0,0,0
dataset/Cattle Breeds/Jersey cattle/Jerseycattle101.jpg,Jerseycattle101.jpg,Cattle Breeds,Jersey cattle,3,0,0,0,1,0,0,0,0,0,0
dataset/Cattle Breeds/Jersey cattle/Jerseycattle101_c.jpg,Jerseycattle101_c.jpg,Cattle Breeds,Jersey cattle,3,0,0,0,1,0,0,0,0,0,0
dataset/Cattle Breeds/Jersey cattle/Jerseycattle103.jpg,Jerseycattle103.jpg,Cattle Breeds,Jersey cattle,3,0,0,0,1,0,0,0,0,0,0
dataset/Cattle Breeds/Jersey cattle/Jerseycattle103_c.jpg,Jerseycattle103_c.jpg,Cattle Breeds,Jersey cattle,3,0,0,0,1,0,0,0,0,0,0
dataset/Cattle Breeds/Jersey cattle/Jerseycattle104.jpg,Jerseycattle104.jpg,Cattle Breeds,Jersey cattle,3,0,0,0,1,0,0,0,0,0,0
dataset/Cattle Breeds/Jersey cattle/Jerseycattle104_c.jpg,Jerseycattle104_c.jpg,Cattle Breeds,Jersey cattle,3,0,0,0,1,0,0,0,0,0,0
dataset/Cattle Breeds/Jersey cattle/Jerseycattle105.jpg,Jerseycattle105.jpg,Cattle Breeds,Jersey cattle,3,0,0,0,1,0,0,0,0,0,0
dataset/Cattle Breeds/Jersey cattle/Jerseycattle105_c.jpg,Jerseycattle105_c.jpg,Cattle Breeds,Jersey cattle,3,0,0,0,1,0,0,0,0,0,0
dataset/Cattle Breeds/Jersey cattle/Jerseycattle106.jpg,Jerseycattle106.jpg,Cattle Breeds,Jersey cattle,3,0,0,0,1,0,0,0,0,0,0
dataset/Cattle Breeds/Jersey cattle/Jerseycattle106_c.jpg,Jerseycattle106_c.jpg,Cattle Breeds,Jersey cattle,3,0,0,0,1,0,0,0,0,0,0
dataset/Cattle Breeds/Jersey cattle/Jerseycattle107.jpg,Jerseycattle107.jpg,Cattle Breeds,Jersey cattle,3,0,0,0,1,0,0,0,0,0,0
dataset/Cattle Breeds/Jersey cattle/Jerseycattle107_c.jpg,Jerseycattle107_c.jpg,Cattle Breeds,Jersey cattle,3,0,0,0,1,0,0,0,0,0,0
dataset/Cattle Breeds/Jersey cattle/Jerseycattle108.jpg,Jerseycattle108.jpg,Cattle Breeds,Jersey cattle,3,0,0,0,1,0,0,0,0,0,0
dataset/Cattle Breeds/Jersey cattle/Jerseycattle108_c.jpg,Jerseycattle108_c.jpg,Cattle Breeds,Jersey cattle,3,0,0,0,1,0,0,0,0,0,0
dataset/Cattle Breeds/Jersey cattle/Jerseycattle109.jpg,Jerseycattle109.jpg,Cattle Breeds,Jersey cattle,3,0,0,0,1,0,0,0,0,0,0
dataset/Cattle Breeds/Jersey cattle/Jerseycattle109_c.jpg,Jerseycattle109_c.jpg,Cattle Breeds,Jersey cattle,3,0,0,0,1,0,0,0,0,0,0
dataset/Cattle Breeds/Jersey cattle/Jerseycattle10_c.jpg,Jerseycattle10_c.jpg,Cattle Breeds,Jersey cattle,3,0,0,0,1,0,0,0,0,0,0
dataset/Cattle Breeds/Jersey cattle/Jerseycattle11.jpg,Jerseycattle11.jpg,Cattle Breeds,Jersey cattle,3,0,0,0,1,0,0,0,0,0,0
dataset/Cattle Breeds/Jersey cattle/Jerseycattle110.jpg,Jerseycattle110.jpg,Cattle Breeds,Jersey cattle,3,0,0,0,1,0,0,0,0,0,0
dataset/Cattle Breeds/Jersey cattle/Jerseycattle110_c.jpg,Jerseycattle110_c.jpg,Cattle Breeds,Jersey cattle,3,0,0,0,1,0,0,0,0,0,0
dataset/Cattle Breeds/Jersey cattle/Jerseycattle111.jpg,Jerseycattle111.jpg,Cattle Breeds,Jersey cattle,3,0,0,0,1,0,0,0,0,0,0
dataset/Cattle Breeds/Jersey cattle/Jerseycattle111_c.jpg,Jerseycattle111_c.jpg,Cattle Breeds,Jersey cattle,3,0,0,0,1,0,0,0,0,0,0
dataset/Cattle Breeds/Jersey cattle/Jerseycattle112.jpg,Jerseycattle112.jpg,Cattle Breeds,Jersey cattle,3,0,0,0,1,0,0,0,0,0,0
dataset/Cattle Breeds/Jersey cattle/Jerseycattle112_c.jpg,Jerseycattle112_c.jpg,Cattle Breeds,Jersey cattle,3,0,0,0,1,0,0,0,0,0,0
dataset/Cattle Breeds/Jersey cattle/Jerseycattle113.jpg,Jerseycattle113.jpg,Cattle Breeds,Jersey cattle,3,0,0,0,1,0,0,0,0,0,0
dataset/Cattle Breeds/Jersey cattle/Jerseycattle113_c.jpg,Jerseycattle113_c.jpg,Cattle Breeds,Jersey cattle,3,0,0,0,1,0,0,0,0,0,0
dataset/Cattle Breeds/Jersey cattle/Jerseycattle115.jpg,Jerseycattle115.jpg,Cattle Breeds,Jersey cattle,3,0,0,0,1,0,0,0,0,0,0
dataset/Cattle Breeds/Jersey cattle/Jerseycattle115_c.jpg,Jerseycattle115_c.jpg,Cattle Breeds,Jersey cattle,3,0,0,0,1,0,0,0,0,0,0
dataset/Cattle Breeds/Jersey cattle/Jerseycattle116.jpg,Jerseycattle116.jpg,Cattle Breeds,Jersey cattle,3,0,0,0,1,0,0,0,0,0,0
dataset/Cattle Breeds/Jersey cattle/Jerseycattle116_c.jpg,Jerseycattle116_c.jpg,Cattle Breeds,Jersey cattle,3,0,0,0,1,0,0,0,0,0,0
dataset/Cattle Breeds/Jersey cattle/Jerseycattle118.jpg,Jerseycattle118.jpg,Cattle Breeds,Jersey cattle,3,0,0,0,1,0,0,0,0,0,0
dataset/Cattle Breeds/Jersey cattle/Jerseycattle118_c.jpg,Jerseycattle118_c.jpg,Cattle Breeds,Jersey cattle,3,0,0,0,1,0,0,0,0,0,0
dataset/Cattle Breeds/Jersey cattle/Jerseycattle119.jpg,Jerseycattle119.jpg,Cattle Breeds,Jersey cattle,3,0,0,0,1,0,0,0,0,0,0
dataset/Cattle Breeds/Jersey cattle/Jerseycattle119_c.jpg,Jerseycattle119_c.jpg,Cattle Breeds,Jersey cattle,3,0,0,0,1,0,0,0,0,0,0
dataset/Cattle Breeds/Jersey cattle/Jerseycattle11_c.jpg,Jerseycattle11_c.jpg,Cattle Breeds,Jersey cattle,3,0,0,0,1,0,0,0,0,0,0
dataset/Cattle Breeds/Jersey cattle/Jerseycattle12.jpg,Jerseycattle12.jpg,Cattle Breeds,Jersey cattle,3,0,0,0,1,0,0,0,0,0,0
dataset/Cattle Breeds/Jersey cattle/Jerseycattle120.jpg,Jerseycattle120.jpg,Cattle Breeds,Jersey cattle,3,0,0,0,1,0,0,0,0,0,0
dataset/Cattle Breeds/Jersey cattle/Jerseycattle120_c.jpg,Jerseycattle120_c.jpg,Cattle Breeds,Jersey cattle,3,0,0,0,1,0,0,0,0,0,0
dataset/Cattle Breeds/Jersey cattle/Jerseycattle121.jpg,Jerseycattle121.jpg,Cattle Breeds,Jersey cattle,3,0,0,0,1,0,0,0,0,0,0
dataset/Cattle Breeds/Jersey cattle/Jerseycattle121_c.jpg,Jerseycattle121_c.jpg,Cattle Breeds,Jersey cattle,3,0,0,0,1,0,0,0,0,0,0
dataset/Cattle Breeds/Jersey cattle/Jerseycattle122.jpg,Jerseycattle122.jpg,Cattle Breeds,Jersey cattle,3,0,0,0,1,0,0,0,0,0,0
dataset/Cattle Breeds/Jersey cattle/Jerseycattle122_c.jpg,Jerseycattle122_c.jpg,Cattle Breeds,Jersey cattle,3,0,0,0,1,0,0,0,0,0,0
dataset/Cattle Breeds/Jersey cattle/Jerseycattle123.jpg,Jerseycattle123.jpg,Cattle Breeds,Jersey cattle,3,0,0,0,1,0,0,0,0,0,0
dataset/Cattle Breeds/Jersey cattle/Jerseycattle123_c.jpg,Jerseycattle123_c.jpg,Cattle Breeds,Jersey cattle,3,0,0,0,1,0,0,0,0,0,0
dataset/Cattle Breeds/Jersey cattle/Jerseycattle124.jpg,Jerseycattle124.jpg,Cattle Breeds,Jersey cattle,3,0,0,0,1,0,0,0,0,0,0
dataset/Cattle Breeds/Jersey cattle/Jerseycattle124_c.jpg,Jerseycattle124_c.jpg,Cattle Breeds,Jersey cattle,3,0,0,0,1,0,0,0,0,0,0
dataset/Cattle Breeds/Jersey cattle/Jerseycattle125.jpg,Jerseycattle125.jpg,Cattle Breeds,Jersey cattle,3,0,0,0,1,0,0,0,0,0,0
dataset/Cattle Breeds/Jersey cattle/Jerseycattle125_c.jpg,Jerseycattle125_c.jpg,Cattle Breeds,Jersey cattle,3,0,0,0,1,0,0,0,0,0,0
dataset/Cattle Breeds/Jersey cattle/Jerseycattle126.jpg,Jerseycattle126.jpg,Cattle Breeds,Jersey cattle,3,0,0,0,1,0,0,0,0,0,0
dataset/Cattle Breeds/Jersey cattle/Jerseycattle126_c.jpg,Jerseycattle126_c.jpg,Cattle Breeds,Jersey cattle,3,0,0,0,1,0,0,0,0,0,0
dataset/Cattle Breeds/Jersey cattle/Jerseycattle127.jpg,Jerseycattle127.jpg,Cattle Breeds,Jersey cattle,3,0,0,0,1,0,0,0,0,0,0
dataset/Cattle Breeds/Jersey cattle/Jerseycattle127_c.jpg,Jerseycattle127_c.jpg,Cattle Breeds,Jersey cattle,3,0,0,0,1,0,0,0,0,0,0
dataset/Cattle Breeds/Jersey cattle/Jerseycattle128.jpg,Jerseycattle128.jpg,Cattle Breeds,Jersey cattle,3,0,0,0,1,0,0,0,0,0,0
dataset/Cattle Breeds/Jersey cattle/Jerseycattle128_c.jpg,Jerseycattle128_c.jpg,Cattle Breeds,Jersey cattle,3,0,0,0,1,0,0,0,0,0,0
dataset/Cattle Breeds/Jersey cattle/Jerseycattle129.jpg,Jerseycattle129.jpg,Cattle Breeds,Jersey cattle,3,0,0,0,1,0,0,0,0,0,0
dataset/Cattle Breeds/Jersey cattle/Jerseycattle129_c.jpg,Jerseycattle129_c.jpg,Cattle Breeds,Jersey cattle,3,0,0,0,1,0,0,0,0,0,0
dataset/Cattle Breeds/Jersey cattle/Jerseycattle12_c.jpg,Jerseycattle12_c.jpg,Cattle Breeds,Jersey cattle,3,0,0,0,1,0,0,0,0,0,0
dataset/Cattle Breeds/Jersey cattle/Jerseycattle13.jpg,Jerseycattle13.jpg,Cattle Breeds,Jersey cattle,3,0,0,0,1,0,0,0,0,0,0
dataset/Cattle Breeds/Jersey cattle/Jerseycattle130.jpg,Jerseycattle130.jpg,Cattle Breeds,Jersey cattle,3,0,0,0,1,0,0,0,0,0,0
dataset/Cattle Breeds/Jersey cattle/Jerseycattle130_c.jpg,Jerseycattle130_c.jpg,Cattle Breeds,Jersey cattle,3,0,0,0,1,0,0,0,0,0,0
dataset/Cattle Breeds/Jersey cattle/Jerseycattle131.jpg,Jerseycattle131.jpg,Cattle Breeds,Jersey cattle,3,0,0,0,1,0,0,0,0,0,0
dataset/Cattle Breeds/Jersey cattle/Jerseycattle131_c.jpg,Jerseycattle131_c.jpg,Cattle Breeds,Jersey cattle,3,0,0,0,1,0,0,0,0,0,0
dataset/Cattle Breeds/Jersey cattle/Jerseycattle132.jpg,Jerseycattle132.jpg,Cattle Breeds,Jersey cattle,3,0,0,0,1,0,0,0,0,0,0
dataset/Cattle Breeds/Jersey cattle/Jerseycattle132_c.jpg,Jerseycattle132_c.jpg,Cattle Breeds,Jersey cattle,3,0,0,0,1,0,0,0,0,0,0
dataset/Cattle Breeds/Jersey cattle/Jerseycattle133.jpg,Jerseycattle133.jpg,Cattle Breeds,Jersey cattle,3,0,0,0,1,0,0,0,0,0,0
dataset/Cattle Breeds/Jersey cattle/Jerseycattle133_c.jpg,Jerseycattle133_c.jpg,Cattle Breeds,Jersey cattle,3,0,0,0,1,0,0,0,0,0,0
dataset/Cattle Breeds/Jersey cattle/Jerseycattle134.jpg,Jerseycattle134.jpg,Cattle Breeds,Jersey cattle,3,0,0,0,1,0,0,0,0,0,0
dataset/Cattle Breeds/Jersey cattle/Jerseycattle134_c.jpg,Jerseycattle134_c.jpg,Cattle Breeds,Jersey cattle,3,0,0,0,1,0,0,0,0,0,0
dataset/Cattle Breeds/Jersey cattle/Jerseycattle135.jpg,Jerseycattle135.jpg,Cattle Breeds,Jersey cattle,3,0,0,0,1,0,0,0,0,0,0
dataset/Cattle Breeds/Jersey cattle/Jerseycattle135_c.jpg,Jerseycattle135_c.jpg,Cattle Breeds,Jersey cattle,3,0,0,0,1,0,0,0,0,0,0
dataset/Cattle Breeds/Jersey cattle/Jerseycattle136.jpg,Jerseycattle136.jpg,Cattle Breeds,Jersey cattle,3,0,0,0,1,0,0,0,0,0,0
dataset/Cattle Breeds/Jersey cattle/Jerseycattle136_c.jpg,Jerseycattle136_c.jpg,Cattle Breeds,Jersey cattle,3,0,0,0,1,0,0,0,0,0,0
dataset/Cattle Breeds/Jersey cattle/Jerseycattle137.jpg,Jerseycattle137.jpg,Cattle Breeds,Jersey cattle,3,0,0,0,1,0,0,0,0,0,0
dataset/Cattle Breeds/Jersey cattle/Jerseycattle137_c.jpg,Jerseycattle137_c.jpg,Cattle Breeds,Jersey cattle,3,0,0,0,1,0,0,0,0,0,0
dataset/Cattle Breeds/Jersey cattle/Jerseycattle138.jpg,Jerseycattle138.jpg,Cattle Breeds,Jersey cattle,3,0,0,0,1,0,0,0,0,0,0
dataset/Cattle Breeds/Jersey cattle/Jerseycattle138_c.jpg,Jerseycattle138_c.jpg,Cattle Breeds,Jersey cattle,3,0,0,0,1,0,0,0,0,0,0
dataset/Cattle Breeds/Jersey cattle/Jerseycattle13_c.jpg,Jerseycattle13_c.jpg,Cattle Breeds,Jersey cattle,3,0,0,0,1,0,0,0,0,0,0
dataset/Cattle Breeds/Jersey cattle/Jerseycattle14.jpg,Jerseycattle14.jpg,Cattle Breeds,Jersey cattle,3,0,0,0,1,0,0,0,0,0,0
dataset/Cattle Breeds/Jersey cattle/Jerseycattle141.jpg,Jerseycattle141.jpg,Cattle Breeds,Jersey cattle,3,0,0,0,1,0,0,0,0,0,0
dataset/Cattle Breeds/Jersey cattle/Jerseycattle141_c.jpg,Jerseycattle141_c.jpg,Cattle Breeds,Jersey cattle,3,0,0,0,1,0,0,0,0,0,0
dataset/Cattle Breeds/Jersey cattle/Jerseycattle142.jpg,Jerseycattle142.jpg,Cattle Breeds,Jersey cattle,3,0,0,0,1,0,0,0,0,0,0
dataset/Cattle Breeds/Jersey cattle/Jerseycattle142_c.jpg,Jerseycattle142_c.jpg,Cattle Breeds,Jersey cattle,3,0,0,0,1,0,0,0,0,0,0
dataset/Cattle Breeds/Jersey cattle/Jerseycattle143.jpg,Jerseycattle143.jpg,Cattle Breeds,Jersey cattle,3,0,0,0,1,0,0,0,0,0,0
dataset/Cattle Breeds/Jersey cattle/Jerseycattle143_c.jpg,Jerseycattle143_c.jpg,Cattle Breeds,Jersey cattle,3,0,0,0,1,0,0,0,0,0,0
dataset/Cattle Breeds/Jersey cattle/Jerseycattle144.jpg,Jerseycattle144.jpg,Cattle Breeds,Jersey cattle,3,0,0,0,1,0,0,0,0,0,0
dataset/Cattle Breeds/Jersey cattle/Jerseycattle144_c.jpg,Jerseycattle144_c.jpg,Cattle Breeds,Jersey cattle,3,0,0,0,1,0,0,0,0,0,0
dataset/Cattle Breeds/Jersey cattle/Jerseycattle146.jpg,Jerseycattle146.jpg,Cattle Breeds,Jersey cattle,3,0,0,0,1,0,0,0,0,0,0
dataset/Cattle Breeds/Jersey cattle/Jerseycattle146_c.jpg,Jerseycattle146_c.jpg,Cattle Breeds,Jersey cattle,3,0,0,0,1,0,0,0,0,0,0
dataset/Cattle Breeds/Jersey cattle/Jerseycattle147.jpg,Jerseycattle147.jpg,Cattle Breeds,Jersey cattle,3,0,0,0,1,0,0,0,0,0,0
dataset/Cattle Breeds/Jersey cattle/Jerseycattle147_c.jpg,Jerseycattle147_c.jpg,Cattle Breeds,Jersey cattle,3,0,0,0,1,0,0,0,0,0,0
dataset/Cattle Breeds/Jersey cattle/Jerseycattle148.jpg,Jerseycattle148.jpg,Cattle Breeds,Jersey cattle,3,0,0,0,1,0,0,0,0,0,0
dataset/Cattle Breeds/Jersey cattle/Jerseycattle148_c.jpg,Jerseycattle148_c.jpg,Cattle Breeds,Jersey cattle,3,0,0,0,1,0,0,0,0,0,0
dataset/Cattle Breeds/Jersey cattle/Jerseycattle149.jpg,Jerseycattle149.jpg,Cattle Breeds,Jersey cattle,3,0,0,0,1,0,0,0,0,0,0
dataset/Cattle Breeds/Jersey cattle/Jerseycattle149_c.jpg,Jerseycattle149_c.jpg,Cattle Breeds,Jersey cattle,3,0,0,0,1,0,0,0,0,0,0
dataset/Cattle Breeds/Jersey cattle/Jerseycattle14_c.jpg,Jerseycattle14_c.jpg,Cattle Breeds,Jersey cattle,3,0,0,0,1,0,0,0,0,0,0
dataset/Cattle Breeds/Jersey cattle/Jerseycattle15.jpg,Jerseycattle15.jpg,Cattle Breeds,Jersey cattle,3,0,0,0,1,0,0,0,0,0,0
dataset/Cattle Breeds/Jersey cattle/Jerseycattle15_c.jpg,Jerseycattle15_c.jpg,Cattle Breeds,Jersey cattle,3,0,0,0,1,0,0,0,0,0,0
dataset/Cattle Breeds/Jersey cattle/Jerseycattle17.jpg,Jerseycattle17.jpg,Cattle Breeds,Jersey cattle,3,0,0,0,1,0,0,0,0,0,0
dataset/Cattle Breeds/Jersey cattle/Jerseycattle17_c.jpg,Jerseycattle17_c.jpg,Cattle Breeds,Jersey cattle,3,0,0,0,1,0,0,0,0,0,0
dataset/Cattle Breeds/Jersey cattle/Jerseycattle19.jpg,Jerseycattle19.jpg,Cattle Breeds,Jersey cattle,3,0,0,0,1,0,0,0,0,0,0
dataset/Cattle Breeds/Jersey cattle/Jerseycattle19_c.jpg,Jerseycattle19_c.jpg,Cattle Breeds,Jersey cattle,3,0,0,0,1,0,0,0,0,0,0
dataset/Cattle Breeds/Jersey cattle/Jerseycattle1_c.jpg,Jerseycattle1_c.jpg,Cattle Breeds,Jersey cattle,3,0,0,0,1,0,0,0,0,0,0
dataset/Cattle Breeds/Jersey cattle/Jerseycattle2.jpg,Jerseycattle2.jpg,Cattle Breeds,Jersey cattle,3,0,0,0,1,0,0,0,0,0,0
dataset/Cattle Breeds/Jersey cattle/Jerseycattle20.jpg,Jerseycattle20.jpg,Cattle Breeds,Jersey cattle,3,0,0,0,1,0,0,0,0,0,0
dataset/Cattle Breeds/Jersey cattle/Jerseycattle20_c.jpg,Jerseycattle20_c.jpg,Cattle Breeds,Jersey cattle,3,0,0,0,1,0,0,0,0,0,0
dataset/Cattle Breeds/Jersey cattle/Jerseycattle21.jpg,Jerseycattle21.jpg,Cattle Breeds,Jersey cattle,3,0,0,0,1,0,0,0,0,0,0
dataset/Cattle Breeds/Jersey cattle/Jerseycattle21_c.jpg,Jerseycattle21_c.jpg,Cattle Breeds,Jersey cattle,3,0,0,0,1,0,0,0,0,0,0
dataset/Cattle Breeds/Jersey cattle/Jerseycattle22.jpg,Jerseycattle22.jpg,Cattle Breeds,Jersey cattle,3,0,0,0,1,0,0,0,0,0,0
dataset/Cattle Breeds/Jersey cattle/Jerseycattle22_c.jpg,Jerseycattle22_c.jpg,Cattle Breeds,Jersey cattle,3,0,0,0,1,0,0,0,0,0,0
dataset/Cattle Breeds/Jersey cattle/Jerseycattle23.jpg,Jerseycattle23.jpg,Cattle Breeds,Jersey cattle,3,0,0,0,1,0,0,0,0,0,0
dataset/Cattle Breeds/Jersey cattle/Jerseycattle23_c.jpg,Jerseycattle23_c.jpg,Cattle Breeds,Jersey cattle,3,0,0,0,1,0,0,0,0,0,0
dataset/Cattle Breeds/Jersey cattle/Jerseycattle24.jpg,Jerseycattle24.jpg,Cattle Breeds,Jersey cattle,3,0,0,0,1,0,0,0,0,0,0
dataset/Cattle Breeds/Jersey cattle/Jerseycattle24_c.jpg,Jerseycattle24_c.jpg,Cattle Breeds,Jersey cattle,3,0,0,0,1,0,0,0,0,0,0
dataset/Cattle Breeds/Jersey cattle/Jerseycattle25.jpg,Jerseycattle25.jpg,Cattle Breeds,Jersey cattle,3,0,0,0,1,0,0,0,0,0,0
dataset/Cattle Breeds/Jersey cattle/Jerseycattle25_c.jpg,Jerseycattle25_c.jpg,Cattle Breeds,Jersey cattle,3,0,0,0,1,0,0,0,0,0,0
dataset/Cattle Breeds/Jersey cattle/Jerseycattle26.jpg,Jerseycattle26.jpg,Cattle Breeds,Jersey cattle,3,0,0,0,1,0,0,0,0,0,0
dataset/Cattle Breeds/Jersey cattle/Jerseycattle26_c.jpg,Jerseycattle26_c.jpg,Cattle Breeds,Jersey cattle,3,0,0,0,1,0,0,0,0,0,0
dataset/Cattle Breeds/Jersey cattle/Jerseycattle27.jpg,Jerseycattle27.jpg,Cattle Breeds,Jersey cattle,3,0,0,0,1,0,0,0,0,0,0
dataset/Cattle Breeds/Jersey cattle/Jerseycattle27_c.jpg,Jerseycattle27_c.jpg,Cattle Breeds,Jersey cattle,3,0,0,0,1,0,0,0,0,0,0
dataset/Cattle Breeds/Jersey cattle/Jerseycattle28.jpg,Jerseycattle28.jpg,Cattle Breeds,Jersey cattle,3,0,0,0,1,0,0,0,0,0,0
dataset/Cattle Breeds/Jersey cattle/Jerseycattle28_c.jpg,Jerseycattle28_c.jpg,Cattle Breeds,Jersey cattle,3,0,0,0,1,0,0,0,0,0,0
dataset/Cattle Breeds/Jersey cattle/Jerseycattle2_c.jpg,Jerseycattle2_c.jpg,Cattle Breeds,Jersey cattle,3,0,0,0,1,0,0,0,0,0,0
dataset/Cattle Breeds/Jersey cattle/Jerseycattle3.jpg,Jerseycattle3.jpg,Cattle Breeds,Jersey cattle,3,0,0,0,1,0,0,0,0,0,0
dataset/Cattle Breeds/Jersey cattle/Jerseycattle30.jpg,Jerseycattle30.jpg,Cattle Breeds,Jersey cattle,3,0,0,0,1,0,0,0,0,0,0
dataset/Cattle Breeds/Jersey cattle/Jerseycattle30_c.jpg,Jerseycattle30_c.jpg,Cattle Breeds,Jersey cattle,3,0,0,0,1,0,0,0,0,0,0
dataset/Cattle Breeds/Jersey cattle/Jerseycattle31.jpg,Jerseycattle31.jpg,Cattle Breeds,Jersey cattle,3,0,0,0,1,0,0,0,0,0,0
dataset/Cattle Breeds/Jersey cattle/Jerseycattle31_c.jpg,Jerseycattle31_c.jpg,Cattle Breeds,Jersey cattle,3,0,0,0,1,0,0,0,0,0,0
dataset/Cattle Breeds/Jersey cattle/Jerseycattle32.jpg,Jerseycattle32.jpg,Cattle Breeds,Jersey cattle,3,0,0,0,1,0,0,0,0,0,0
dataset/Cattle Breeds/Jersey cattle/Jerseycattle32_c.jpg,Jerseycattle32_c.jpg,Cattle Breeds,Jersey cattle,3,0,0,0,1,0,0,0,0,0,0
dataset/Cattle Breeds/Jersey cattle/Jerseycattle33.jpg,Jerseycattle33.jpg,Cattle Breeds,Jersey cattle,3,0,0,0,1,0,0,0,0,0,0
dataset/Cattle Breeds/Jersey cattle/Jerseycattle33_c.jpg,Jerseycattle33_c.jpg,Cattle Breeds,Jersey cattle,3,0,0,0,1,0,0,0,0,0,0
dataset/Cattle Breeds/Jersey cattle/Jerseycattle34.jpg,Jerseycattle34.jpg,Cattle Breeds,Jersey cattle,3,0,0,0,1,0,0,0,0,0,0
dataset/Cattle Breeds/Jersey cattle/Jerseycattle34_c.jpg,Jerseycattle34_c.jpg,Cattle Breeds,Jersey cattle,3,0,0,0,1,0,0,0,0,0,0
dataset/Cattle Breeds/Jersey cattle/Jerseycattle35.jpg,Jerseycattle35.jpg,Cattle Breeds,Jersey cattle,3,0,0,0,1,0,0,0,0,0,0
dataset/Cattle Breeds/Jersey cattle/Jerseycattle35_c.jpg,Jerseycattle35_c.jpg,Cattle Breeds,Jersey cattle,3,0,0,0,1,0,0,0,0,0,0
dataset/Cattle Breeds/Jersey cattle/Jerseycattle38.jpg,Jerseycattle38.jpg,Cattle Breeds,Jersey cattle,3,0,0,0,1,0,0,0,0,0,0
dataset/Cattle Breeds/Jersey cattle/Jerseycattle38_c.jpg,Jerseycattle38_c.jpg,Cattle Breeds,Jersey cattle,3,0,0,0,1,0,0,0,0,0,0
dataset/Cattle Breeds/Jersey cattle/Jerseycattle3_c.jpg,Jerseycattle3_c.jpg,Cattle Breeds,Jersey cattle,3,0,0,0,1,0,0,0,0,0,0
dataset/Cattle Breeds/Jersey cattle/Jerseycattle4.jpg,Jerseycattle4.jpg,Cattle Breeds,Jersey cattle,3,0,0,0,1,0,0,0,0,0,0
dataset/Cattle Breeds/Jersey cattle/Jerseycattle40.jpg,Jerseycattle40.jpg,Cattle Breeds,Jersey cattle,3,0,0,0,1,0,0,0,0,0,0
dataset/Cattle Breeds/Jersey cattle/Jerseycattle40_c.jpg,Jerseycattle40_c.jpg,Cattle Breeds,Jersey cattle,3,0,0,0,1,0,0,0,0,0,0
dataset/Cattle Breeds/Jersey cattle/Jerseycattle43.jpg,Jerseycattle43.jpg,Cattle Breeds,Jersey cattle,3,0,0,0,1,0,0,0,0,0,0
dataset/Cattle Breeds/Jersey cattle/Jerseycattle43_c.jpg,Jerseycattle43_c.jpg,Cattle Breeds,Jersey cattle,3,0,0,0,1,0,0,0,0,0,0
dataset/Cattle Breeds/Jersey cattle/Jerseycattle45.jpg,Jerseycattle45.jpg,Cattle Breeds,Jersey cattle,3,0,0,0,1,0,0,0,0,0,0
dataset/Cattle Breeds/Jersey cattle/Jerseycattle45_c.jpg,Jerseycattle45_c.jpg,Cattle Breeds,Jersey cattle,3,0,0,0,1,0,0,0,0,0,0
dataset/Cattle Breeds/Jersey cattle/Jerseycattle46.jpg,Jerseycattle46.jpg,Cattle Breeds,Jersey cattle,3,0,0,0,1,0,0,0,0,0,0
dataset/Cattle Breeds/Jersey cattle/Jerseycattle46_c.jpg,Jerseycattle46_c.jpg,Cattle Breeds,Jersey cattle,3,0,0,0,1,0,0,0,0,0,0
dataset/Cattle Breeds/Jersey cattle/Jerseycattle47.jpg,Jerseycattle47.jpg,Cattle Breeds,Jersey cattle,3,0,0,0,1,0,0,0,0,0,0
dataset/Cattle Breeds/Jersey cattle/Jerseycattle47_c.jpg,Jerseycattle47_c.jpg,Cattle Breeds,Jersey cattle,3,0,0,0,1,0,0,0,0,0,0
dataset/Cattle Breeds/Jersey cattle/Jerseycattle48.jpg,Jerseycattle48.jpg,Cattle Breeds,Jersey cattle,3,0,0,0,1,0,0,0,0,0,0
dataset/Cattle Breeds/Jersey cattle/Jerseycattle48_c.jpg,Jerseycattle48_c.jpg,Cattle Breeds,Jersey cattle,3,0,0,0,1,0,0,0,0,0,0
dataset/Cattle Breeds/Jersey cattle/Jerseycattle49.jpg,Jerseycattle49.jpg,Cattle Breeds,Jersey cattle,3,0,0,0,1,0,0,0,0,0,0
dataset/Cattle Breeds/Jersey cattle/Jerseycattle49_c.jpg,Jerseycattle49_c.jpg,Cattle Breeds,Jersey cattle,3,0,0,0,1,0,0,0,0,0,0
dataset/Cattle Breeds/Jersey cattle/Jerseycattle4_c.jpg,Jerseycattle4_c.jpg,Cattle Breeds,Jersey cattle,3,0,0,0,1,0,0,0,0,0,0
dataset/Cattle Breeds/Jersey cattle/Jerseycattle5.jpg,Jerseycattle5.jpg,Cattle Breeds,Jersey cattle,3,0,0,0,1,0,0,0,0,0,0
dataset/Cattle Breeds/Jersey cattle/Jerseycattle50.jpg,Jerseycattle50.jpg,Cattle Breeds,Jersey cattle,3,0,0,0,1,0,0,0,0,0,0
dataset/Cattle Breeds/Jersey cattle/Jerseycattle50_c.jpg,Jerseycattle50_c.jpg,Cattle Breeds,Jersey cattle,3,0,0,0,1,0,0,0,0,0,0
dataset/Cattle Breeds/Jersey cattle/Jerseycattle52.jpg,Jerseycattle52.jpg,Cattle Breeds,Jersey cattle,3,0,0,0,1,0,0,0,0,0,0
dataset/Cattle Breeds/Jersey cattle/Jerseycattle52_c.jpg,Jerseycattle52_c.jpg,Cattle Breeds,Jersey cattle,3,0,0,0,1,0,0,0,0,0,0
dataset/Cattle Breeds/Jersey cattle/Jerseycattle54.jpg,Jerseycattle54.jpg,Cattle Breeds,Jersey cattle,3,0,0,0,1,0,0,0,0,0,0
dataset/Cattle Breeds/Jersey cattle/Jerseycattle54_c.jpg,Jerseycattle54_c.jpg,Cattle Breeds,Jersey cattle,3,0,0,0,1,0,0,0,0,0,0
dataset/Cattle Breeds/Jersey cattle/Jerseycattle55.jpg,Jerseycattle55.jpg,Cattle Breeds,Jersey cattle,3,0,0,0,1,0,0,0,0,0,0
dataset/Cattle Breeds/Jersey cattle/Jerseycattle55_c.jpg,Jerseycattle55_c.jpg,Cattle Breeds,Jersey cattle,3,0,0,0,1,0,0,0,0,0,0
dataset/Cattle Breeds/Jersey cattle/Jerseycattle56.jpg,Jerseycattle56.jpg,Cattle Breeds,Jersey cattle,3,0,0,0,1,0,0,0,0,0,0
dataset/Cattle Breeds/Jersey cattle/Jerseycattle56_c.jpg,Jerseycattle56_c.jpg,Cattle Breeds,Jersey cattle,3,0,0,0,1,0,0,0,0,0,0
dataset/Cattle Breeds/Jersey cattle/Jerseycattle57.jpg,Jerseycattle57.jpg,Cattle Breeds,Jersey cattle,3,0,0,0,1,0,0,0,0,0,0
dataset/Cattle Breeds/Jersey cattle/Jerseycattle57_c.jpg,Jerseycattle57_c.jpg,Cattle Breeds,Jersey cattle,3,0,0,0,1,0,0,0,0,0,0
dataset/Cattle Breeds/Jersey cattle/Jerseycattle58.jpg,Jerseycattle58.jpg,Cattle Breeds,Jersey cattle,3,0,0,0,1,0,0,0,0,0,0
dataset/Cattle Breeds/Jersey cattle/Jerseycattle58_c.jpg,Jerseycattle58_c.jpg,Cattle Breeds,Jersey cattle,3,0,0,0,1,0,0,0,0,0,0
dataset/Cattle Breeds/Jersey cattle/Jerseycattle59.jpg,Jerseycattle59.jpg,Cattle Breeds,Jersey cattle,3,0,0,0,1,0,0,0,0,0,0
dataset/Cattle Breeds/Jersey cattle/Jerseycattle59_c.jpg,Jerseycattle59_c.jpg,Cattle Breeds,Jersey cattle,3,0,0,0,1,0,0,0,0,0,0
dataset/Cattle Breeds/Jersey cattle/Jerseycattle5_c.jpg,Jerseycattle5_c.jpg,Cattle Breeds,Jersey cattle,3,0,0,0,1,0,0,0,0,0,0
dataset/Cattle Breeds/Jersey cattle/Jerseycattle60.jpg,Jerseycattle60.jpg,Cattle Breeds,Jersey cattle,3,0,0,0,1,0,0,0,0,0,0
dataset/Cattle Breeds/Jersey cattle/Jerseycattle60_c.jpg,Jerseycattle60_c.jpg,Cattle Breeds,Jersey cattle,3,0,0,0,1,0,0,0,0,0,0
dataset/Cattle Breeds/Jersey cattle/Jerseycattle61.jpg,Jerseycattle61.jpg,Cattle Breeds,Jersey cattle,3,0,0,0,1,0,0,0,0,0,0
dataset/Cattle Breeds/Jersey cattle/Jerseycattle61_c.jpg,Jerseycattle61_c.jpg,Cattle Breeds,Jersey cattle,3,0,0,0,1,0,0,0,0,0,0
dataset/Cattle Breeds/Jersey cattle/Jerseycattle62.jpg,Jerseycattle62.jpg,Cattle Breeds,Jersey cattle,3,0,0,0,1,0,0,0,0,0,0
dataset/Cattle Breeds/Jersey cattle/Jerseycattle62_c.jpg,Jerseycattle62_c.jpg,Cattle Breeds,Jersey cattle,3,0,0,0,1,0,0,0,0,0,0
dataset/Cattle Breeds/Jersey cattle/Jerseycattle64.jpg,Jerseycattle64.jpg,Cattle Breeds,Jersey cattle,3,0,0,0,1,0,0,0,0,0,0
dataset/Cattle Breeds/Jersey cattle/Jerseycattle64_c.jpg,Jerseycattle64_c.jpg,Cattle Breeds,Jersey cattle,3,0,0,0,1,0,0,0,0,0,0
dataset/Cattle Breeds/Jersey cattle/Jerseycattle65.jpg,Jerseycattle65.jpg,Cattle Breeds,Jersey cattle,3,0,0,0,1,0,0,0,0,0,0
dataset/Cattle Breeds/Jersey cattle/Jerseycattle65_c.jpg,Jerseycattle65_c.jpg,Cattle Breeds,Jersey cattle,3,0,0,0,1,0,0,0,0,0,0
dataset/Cattle Breeds/Jersey cattle/Jerseycattle66.jpg,Jerseycattle66.jpg,Cattle Breeds,Jersey cattle,3,0,0,0,1,0,0,0,0,0,0
dataset/Cattle Breeds/Jersey cattle/Jerseycattle66_c.jpg,Jerseycattle66_c.jpg,Cattle Breeds,Jersey cattle,3,0,0,0,1,0,0,0,0,0,0
dataset/Cattle Breeds/Jersey cattle/Jerseycattle67.jpg,Jerseycattle67.jpg,Cattle Breeds,Jersey cattle,3,0,0,0,1,0,0,0,0,0,0
dataset/Cattle Breeds/Jersey cattle/Jerseycattle67_c.jpg,Jerseycattle67_c.jpg,Cattle Breeds,Jersey cattle,3,0,0,0,1,0,0,0,0,0,0
dataset/Cattle Breeds/Jersey cattle/Jerseycattle68.jpg,Jerseycattle68.jpg,Cattle Breeds,Jersey cattle,3,0,0,0,1,0,0,0,0,0,0
dataset/Cattle Breeds/Jersey cattle/Jerseycattle68_c.jpg,Jerseycattle68_c.jpg,Cattle Breeds,Jersey cattle,3,0,0,0,1,0,0,0,0,0,0
dataset/Cattle Breeds/Jersey cattle/Jerseycattle7.jpg,Jerseycattle7.jpg,Cattle Breeds,Jersey cattle,3,0,0,0,1,0,0,0,0,0,0
dataset/Cattle Breeds/Jersey cattle/Jerseycattle70.jpg,Jerseycattle70.jpg,Cattle Breeds,Jersey cattle,3,0,0,0,1,0,0,0,0,0,0
dataset/Cattle Breeds/Jersey cattle/Jerseycattle70_c.jpg,Jerseycattle70_c.jpg,Cattle Breeds,Jersey cattle,3,0,0,0,1,0,0,0,0,0,0
dataset/Cattle Breeds/Jersey cattle/Jerseycattle71.jpg,Jerseycattle71.jpg,Cattle Breeds,Jersey cattle,3,0,0,0,1,0,0,0,0,0,0
dataset/Cattle Breeds/Jersey cattle/Jerseycattle71_c.jpg,Jerseycattle71_c.jpg,Cattle Breeds,Jersey cattle,3,0,0,0,1,0,0,0,0,0,0
dataset/Cattle Breeds/Jersey cattle/Jerseycattle72.jpg,Jerseycattle72.jpg,Cattle Breeds,Jersey cattle,3,0,0,0,1,0,0,0,0,0,0
dataset/Cattle Breeds/Jersey cattle/Jerseycattle72_c.jpg,Jerseycattle72_c.jpg,Cattle Breeds,Jersey cattle,3,0,0,0,1,0,0,0,0,0,0
dataset/Cattle Breeds/Jersey cattle/Jerseycattle73.jpg,Jerseycattle73.jpg,Cattle Breeds,Jersey cattle,3,0,0,0,1,0,0,0,0,0,0
dataset/Cattle Breeds/Jersey cattle/Jerseycattle73_c.jpg,Jerseycattle73_c.jpg,Cattle Breeds,Jersey cattle,3,0,0,0,1,0,0,0,0,0,0
dataset/Cattle Breeds/Jersey cattle/Jerseycattle75.jpg,Jerseycattle75.jpg,Cattle Breeds,Jersey cattle,3,0,0,0,1,0,0,0,0,0,0
dataset/Cattle Breeds/Jersey cattle/Jerseycattle75_c.jpg,Jerseycattle75_c.jpg,Cattle Breeds,Jersey cattle,3,0,0,0,1,0,0,0,0,0,0
dataset/Cattle Breeds/Jersey cattle/Jerseycattle76.jpg,Jerseycattle76.jpg,Cattle Breeds,Jersey cattle,3,0,0,0,1,0,0,0,0,0,0
dataset/Cattle Breeds/Jersey cattle/Jerseycattle76_c.jpg,Jerseycattle76_c.jpg,Cattle Breeds,Jersey cattle,3,0,0,0,1,0,0,0,0,0,0
dataset/Cattle Breeds/Jersey cattle/Jerseycattle77.jpg,Jerseycattle77.jpg,Cattle Breeds,Jersey cattle,3,0,0,0,1,0,0,0,0,0,0
dataset/Cattle Breeds/Jersey cattle/Jerseycattle77_c.jpg,Jerseycattle77_c.jpg,Cattle Breeds,Jersey cattle,3,0,0,0,1,0,0,0,0,0,0
dataset/Cattle Breeds/Jersey cattle/Jerseycattle78.jpg,Jerseycattle78.jpg,Cattle Breeds,Jersey cattle,3,0,0,0,1,0,0,0,0,0,0
dataset/Cattle Breeds/Jersey cattle/Jerseycattle78_c.jpg,Jerseycattle78_c.jpg,Cattle Breeds,Jersey cattle,3,0,0,0,1,0,0,0,0,0,0
dataset/Cattle Breeds/Jersey cattle/Jerseycattle79.jpg,Jerseycattle79.jpg,Cattle Breeds,Jersey cattle,3,0,0,0,1,0,0,0,0,0,0
dataset/Cattle Breeds/Jersey cattle/Jerseycattle79_c.jpg,Jerseycattle79_c.jpg,Cattle Breeds,Jersey cattle,3,0,0,0,1,0,0,0,0,0,0
dataset/Cattle Breeds/Jersey cattle/Jerseycattle7_c.jpg,Jerseycattle7_c.jpg,Cattle Breeds,Jersey cattle,3,0,0,0,1,0,0,0,0,0,0
dataset/Cattle Breeds/Jersey cattle/Jerseycattle8.jpg,Jerseycattle8.jpg,Cattle Breeds,Jersey cattle,3,0,0,0,1,0,0,0,0,0,0
dataset/Cattle Breeds/Jersey cattle/Jerseycattle80.jpg,Jerseycattle80.jpg,Cattle Breeds,Jersey cattle,3,0,0,0,1,0,0,0,0,0,0
dataset/Cattle Breeds/Jersey cattle/Jerseycattle80_c.jpg,Jerseycattle80_c.jpg,Cattle Breeds,Jersey cattle,3,0,0,0,1,0,0,0,0,0,0
dataset/Cattle Breeds/Jersey cattle/Jerseycattle81.jpg,Jerseycattle81.jpg,Cattle Breeds,Jersey cattle,3,0,0,0,1,0,0,0,0,0,0
dataset/Cattle Breeds/Jersey cattle/Jerseycattle81_c.jpg,Jerseycattle81_c.jpg,Cattle Breeds,Jersey cattle,3,0,0,0,1,0,0,0,0,0,0
dataset/Cattle Breeds/Jersey cattle/Jerseycattle83.jpg,Jerseycattle83.jpg,Cattle Breeds,Jersey cattle,3,0,0,0,1,0,0,0,0,0,0
dataset/Cattle Breeds/Jersey cattle/Jerseycattle83_c.jpg,Jerseycattle83_c.jpg,Cattle Breeds,Jersey cattle,3,0,0,0,1,0,0,0,0,0,0
dataset/Cattle Breeds/Jersey cattle/Jerseycattle84.jpg,Jerseycattle84.jpg,Cattle Breeds,Jersey cattle,3,0,0,0,1,0,0,0,0,0,0
dataset/Cattle Breeds/Jersey cattle/Jerseycattle84_c.jpg,Jerseycattle84_c.jpg,Cattle Breeds,Jersey cattle,3,0,0,0,1,0,0,0,0,0,0
dataset/Cattle Breeds/Jersey cattle/Jerseycattle85.jpg,Jerseycattle85.jpg,Cattle Breeds,Jersey cattle,3,0,0,0,1,0,0,0,0,0,0
dataset/Cattle Breeds/Jersey cattle/Jerseycattle85_c.jpg,Jerseycattle85_c.jpg,Cattle Breeds,Jersey cattle,3,0,0,0,1,0,0,0,0,0,0
dataset/Cattle Breeds/Jersey cattle/Jerseycattle86.jpg,Jerseycattle86.jpg,Cattle Breeds,Jersey cattle,3,0,0,0,1,0,0,0,0,0,0
dataset/Cattle Breeds/Jersey cattle/Jerseycattle86_c.jpg,Jerseycattle86_c.jpg,Cattle Breeds,Jersey cattle,3,0,0,0,1,0,0,0,0,0,0
dataset/Cattle Breeds/Jersey cattle/Jerseycattle87.jpg,Jerseycattle87.jpg,Cattle Breeds,Jersey cattle,3,0,0,0,1,0,0,0,0,0,0
dataset/Cattle Breeds/Jersey cattle/Jerseycattle87_c.jpg,Jerseycattle87_c.jpg,Cattle Breeds,Jersey cattle,3,0,0,0,1,0,0,0,0,0,0
dataset/Cattle Breeds/Jersey cattle/Jerseycattle88.jpg,Jerseycattle88.jpg,Cattle Breeds,Jersey cattle,3,0,0,0,1,0,0,0,0,0,0
dataset/Cattle Breeds/Jersey cattle/Jerseycattle88_c.jpg,Jerseycattle88_c.jpg,Cattle Breeds,Jersey cattle,3,0,0,0,1,0,0,0,0,0,0
dataset/Cattle Breeds/Jersey cattle/Jerseycattle89.jpg,Jerseycattle89.jpg,Cattle Breeds,Jersey cattle,3,0,0,0,1,0,0,0,0,0,0
dataset/Cattle Breeds/Jersey cattle/Jerseycattle89_c.jpg,Jerseycattle89_c.jpg,Cattle Breeds,Jersey cattle,3,0,0,0,1,0,0,0,0,0,0
dataset/Cattle Breeds/Jersey cattle/Jerseycattle8_c.jpg,Jerseycattle8_c.jpg,Cattle Breeds,Jersey cattle,3,0,0,0,1,0,0,0,0,0,0
dataset/Cattle Breeds/Jersey cattle/Jerseycattle90.jpg,Jerseycattle90.jpg,Cattle Breeds,Jersey cattle,3,0,0,0,1,0,0,0,0,0,0
dataset/Cattle Breeds/Jersey cattle/Jerseycattle90_c.jpg,Jerseycattle90_c.jpg,Cattle Breeds,Jersey cattle,3,0,0,0,1,0,0,0,0,0,0
dataset/Cattle Breeds/Jersey cattle/Jerseycattle92.jpg,Jerseycattle92.jpg,Cattle Breeds,Jersey cattle,3,0,0,0,1,0,0,0,0,0,0
dataset/Cattle Breeds/Jersey cattle/Jerseycattle92_c.jpg,Jerseycattle92_c.jpg,Cattle Breeds,Jersey cattle,3,0,0,0,1,0,0,0,0,0,0
dataset/Cattle Breeds/Jersey cattle/Jerseycattle93.jpg,Jerseycattle93.jpg,Cattle Breeds,Jersey cattle,3,0,0,0,1,0,0,0,0,0,0
dataset/Cattle Breeds/Jersey cattle/Jerseycattle93_c.jpg,Jerseycattle93_c.jpg,Cattle Breeds,Jersey cattle,3,0,0,0,1,0,0,0,0,0,0
dataset/Cattle Breeds/Jersey cattle/Jerseycattle94.jpg,Jerseycattle94.jpg,Cattle Breeds,Jersey cattle,3,0,0,0,1,0,0,0,0,0,0
dataset/Cattle Breeds/Jersey cattle/Jerseycattle94_c.jpg,Jerseycattle94_c.jpg,Cattle Breeds,Jersey cattle,3,0,0,0,1,0,0,0,0,0,0
dataset/Cattle Breeds/Jersey cattle/Jerseycattle95.jpg,Jerseycattle95.jpg,Cattle Breeds,Jersey cattle,3,0,0,0,1,0,0,0,0,0,0
dataset/Cattle Breeds/Jersey cattle/Jerseycattle95_c.jpg,Jerseycattle95_c.jpg,Cattle Breeds,Jersey cattle,3,0,0,0,1,0,0,0,0,0,0
dataset/Cattle Breeds/Jersey cattle/Jerseycattle96.jpg,Jerseycattle96.jpg,Cattle Breeds,Jersey cattle,3,0,0,0,1,0,0,0,0,0,0
dataset/Cattle Breeds/Jersey cattle/Jerseycattle96_c.jpg,Jerseycattle96_c.jpg,Cattle Breeds,Jersey cattle,3,0,0,0,1,0,0,0,0,0,0
dataset/Cattle Breeds/Jersey cattle/Jerseycattle97.jpg,Jerseycattle97.jpg,Cattle Breeds,Jersey cattle,3,0,0,0,1,0,0,0,0,0,0
dataset/Cattle Breeds/Jersey cattle/Jerseycattle97_c.jpg,Jerseycattle97_c.jpg,Cattle Breeds,Jersey cattle,3,0,0,0,1,0,0,0,0,0,0
dataset/Cattle Breeds/Jersey cattle/Jerseycattle98.jpg,Jerseycattle98.jpg,Cattle Breeds,Jersey cattle,3,0,0,0,1,0,0,0,0,0,0
dataset/Cattle Breeds/Jersey cattle/Jerseycattle98_c.jpg,Jerseycattle98_c.jpg,Cattle Breeds,Jersey cattle,3,0,0,0,1,0,0,0,0,0,0
dataset/Cattle Breeds/Jersey cattle/Jerseycattle99.jpg,Jerseycattle99.jpg,Cattle Breeds,Jersey cattle,3,0,0,0,1,0,0,0,0,0,0
dataset/Cattle Breeds/Jersey cattle/Jerseycattle99_c.jpg,Jerseycattle99_c.jpg,Cattle Breeds,Jersey cattle,3,0,0,0,1,0,0,0,0,0,0
dataset/Cattle Breeds/Kankrej/Kankrej_1.JPG,Kankrej_1.JPG,Cattle Breeds,Kankrej,4,0,0,0,0,1,0,0,0,0,0
dataset/Cattle Breeds/Kankrej/Kankrej_10.jpg,Kankrej_10.jpg,Cattle Breeds,Kankrej,4,0,0,0,0,1,0,0,0,0,0
dataset/Cattle Breeds/Kankrej/Kankrej_100.jpg,Kankrej_100.jpg,Cattle Breeds,Kankrej,4,0,0,0,0,1,0,0,0,0,0
dataset/Cattle Breeds/Kankrej/Kankrej_101.jpg,Kankrej_101.jpg,Cattle Breeds,Kankrej,4,0,0,0,0,1,0,0,0,0,0
dataset/Cattle Breeds/Kankrej/Kankrej_102.jpg,Kankrej_102.jpg,Cattle Breeds,Kankrej,4,0,0,0,0,1,0,0,0,0,0
dataset/Cattle Breeds/Kankrej/Kankrej_103.jpg,Kankrej_103.jpg,Cattle Breeds,Kankrej,4,0,0,0,0,1,0,0,0,0,0
dataset/Cattle Breeds/Kankrej/Kankrej_104.jpg,Kankrej_104.jpg,Cattle Breeds,Kankrej,4,0,0,0,0,1,0,0,0,0,0
dataset/Cattle Breeds/Kankrej/Kankrej_105.jpg,Kankrej_105.jpg,Cattle Breeds,Kankrej,4,0,0,0,0,1,0,0,0,0,0
dataset/Cattle Breeds/Kankrej/Kankrej_106.jpg,Kankrej_106.jpg,Cattle Breeds,Kankrej,4,0,0,0,0,1,0,0,0,0,0
dataset/Cattle Breeds/Kankrej/Kankrej_107.jpg,Kankrej_107.jpg,Cattle Breeds,Kankrej,4,0,0,0,0,1,0,0,0,0,0
dataset/Cattle Breeds/Kankrej/Kankrej_108.jpg,Kankrej_108.jpg,Cattle Breeds,Kankrej,4,0,0,0,0,1,0,0,0,0,0
dataset/Cattle Breeds/Kankrej/Kankrej_109.jpg,Kankrej_109.jpg,Cattle Breeds,Kankrej,4,0,0,0,0,1,0,0,0,0,0
dataset/Cattle Breeds/Kankrej/Kankrej_11.jpg,Kankrej_11.jpg,Cattle Breeds,Kankrej,4,0,0,0,0,1,0,0,0,0,0
dataset/Cattle Breeds/Kankrej/Kankrej_110.jpg,Kankrej_110.jpg,Cattle Breeds,Kankrej,4,0,0,0,0,1,0,0,0,0,0
dataset/Cattle Breeds/Kankrej/Kankrej_111.jpg,Kankrej_111.jpg,Cattle Breeds,Kankrej,4,0,0,0,0,1,0,0,0,0,0
dataset/Cattle Breeds/Kankrej/Kankrej_112.jpg,Kankrej_112.jpg,Cattle Breeds,Kankrej,4,0,0,0,0,1,0,0,0,0,0
dataset/Cattle Breeds/Kankrej/Kankrej_113.jpg,Kankrej_113.jpg,Cattle Breeds,Kankrej,4,0,0,0,0,1,0,0,0,0,0
dataset/Cattle Breeds/Kankrej/Kankrej_114.jpg,Kankrej_114.jpg,Cattle Breeds,Kankrej,4,0,0,0,0,1,0,0,0,0,0
dataset/Cattle Breeds/Kankrej/Kankrej_115.jpg,Kankrej_115.jpg,Cattle Breeds,Kankrej,4,0,0,0,0,1,0,0,0,0,0
dataset/Cattle Breeds/Kankrej/Kankrej_116.jpg,Kankrej_116.jpg,Cattle Breeds,Kankrej,4,0,0,0,0,1,0,0,0,0,0
dataset/Cattle Breeds/Kankrej/Kankrej_117.jpg,Kankrej_117.jpg,Cattle Breeds,Kankrej,4,0,0,0,0,1,0,0,0,0,0
dataset/Cattle Breeds/Kankrej/Kankrej_118.jpg,Kankrej_118.jpg,Cattle Breeds,Kankrej,4,0,0,0,0,1,0,0,0,0,0
dataset/Cattle Breeds/Kankrej/Kankrej_119.jpg,Kankrej_119.jpg,Cattle Breeds,Kankrej,4,0,0,0,0,1,0,0,0,0,0
dataset/Cattle Breeds/Kankrej/Kankrej_12.jpg,Kankrej_12.jpg,Cattle Breeds,Kankrej,4,0,0,0,0,1,0,0,0,0,0
dataset/Cattle Breeds/Kankrej/Kankrej_120.jpg,Kankrej_120.jpg,Cattle Breeds,Kankrej,4,0,0,0,0,1,0,0,0,0,0
dataset/Cattle Breeds/Kankrej/Kankrej_121.jpg,Kankrej_121.jpg,Cattle Breeds,Kankrej,4,0,0,0,0,1,0,0,0,0,0
dataset/Cattle Breeds/Kankrej/Kankrej_122.jpg,Kankrej_122.jpg,Cattle Breeds,Kankrej,4,0,0,0,0,1,0,0,0,0,0
dataset/Cattle Breeds/Kankrej/Kankrej_123.png,Kankrej_123.png,Cattle Breeds,Kankrej,4,0,0,0,0,1,0,0,0,0,0
dataset/Cattle Breeds/Kankrej/Kankrej_124.jpg,Kankrej_124.jpg,Cattle Breeds,Kankrej,4,0,0,0,0,1,0,0,0,0,0
dataset/Cattle Breeds/Kankrej/Kankrej_125.jpg,Kankrej_125.jpg,Cattle Breeds,Kankrej,4,0,0,0,0,1,0,0,0,0,0
dataset/Cattle Breeds/Kankrej/Kankrej_126.jpg,Kankrej_126.jpg,Cattle Breeds,Kankrej,4,0,0,0,0,1,0,0,0,0,0
dataset/Cattle Breeds/Kankrej/Kankrej_127.jpg,Kankrej_127.jpg,Cattle Breeds,Kankrej,4,0,0,0,0,1,0,0,0,0,0
dataset/Cattle Breeds/Kankrej/Kankrej_128.jpg,Kankrej_128.jpg,Cattle Breeds,Kankrej,4,0,0,0,0,1,0,0,0,0,0
dataset/Cattle Breeds/Kankrej/Kankrej_129.jpg,Kankrej_129.jpg,Cattle Breeds,Kankrej,4,0,0,0,0,1,0,0,0,0,0
dataset/Cattle Breeds/Kankrej/Kankrej_13.png,Kankrej_13.png,Cattle Breeds,Kankrej,4,0,0,0,0,1,0,0,0,0,0
dataset/Cattle Breeds/Kankrej/Kankrej_130.jpg,Kankrej_130.jpg,Cattle Breeds,Kankrej,4,0,0,0,0,1,0,0,0,0,0
dataset/Cattle Breeds/Kankrej/Kankrej_131.jpg,Kankrej_131.jpg,Cattle Breeds,Kankrej,4,0,0,0,0,1,0,0,0,0,0
dataset/Cattle Breeds/Kankrej/Kankrej_132.jpg,Kankrej_132.jpg,Cattle Breeds,Kankrej,4,0,0,0,0,1,0,0,0,0,0
dataset/Cattle Breeds/Kankrej/Kankrej_133.jpg,Kankrej_133.jpg,Cattle Breeds,Kankrej,4,0,0,0,0,1,0,0,0,0,0
dataset/Cattle Breeds/Kankrej/Kankrej_134.jpg,Kankrej_134.jpg,Cattle Breeds,Kankrej,4,0,0,0,0,1,0,0,0,0,0
dataset/Cattle Breeds/Kankrej/Kankrej_135.jpg,Kankrej_135.jpg,Cattle Breeds,Kankrej,4,0,0,0,0,1,0,0,0,0,0
dataset/Cattle Breeds/Kankrej/Kankrej_136.png,Kankrej_136.png,Cattle Breeds,Kankrej,4,0,0,0,0,1,0,0,0,0,0
dataset/Cattle Breeds/Kankrej/Kankrej_137.jpg,Kankrej_137.jpg,Cattle Breeds,Kankrej,4,0,0,0,0,1,0,0,0,0,0
dataset/Cattle Breeds/Kankrej/Kankrej_138.jpg,Kankrej_138.jpg,Cattle Breeds,Kankrej,4,0,0,0,0,1,0,0,0,0,0
dataset/Cattle Breeds/Kankrej/Kankrej_139.jpg,Kankrej_139.jpg,Cattle Breeds,Kankrej,4,0,0,0,0,1,0,0,0,0,0
dataset/Cattle Breeds/Kankrej/Kankrej_14.jpg,Kankrej_14.jpg,Cattle Breeds,Kankrej,4,0,0,0,0,1,0,0,0,0,0
dataset/Cattle Breeds/Kankrej/Kankrej_140.jpg,Kankrej_140.jpg,Cattle Breeds,Kankrej,4,0,0,0,0,1,0,0,0,0,0
dataset/Cattle Breeds/Kankrej/Kankrej_141.jpg,Kankrej_141.jpg,Cattle Breeds,Kankrej,4,0,0,0,0,1,0,0,0,0,0
dataset/Cattle Breeds/Kankrej/Kankrej_142.jpg,Kankrej_142.jpg,Cattle Breeds,Kankrej,4,0,0,0,0,1,0,0,0,0,0
dataset/Cattle Breeds/Kankrej/Kankrej_143.jpg,Kankrej_143.jpg,Cattle Breeds,Kankrej,4,0,0,0,0,1,0,0,0,0,0
dataset/Cattle Breeds/Kankrej/Kankrej_144.jpg,Kankrej_144.jpg,Cattle Breeds,Kankrej,4,0,0,0,0,1,0,0,0,0,0
dataset/Cattle Breeds/Kankrej/Kankrej_145.jpg,Kankrej_145.jpg,Cattle Breeds,Kankrej,4,0,0,0,0,1,0,0,0,0,0
dataset/Cattle Breeds/Kankrej/Kankrej_146.jpg,Kankrej_146.jpg,Cattle Breeds,Kankrej,4,0,0,0,0,1,0,0,0,0,0
dataset/Cattle Breeds/Kankrej/Kankrej_147.jpg,Kankrej_147.jpg,Cattle Breeds,Kankrej,4,0,0,0,0,1,0,0,0,0,0
dataset/Cattle Breeds/Kankrej/Kankrej_148.png,Kankrej_148.png,Cattle Breeds,Kankrej,4,0,0,0,0,1,0,0,0,0,0
dataset/Cattle Breeds/Kankrej/Kankrej_149.jpg,Kankrej_149.jpg,Cattle Breeds,Kankrej,4,0,0,0,0,1,0,0,0,0,0
dataset/Cattle Breeds/Kankrej/Kankrej_15.png,Kankrej_15.png,Cattle Breeds,Kankrej,4,0,0,0,0,1,0,0,0,0,0
dataset/Cattle Breeds/Kankrej/Kankrej_150.jpg,Kankrej_150.jpg,Cattle Breeds,Kankrej,4,0,0,0,0,1,0,0,0,0,0
dataset/Cattle Breeds/Kankrej/Kankrej_151.jpg,Kankrej_151.jpg,Cattle Breeds,Kankrej,4,0,0,0,0,1,0,0,0,0,0
dataset/Cattle Breeds/Kankrej/Kankrej_152.jpg,Kankrej_152.jpg,Cattle Breeds,Kankrej,4,0,0,0,0,1,0,0,0,0,0
dataset/Cattle Breeds/Kankrej/Kankrej_153.jpg,Kankrej_153.jpg,Cattle Breeds,Kankrej,4,0,0,0,0,1,0,0,0,0,0
dataset/Cattle Breeds/Kankrej/Kankrej_154.jpg,Kankrej_154.jpg,Cattle Breeds,Kankrej,4,0,0,0,0,1,0,0,0,0,0
dataset/Cattle Breeds/Kankrej/Kankrej_155.jpg,Kankrej_155.jpg,Cattle Breeds,Kankrej,4,0,0,0,0,1,0,0,0,0,0
dataset/Cattle Breeds/Kankrej/Kankrej_156.jpg,Kankrej_156.jpg,Cattle Breeds,Kankrej,4,0,0,0,0,1,0,0,0,0,0
dataset/Cattle Breeds/Kankrej/Kankrej_157.jpg,Kankrej_157.jpg,Cattle Breeds,Kankrej,4,0,0,0,0,1,0,0,0,0,0
dataset/Cattle Breeds/Kankrej/Kankrej_158.jpg,Kankrej_158.jpg,Cattle Breeds,Kankrej,4,0,0,0,0,1,0,0,0,0,0
dataset/Cattle Breeds/Kankrej/Kankrej_159.jpg,Kankrej_159.jpg,Cattle Breeds,Kankrej,4,0,0,0,0,1,0,0,0,0,0
dataset/Cattle Breeds/Kankrej/Kankrej_16.png,Kankrej_16.png,Cattle Breeds,Kankrej,4,0,0,0,0,1,0,0,0,0,0
dataset/Cattle Breeds/Kankrej/Kankrej_160.jpg,Kankrej_160.jpg,Cattle Breeds,Kankrej,4,0,0,0,0,1,0,0,0,0,0
dataset/Cattle Breeds/Kankrej/Kankrej_161.jpg,Kankrej_161.jpg,Cattle Breeds,Kankrej,4,0,0,0,0,1,0,0,0,0,0
dataset/Cattle Breeds/Kankrej/Kankrej_162.jpg,Kankrej_162.jpg,Cattle Breeds,Kankrej,4,0,0,0,0,1,0,0,0,0,0
dataset/Cattle Breeds/Kankrej/Kankrej_163.jpg,Kankrej_163.jpg,Cattle Breeds,Kankrej,4,0,0,0,0,1,0,0,0,0,0
dataset/Cattle Breeds/Kankrej/Kankrej_164.png,Kankrej_164.png,Cattle Breeds,Kankrej,4,0,0,0,0,1,0,0,0,0,0
dataset/Cattle Breeds/Kankrej/Kankrej_165.jpg,Kankrej_165.jpg,Cattle Breeds,Kankrej,4,0,0,0,0,1,0,0,0,0,0
dataset/Cattle Breeds/Kankrej/Kankrej_166.jpg,Kankrej_166.jpg,Cattle Breeds,Kankrej,4,0,0,0,0,1,0,0,0,0,0
dataset/Cattle Breeds/Kankrej/Kankrej_167.jpg,Kankrej_167.jpg,Cattle Breeds,Kankrej,4,0,0,0,0,1,0,0,0,0,0
dataset/Cattle Breeds/Kankrej/Kankrej_168.jpg,Kankrej_168.jpg,Cattle Breeds,Kankrej,4,0,0,0,0,1,0,0,0,0,0
dataset/Cattle Breeds/Kankrej/Kankrej_169.jpg,Kankrej_169.jpg,Cattle Breeds,Kankrej,4,0,0,0,0,1,0,0,0,0,0
dataset/Cattle Breeds/Kankrej/Kankrej_17.jpg,Kankrej_17.jpg,Cattle Breeds,Kankrej,4,0,0,0,0,1,0,0,0,0,0
dataset/Cattle Breeds/Kankrej/Kankrej_170.jpg,Kankrej_170.jpg,Cattle Breeds,Kankrej,4,0,0,0,0,1,0,0,0,0,0
dataset/Cattle Breeds/Kankrej/Kankrej_171.png,Kankrej_171.png,Cattle Breeds,Kankrej,4,0,0,0,0,1,0,0,0,0,0
dataset/Cattle Breeds/Kankrej/Kankrej_172.jpg,Kankrej_172.jpg,Cattle Breeds,Kankrej,4,0,0,0,0,1,0,0,0,0,0
dataset/Cattle Breeds/Kankrej/Kankrej_173.jpeg,Kankrej_173.jpeg,Cattle Breeds,Kankrej,4,0,0,0,0,1,0,0,0,0,0
dataset/Cattle Breeds/Kankrej/Kankrej_174.jpg,Kankrej_174.jpg,Cattle Breeds,Kankrej,4,0,0,0,0,1,0,0,0,0,0
dataset/Cattle Breeds/Kankrej/Kankrej_175.png,Kankrej_175.png,Cattle Breeds,Kankrej,4,0,0,0,0,1,0,0,0,0,0
dataset/Cattle Breeds/Kankrej/Kankrej_176.jpg,Kankrej_176.jpg,Cattle Breeds,Kankrej,4,0,0,0,0,1,0,0,0,0,0
dataset/Cattle Breeds/Kankrej/Kankrej_177.jpg,Kankrej_177.jpg,Cattle Breeds,Kankrej,4,0,0,0,0,1,0,0,0,0,0
dataset/Cattle Breeds/Kankrej/Kankrej_178.jpg,Kankrej_178.jpg,Cattle Breeds,Kankrej,4,0,0,0,0,1,0,0,0,0,0
dataset/Cattle Breeds/Kankrej/Kankrej_179.jpg,Kankrej_179.jpg,Cattle Breeds,Kankrej,4,0,0,0,0,1,0,0,0,0,0
dataset/Cattle Breeds/Kankrej/Kankrej_18.png,Kankrej_18.png,Cattle Breeds,Kankrej,4,0,0,0,0,1,0,0,0,0,0
dataset/Cattle Breeds/Kankrej/Kankrej_19.png,Kankrej_19.png,Cattle Breeds,Kankrej,4,0,0,0,0,1,0,0,0,0,0
dataset/Cattle Breeds/Kankrej/Kankrej_2.JPG,Kankrej_2.JPG,Cattle Breeds,Kankrej,4,0,0,0,0,1,0,0,0,0,0
dataset/Cattle Breeds/Kankrej/Kankrej_20.png,Kankrej_20.png,Cattle Breeds,Kankrej,4,0,0,0,0,1,0,0,0,0,0
dataset/Cattle Breeds/Kankrej/Kankrej_21.png,Kankrej_21.png,Cattle Breeds,Kankrej,4,0,0,0,0,1,0,0,0,0,0
dataset/Cattle Breeds/Kankrej/Kankrej_22.jpg,Kankrej_22.jpg,Cattle Breeds,Kankrej,4,0,0,0,0,1,0,0,0,0,0
dataset/Cattle Breeds/Kankrej/Kankrej_23.jpg,Kankrej_23.jpg,Cattle Breeds,Kankrej,4,0,0,0,0,1,0,0,0,0,0
dataset/Cattle Breeds/Kankrej/Kankrej_24.png,Kankrej_24.png,Cattle Breeds,Kankrej,4,0,0,0,0,1,0,0,0,0,0
dataset/Cattle Breeds/Kankrej/Kankrej_25.jpg,Kankrej_25.jpg,Cattle Breeds,Kankrej,4,0,0,0,0,1,0,0,0,0,0
dataset/Cattle Breeds/Kankrej/Kankrej_26.png,Kankrej_26.png,Cattle Breeds,Kankrej,4,0,0,0,0,1,0,0,0,0,0
dataset/Cattle Breeds/Kankrej/Kankrej_27.png,Kankrej_27.png,Cattle Breeds,Kankrej,4,0,0,0,0,1,0,0,0,0,0
dataset/Cattle Breeds/Kankrej/Kankrej_28.jpg,Kankrej_28.jpg,Cattle Breeds,Kankrej,4,0,0,0,0,1,0,0,0,0,0
dataset/Cattle Breeds/Kankrej/Kankrej_29.jpg,Kankrej_29.jpg,Cattle Breeds,Kankrej,4,0,0,0,0,1,0,0,0,0,0
dataset/Cattle Breeds/Kankrej/Kankrej_3.JPG,Kankrej_3.JPG,Cattle Breeds,Kankrej,4,0,0,0,0,1,0,0,0,0,0
dataset/Cattle Breeds/Kankrej/Kankrej_30.png,Kankrej_30.png,Cattle Breeds,Kankrej,4,0,0,0,0,1,0,0,0,0,0
dataset/Cattle Breeds/Kankrej/Kankrej_31.png,Kankrej_31.png,Cattle Breeds,Kankrej,4,0,0,0,0,1,0,0,0,0,0
dataset/Cattle Breeds/Kankrej/Kankrej_32.png,Kankrej_32.png,Cattle Breeds,Kankrej,4,0,0,0,0,1,0,0,0,0,0
dataset/Cattle Breeds/Kankrej/Kankrej_33.png,Kankrej_33.png,Cattle Breeds,Kankrej,4,0,0,0,0,1,0,0,0,0,0
dataset/Cattle Breeds/Kankrej/Kankrej_34.png,Kankrej_34.png,Cattle Breeds,Kankrej,4,0,0,0,0,1,0,0,0,0,0
dataset/Cattle Breeds/Kankrej/Kankrej_35.png,Kankrej_35.png,Cattle Breeds,Kankrej,4,0,0,0,0,1,0,0,0,0,0
dataset/Cattle Breeds/Kankrej/Kankrej_36.jpg,Kankrej_36.jpg,Cattle Breeds,Kankrej,4,0,0,0,0,1,0,0,0,0,0
dataset/Cattle Breeds/Kankrej/Kankrej_37.jpg,Kankrej_37.jpg,Cattle Breeds,Kankrej,4,0,0,0,0,1,0,0,0,0,0
dataset/Cattle Breeds/Kankrej/Kankrej_38.png,Kankrej_38.png,Cattle Breeds,Kankrej,4,0,0,0,0,1,0,0,0,0,0
dataset/Cattle Breeds/Kankrej/Kankrej_39.jpg,Kankrej_39.jpg,Cattle Breeds,Kankrej,4,0,0,0,0,1,0,0,0,0,0
dataset/Cattle Breeds/Kankrej/Kankrej_4.JPG,Kankrej_4.JPG,Cattle Breeds,Kankrej,4,0,0,0,0,1,0,0,0,0,0
dataset/Cattle Breeds/Kankrej/Kankrej_40.png,Kankrej_40.png,Cattle Breeds,Kankrej,4,0,0,0,0,1,0,0,0,0,0
dataset/Cattle Breeds/Kankrej/Kankrej_41.jpg,Kankrej_41.jpg,Cattle Breeds,Kankrej,4,0,0,0,0,1,0,0,0,0,0
dataset/Cattle Breeds/Kankrej/Kankrej_43.jpg,Kankrej_43.jpg,Cattle Breeds,Kankrej,4,0,0,0,0,1,0,0,0,0,0
dataset/Cattle Breeds/Kankrej/Kankrej_44.png,Kankrej_44.png,Cattle Breeds,Kankrej,4,0,0,0,0,1,0,0,0,0,0
dataset/Cattle Breeds/Kankrej/Kankrej_45.png,Kankrej_45.png,Cattle Breeds,Kankrej,4,0,0,0,0,1,0,0,0,0,0
dataset/Cattle Breeds/Kankrej/Kankrej_46.png,Kankrej_46.png,Cattle Breeds,Kankrej,4,0,0,0,0,1,0,0,0,0,0
dataset/Cattle Breeds/Kankrej/Kankrej_47.png,Kankrej_47.png,Cattle Breeds,Kankrej,4,0,0,0,0,1,0,0,0,0,0
dataset/Cattle Breeds/Kankrej/Kankrej_48.png,Kankrej_48.png,Cattle Breeds,Kankrej,4,0,0,0,0,1,0,0,0,0,0
dataset/Cattle Breeds/Kankrej/Kankrej_49.jpeg,Kankrej_49.jpeg,Cattle Breeds,Kankrej,4,0,0,0,0,1,0,0,0,0,0
dataset/Cattle Breeds/Kankrej/Kankrej_5.jpg,Kankrej_5.jpg,Cattle Breeds,Kankrej,4,0,0,0,0,1,0,0,0,0,0
dataset/Cattle Breeds/Kankrej/Kankrej_50.png,Kankrej_50.png,Cattle Breeds,Kankrej,4,0,0,0,0,1,0,0,0,0,0
dataset/Cattle Breeds/Kankrej/Kankrej_51.png,Kankrej_51.png,Cattle Breeds,Kankrej,4,0,0,0,0,1,0,0,0,0,0
dataset/Cattle Breeds/Kankrej/Kankrej_52.jpg,Kankrej_52.jpg,Cattle Breeds,Kankrej,4,0,0,0,0,1,0,0,0,0,0
dataset/Cattle Breeds/Kankrej/Kankrej_53.png,Kankrej_53.png,Cattle Breeds,Kankrej,4,0,0,0,0,1,0,0,0,0,0
dataset/Cattle Breeds/Kankrej/Kankrej_54.jpg,Kankrej_54.jpg,Cattle Breeds,Kankrej,4,0,0,0,0,1,0,0,0,0,0
dataset/Cattle Breeds/Kankrej/Kankrej_55.png,Kankrej_55.png,Cattle Breeds,Kankrej,4,0,0,0,0,1,0,0,0,0,0
dataset/Cattle Breeds/Kankrej/Kankrej_56.jpg,Kankrej_56.jpg,Cattle Breeds,Kankrej,4,0,0,0,0,1,0,0,0,0,0
dataset/Cattle Breeds/Kankrej/Kankrej_57.png,Kankrej_57.png,Cattle Breeds,Kankrej,4,0,0,0,0,1,0,0,0,0,0
dataset/Cattle Breeds/Kankrej/Kankrej_58.png,Kankrej_58.png,Cattle Breeds,Kankrej,4,0,0,0,0,1,0,0,0,0,0
dataset/Cattle Breeds/Kankrej/Kankrej_59.png,Kankrej_59.png,Cattle Breeds,Kankrej,4,0,0,0,0,1,0,0,0,0,0
dataset/Cattle Breeds/Kankrej/Kankrej_6.jpg,Kankrej_6.jpg,Cattle Breeds,Kankrej,4,0,0,0,0,1,0,0,0,0,0
dataset/Cattle Breeds/Kankrej/Kankrej_60.png,Kankrej_60.png,Cattle Breeds,Kankrej,4,0,0,0,0,1,0,0,0,0,0
dataset/Cattle Breeds/Kankrej/Kankrej_61.jpg,Kankrej_61.jpg,Cattle Breeds,Kankrej,4,0,0,0,0,1,0,0,0,0,0
dataset/Cattle Breeds/Kankrej/Kankrej_62.png,Kankrej_62.png,Cattle Breeds,Kankrej,4,0,0,0,0,1,0,0,0,0,0
dataset/Cattle Breeds/Kankrej/Kankrej_63.jpg,Kankrej_63.jpg,Cattle Breeds,Kankrej,4,0,0,0,0,1,0,0,0,0,0
dataset/Cattle Breeds/Kankrej/Kankrej_64.png,Kankrej_64.png,Cattle Breeds,Kankrej,4,0,0,0,0,1,0,0,0,0,0
dataset/Cattle Breeds/Kankrej/Kankrej_65.png,Kankrej_65.png,Cattle Breeds,Kankrej,4,0,0,0,0,1,0,0,0,0,0
dataset/Cattle Breeds/Kankrej/Kankrej_66.png,Kankrej_66.png,Cattle Breeds,Kankrej,4,0,0,0,0,1,0,0,0,0,0
dataset/Cattle Breeds/Kankrej/Kankrej_67.png,Kankrej_67.png,Cattle Breeds,Kankrej,4,0,0,0,0,1,0,0,0,0,0
dataset/Cattle Breeds/Kankrej/Kankrej_68.jpg,Kankrej_68.jpg,Cattle Breeds,Kankrej,4,0,0,0,0,1,0,0,0,0,0
dataset/Cattle Breeds/Kankrej/Kankrej_69.jpg,Kankrej_69.jpg,Cattle Breeds,Kankrej,4,0,0,0,0,1,0,0,0,0,0
dataset/Cattle Breeds/Kankrej/Kankrej_7.jpeg,Kankrej_7.jpeg,Cattle Breeds,Kankrej,4,0,0,0,0,1,0,0,0,0,0
dataset/Cattle Breeds/Kankrej/Kankrej_70.jpg,Kankrej_70.jpg,Cattle Breeds,Kankrej,4,0,0,0,0,1,0,0,0,0,0
dataset/Cattle Breeds/Kankrej/Kankrej_71.png,Kankrej_71.png,Cattle Breeds,Kankrej,4,0,0,0,0,1,0,0,0,0,0
dataset/Cattle Breeds/Kankrej/Kankrej_72.png,Kankrej_72.png,Cattle Breeds,Kankrej,4,0,0,0,0,1,0,0,0,0,0
dataset/Cattle Breeds/Kankrej/Kankrej_73.jpg,Kankrej_73.jpg,Cattle Breeds,Kankrej,4,0,0,0,0,1,0,0,0,0,0
dataset/Cattle Breeds/Kankrej/Kankrej_74.jpg,Kankrej_74.jpg,Cattle Breeds,Kankrej,4,0,0,0,0,1,0,0,0,0,0
dataset/Cattle Breeds/Kankrej/Kankrej_75.png,Kankrej_75.png,Cattle Breeds,Kankrej,4,0,0,0,0,1,0,0,0,0,0
dataset/Cattle Breeds/Kankrej/Kankrej_76.png,Kankrej_76.png,Cattle Breeds,Kankrej,4,0,0,0,0,1,0,0,0,0,0
dataset/Cattle Breeds/Kankrej/Kankrej_77.png,Kankrej_77.png,Cattle Breeds,Kankrej,4,0,0,0,0,1,0,0,0,0,0
dataset/Cattle Breeds/Kankrej/Kankrej_78.png,Kankrej_78.png,Cattle Breeds,Kankrej,4,0,0,0,0,1,0,0,0,0,0
dataset/Cattle Breeds/Kankrej/Kankrej_79.jpg,Kankrej_79.jpg,Cattle Breeds,Kankrej,4,0,0,0,0,1,0,0,0,0,0
dataset/Cattle Breeds/Kankrej/Kankrej_8.jpg,Kankrej_8.jpg,Cattle Breeds,Kankrej,4,0,0,0,0,1,0,0,0,0,0
dataset/Cattle Breeds/Kankrej/Kankrej_80.jpg,Kankrej_80.jpg,Cattle Breeds,Kankrej,4,0,0,0,0,1,0,0,0,0,0
dataset/Cattle Breeds/Kankrej/Kankrej_81.png,Kankrej_81.png,Cattle Breeds,Kankrej,4,0,0,0,0,1,0,0,0,0,0
dataset/Cattle Breeds/Kankrej/Kankrej_82.png,Kankrej_82.png,Cattle Breeds,Kankrej,4,0,0,0,0,1,0,0,0,0,0
dataset/Cattle Breeds/Kankrej/Kankrej_83.jpg,Kankrej_83.jpg,Cattle Breeds,Kankrej,4,0,0,0,0,1,0,0,0,0,0
dataset/Cattle Breeds/Kankrej/Kankrej_84.jpg,Kankrej_84.jpg,Cattle Breeds,Kankrej,4,0,0,0,0,1,0,0,0,0,0
dataset/Cattle Breeds/Kankrej/Kankrej_85.jpg,Kankrej_85.jpg,Cattle Breeds,Kankrej,4,0,0,0,0,1,0,0,0,0,0
dataset/Cattle Breeds/Kankrej/Kankrej_86.png,Kankrej_86.png,Cattle Breeds,Kankrej,4,0,0,0,0,1,0,0,0,0,0
dataset/Cattle Breeds/Kankrej/Kankrej_87.jpg,Kankrej_87.jpg,Cattle Breeds,Kankrej,4,0,0,0,0,1,0,0,0,0,0
dataset/Cattle Breeds/Kankrej/Kankrej_88.jpg,Kankrej_88.jpg,Cattle Breeds,Kankrej,4,0,0,0,0,1,0,0,0,0,0
dataset/Cattle Breeds/Kankrej/Kankrej_89.jpg,Kankrej_89.jpg,Cattle Breeds,Kankrej,4,0,0,0,0,1,0,0,0,0,0
dataset/Cattle Breeds/Kankrej/Kankrej_9.jpg,Kankrej_9.jpg,Cattle Breeds,Kankrej,4,0,0,0,0,1,0,0,0,0,0
dataset/Cattle Breeds/Kankrej/Kankrej_90.jpg,Kankrej_90.jpg,Cattle Breeds,Kankrej,4,0,0,0,0,1,0,0,0,0,0
dataset/Cattle Breeds/Kankrej/Kankrej_91.jpg,Kankrej_91.jpg,Cattle Breeds,Kankrej,4,0,0,0,0,1,0,0,0,0,0
dataset/Cattle Breeds/Kankrej/Kankrej_92.jpg,Kankrej_92.jpg,Cattle Breeds,Kankrej,4,0,0,0,0,1,0,0,0,0,0
dataset/Cattle Breeds/Kankrej/Kankrej_93.jpg,Kankrej_93.jpg,Cattle Breeds,Kankrej,4,0,0,0,0,1,0,0,0,0,0
dataset/Cattle Breeds/Kankrej/Kankrej_94.png,Kankrej_94.png,Cattle Breeds,Kankrej,4,0,0,0,0,1,0,0,0,0,0
dataset/Cattle Breeds/Kankrej/Kankrej_95.jpg,Kankrej_95.jpg,Cattle Breeds,Kankrej,4,0,0,0,0,1,0,0,0,0,0
dataset/Cattle Breeds/Kankrej/Kankrej_96.jpg,Kankrej_96.jpg,Cattle Breeds,Kankrej,4,0,0,0,0,1,0,0,0,0,0
dataset/Cattle Breeds/Kankrej/Kankrej_98.jpg,Kankrej_98.jpg,Cattle Breeds,Kankrej,4,0,0,0,0,1,0,0,0,0,0
dataset/Cattle Breeds/Kankrej/Kankrej_99.jpeg,Kankrej_99.jpeg,Cattle Breeds,Kankrej,4,0,0,0,0,1,0,0,0,0,0
dataset/Cattle Breeds/Red_Sindhi/Red_Sindhi_1.JPG,Red_Sindhi_1.JPG,Cattle Breeds,Red_Sindhi,6,0,0,0,0,0,0,1,0,0,0
dataset/Cattle Breeds/Red_Sindhi/Red_Sindhi_10.png,Red_Sindhi_10.png,Cattle Breeds,Red_Sindhi,6,0,0,0,0,0,0,1,0,0,0
dataset/Cattle Breeds/Red_Sindhi/Red_Sindhi_100.jpeg,Red_Sindhi_100.jpeg,Cattle Breeds,Red_Sindhi,6,0,0,0,0,0,0,1,0,0,0
dataset/Cattle Breeds/Red_Sindhi/Red_Sindhi_101.jpg,Red_Sindhi_101.jpg,Cattle Breeds,Red_Sindhi,6,0,0,0,0,0,0,1,0,0,0
dataset/Cattle Breeds/Red_Sindhi/Red_Sindhi_102.jpg,Red_Sindhi_102.jpg,Cattle Breeds,Red_Sindhi,6,0,0,0,0,0,0,1,0,0,0
dataset/Cattle Breeds/Red_Sindhi/Red_Sindhi_103.jpg,Red_Sindhi_103.jpg,Cattle Breeds,Red_Sindhi,6,0,0,0,0,0,0,1,0,0,0
dataset/Cattle Breeds/Red_Sindhi/Red_Sindhi_104.jpg,Red_Sindhi_104.jpg,Cattle Breeds,Red_Sindhi,6,0,0,0,0,0,0,1,0,0,0
dataset/Cattle Breeds/Red_Sindhi/Red_Sindhi_105.jpg,Red_Sindhi_105.jpg,Cattle Breeds,Red_Sindhi,6,0,0,0,0,0,0,1,0,0,0
dataset/Cattle Breeds/Red_Sindhi/Red_Sindhi_106.jpg,Red_Sindhi_106.jpg,Cattle Breeds,Red_Sindhi,6,0,0,0,0,0,0,1,0,0,0
dataset/Cattle Breeds/Red_Sindhi/Red_Sindhi_107.jpg,Red_Sindhi_107.jpg,Cattle Breeds,Red_Sindhi,6,0,0,0,0,0,0,1,0,0,0
dataset/Cattle Breeds/Red_Sindhi/Red_Sindhi_108.jpg,Red_Sindhi_108.jpg,Cattle Breeds,Red_Sindhi,6,0,0,0,0,0,0,1,0,0,0
dataset/Cattle Breeds/Red_Sindhi/Red_Sindhi_11.png,Red_Sindhi_11.png,Cattle Breeds,Red_Sindhi,6,0,0,0,0,0,0,1,0,0,0
dataset/Cattle Breeds/Red_Sindhi/Red_Sindhi_110.png,Red_Sindhi_110.png,Cattle Breeds,Red_Sindhi,6,0,0,0,0,0,0,1,0,0,0
dataset/Cattle Breeds/Red_Sindhi/Red_Sindhi_111.jpg,Red_Sindhi_111.jpg,Cattle Breeds,Red_Sindhi,6,0,0,0,0,0,0,1,0,0,0
dataset/Cattle Breeds/Red_Sindhi/Red_Sindhi_112.jpg,Red_Sindhi_112.jpg,Cattle Breeds,Red_Sindhi,6,0,0,0,0,0,0,1,0,0,0
dataset/Cattle Breeds/Red_Sindhi/Red_Sindhi_113.jpg,Red_Sindhi_113.jpg,Cattle Breeds,Red_Sindhi,6,0,0,0,0,0,0,1,0,0,0
dataset/Cattle Breeds/Red_Sindhi/Red_Sindhi_115.jpg,Red_Sindhi_115.jpg,Cattle Breeds,Red_Sindhi,6,0,0,0,0,0,0,1,0,0,0
dataset/Cattle Breeds/Red_Sindhi/Red_Sindhi_116.jpg,Red_Sindhi_116.jpg,Cattle Breeds,Red_Sindhi,6,0,0,0,0,0,0,1,0,0,0
dataset/Cattle Breeds/Red_Sindhi/Red_Sindhi_117.jpg,Red_Sindhi_117.jpg,Cattle Breeds,Red_Sindhi,6,0,0,0,0,0,0,1,0,0,0
dataset/Cattle Breeds/Red_Sindhi/Red_Sindhi_118.png,Red_Sindhi_118.png,Cattle Breeds,Red_Sindhi,6,0,0,0,0,0,0,1,0,0,0
dataset/Cattle Breeds/Red_Sindhi/Red_Sindhi_12.png,Red_Sindhi_12.png,Cattle Breeds,Red_Sindhi,6,0,0,0,0,0,0,1,0,0,0
dataset/Cattle Breeds/Red_Sindhi/Red_Sindhi_120.png,Red_Sindhi_120.png,Cattle Breeds,Red_Sindhi,6,0,0,0,0,0,0,1,0,0,0
dataset/Cattle Breeds/Red_Sindhi/Red_Sindhi_121.jpeg,Red_Sindhi_121.jpeg,Cattle Breeds,Red_Sindhi,6,0,0,0,0,0,0,1,0,0,0
dataset/Cattle Breeds/Red_Sindhi/Red_Sindhi_122.png,Red_Sindhi_122.png,Cattle Breeds,Red_Sindhi,6,0,0,0,0,0,0,1,0,0,0
dataset/Cattle Breeds/Red_Sindhi/Red_Sindhi_123.jpeg,Red_Sindhi_123.jpeg,Cattle Breeds,Red_Sindhi,6,0,0,0,0,0,0,1,0,0,0
dataset/Cattle Breeds/Red_Sindhi/Red_Sindhi_124.png,Red_Sindhi_124.png,Cattle Breeds,Red_Sindhi,6,0,0,0,0,0,0,1,0,0,0
dataset/Cattle Breeds/Red_Sindhi/Red_Sindhi_125.png,Red_Sindhi_125.png,Cattle Breeds,Red_Sindhi,6,0,0,0,0,0,0,1,0,0,0
dataset/Cattle Breeds/Red_Sindhi/Red_Sindhi_126.png,Red_Sindhi_126.png,Cattle Breeds,Red_Sindhi,6,0,0,0,0,0,0,1,0,0,0
dataset/Cattle Breeds/Red_Sindhi/Red_Sindhi_127.png,Red_Sindhi_127.png,Cattle Breeds,Red_Sindhi,6,0,0,0,0,0,0,1,0,0,0
dataset/Cattle Breeds/Red_Sindhi/Red_Sindhi_128.jpg,Red_Sindhi_128.jpg,Cattle Breeds,Red_Sindhi,6,0,0,0,0,0,0,1,0,0,0
dataset/Cattle Breeds/Red_Sindhi/Red_Sindhi_129.jpg,Red_Sindhi_129.jpg,Cattle Breeds,Red_Sindhi,6,0,0,0,0,0,0,1,0,0,0
dataset/Cattle Breeds/Red_Sindhi/Red_Sindhi_13.jpg,Red_Sindhi_13.jpg,Cattle Breeds,Red_Sindhi,6,0,0,0,0,0,0,1,0,0,0
dataset/Cattle Breeds/Red_Sindhi/Red_Sindhi_130.png,Red_Sindhi_130.png,Cattle Breeds,Red_Sindhi,6,0,0,0,0,0,0,1,0,0,0
dataset/Cattle Breeds/Red_Sindhi/Red_Sindhi_131.png,Red_Sindhi_131.png,Cattle Breeds,Red_Sindhi,6,0,0,0,0,0,0,1,0,0,0
dataset/Cattle Breeds/Red_Sindhi/Red_Sindhi_132.jpg,Red_Sindhi_132.jpg,Cattle Breeds,Red_Sindhi,6,0,0,0,0,0,0,1,0,0,0
dataset/Cattle Breeds/Red_Sindhi/Red_Sindhi_133.png,Red_Sindhi_133.png,Cattle Breeds,Red_Sindhi,6,0,0,0,0,0,0,1,0,0,0
dataset/Cattle Breeds/Red_Sindhi/Red_Sindhi_134.jpg,Red_Sindhi_134.jpg,Cattle Breeds,Red_Sindhi,6,0,0,0,0,0,0,1,0,0,0
dataset/Cattle Breeds/Red_Sindhi/Red_Sindhi_135.png,Red_Sindhi_135.png,Cattle Breeds,Red_Sindhi,6,0,0,0,0,0,0,1,0,0,0
dataset/Cattle Breeds/Red_Sindhi/Red_Sindhi_136.png,Red_Sindhi_136.png,Cattle Breeds,Red_Sindhi,6,0,0,0,0,0,0,1,0,0,0
dataset/Cattle Breeds/Red_Sindhi/Red_Sindhi_137.jpg,Red_Sindhi_137.jpg,Cattle Breeds,Red_Sindhi,6,0,0,0,0,0,0,1,0,0,0
dataset/Cattle Breeds/Red_Sindhi/Red_Sindhi_138.png,Red_Sindhi_138.png,Cattle Breeds,Red_Sindhi,6,0,0,0,0,0,0,1,0,0,0
dataset/Cattle Breeds/Red_Sindhi/Red_Sindhi_139.png,Red_Sindhi_139.png,Cattle Breeds,Red_Sindhi,6,0,0,0,0,0,0,1,0,0,0
dataset/Cattle Breeds/Red_Sindhi/Red_Sindhi_14.png,Red_Sindhi_14.png,Cattle Breeds,Red_Sindhi,6,0,0,0,0,0,0,1,0,0,0
dataset/Cattle Breeds/Red_Sindhi/Red_Sindhi_140.jpg,Red_Sindhi_140.jpg,Cattle Breeds,Red_Sindhi,6,0,0,0,0,0,0,1,0,0,0
dataset/Cattle Breeds/Red_Sindhi/Red_Sindhi_141.png,Red_Sindhi_141.png,Cattle Breeds,Red_Sindhi,6,0,0,0,0,0,0,1,0,0,0
dataset/Cattle Breeds/Red_Sindhi/Red_Sindhi_142.png,Red_Sindhi_142.png,Cattle Breeds,Red_Sindhi,6,0,0,0,0,0,0,1,0,0,0
dataset/Cattle Breeds/Red_Sindhi/Red_Sindhi_143.jpg,Red_Sindhi_143.jpg,Cattle Breeds,Red_Sindhi,6,0,0,0,0,0,0,1,0,0,0
dataset/Cattle Breeds/Red_Sindhi/Red_Sindhi_144.png,Red_Sindhi_144.png,Cattle Breeds,Red_Sindhi,6,0,0,0,0,0,0,1,0,0,0
dataset/Cattle Breeds/Red_Sindhi/Red_Sindhi_145.jpg,Red_Sindhi_145.jpg,Cattle Breeds,Red_Sindhi,6,0,0,0,0,0,0,1,0,0,0
dataset/Cattle Breeds/Red_Sindhi/Red_Sindhi_146.jpg,Red_Sindhi_146.jpg,Cattle Breeds,Red_Sindhi,6,0,0,0,0,0,0,1,0,0,0
dataset/Cattle Breeds/Red_Sindhi/Red_Sindhi_147.png,Red_Sindhi_147.png,Cattle Breeds,Red_Sindhi,6,0,0,0,0,0,0,1,0,0,0
dataset/Cattle Breeds/Red_Sindhi/Red_Sindhi_148.png,Red_Sindhi_148.png,Cattle Breeds,Red_Sindhi,6,0,0,0,0,0,0,1,0,0,0
dataset/Cattle Breeds/Red_Sindhi/Red_Sindhi_149.png,Red_Sindhi_149.png,Cattle Breeds,Red_Sindhi,6,0,0,0,0,0,0,1,0,0,0
dataset/Cattle Breeds/Red_Sindhi/Red_Sindhi_15.png,Red_Sindhi_15.png,Cattle Breeds,Red_Sindhi,6,0,0,0,0,0,0,1,0,0,0
dataset/Cattle Breeds/Red_Sindhi/Red_Sindhi_150.png,Red_Sindhi_150.png,Cattle Breeds,Red_Sindhi,6,0,0,0,0,0,0,1,0,0,0
dataset/Cattle Breeds/Red_Sindhi/Red_Sindhi_151.png,Red_Sindhi_151.png,Cattle Breeds,Red_Sindhi,6,0,0,0,0,0,0,1,0,0,0
dataset/Cattle Breeds/Red_Sindhi/Red_Sindhi_152.png,Red_Sindhi_152.png,Cattle Breeds,Red_Sindhi,6,0,0,0,0,0,0,1,0,0,0
dataset/Cattle Breeds/Red_Sindhi/Red_Sindhi_154.png,Red_Sindhi_154.png,Cattle Breeds,Red_Sindhi,6,0,0,0,0,0,0,1,0,0,0
dataset/Cattle Breeds/Red_Sindhi/Red_Sindhi_155.png,Red_Sindhi_155.png,Cattle Breeds,Red_Sindhi,6,0,0,0,0,0,0,1,0,0,0
dataset/Cattle Breeds/Red_Sindhi/Red_Sindhi_156.jpg,Red_Sindhi_156.jpg,Cattle Breeds,Red_Sindhi,6,0,0,0,0,0,0,1,0,0,0
dataset/Cattle Breeds/Red_Sindhi/Red_Sindhi_157.png,Red_Sindhi_157.png,Cattle Breeds,Red_Sindhi,6,0,0,0,0,0,0,1,0,0,0
dataset/Cattle Breeds/Red_Sindhi/Red_Sindhi_159.png,Red_Sindhi_159.png,Cattle Breeds,Red_Sindhi,6,0,0,0,0,0,0,1,0,0,0
dataset/Cattle Breeds/Red_Sindhi/Red_Sindhi_16.jpg,Red_Sindhi_16.jpg,Cattle Breeds,Red_Sindhi,6,0,0,0,0,0,0,1,0,0,0
dataset/Cattle Breeds/Red_Sindhi/Red_Sindhi_160.png,Red_Sindhi_160.png,Cattle Breeds,Red_Sindhi,6,0,0,0,0,0,0,1,0,0,0
dataset/Cattle Breeds/Red_Sindhi/Red_Sindhi_161.png,Red_Sindhi_161.png,Cattle Breeds,Red_Sindhi,6,0,0,0,0,0,0,1,0,0,0
dataset/Cattle Breeds/Red_Sindhi/Red_Sindhi_162.png,Red_Sindhi_162.png,Cattle Breeds,Red_Sindhi,6,0,0,0,0,0,0,1,0,0,0
dataset/Cattle Breeds/Red_Sindhi/Red_Sindhi_163.png,Red_Sindhi_163.png,Cattle Breeds,Red_Sindhi,6,0,0,0,0,0,0,1,0,0,0
dataset/Cattle Breeds/Red_Sindhi/Red_Sindhi_164.jpg,Red_Sindhi_164.jpg,Cattle Breeds,Red_Sindhi,6,0,0,0,0,0,0,1,0,0,0
dataset/Cattle Breeds/Red_Sindhi/Red_Sindhi_165.png,Red_Sindhi_165.png,Cattle Breeds,Red_Sindhi,6,0,0,0,0,0,0,1,0,0,0
dataset/Cattle Breeds/Red_Sindhi/Red_Sindhi_167.png,Red_Sindhi_167.png,Cattle Breeds,Red_Sindhi,6,0,0,0,0,0,0,1,0,0,0
dataset/Cattle Breeds/Red_Sindhi/Red_Sindhi_168.jpg,Red_Sindhi_168.jpg,Cattle Breeds,Red_Sindhi,6,0,0,0,0,0,0,1,0,0,0
dataset/Cattle Breeds/Red_Sindhi/Red_Sindhi_169.png,Red_Sindhi_169.png,Cattle Breeds,Red_Sindhi,6,0,0,0,0,0,0,1,0,0,0
dataset/Cattle Breeds/Red_Sindhi/Red_Sindhi_17.png,Red_Sindhi_17.png,Cattle Breeds,Red_Sindhi,6,0,0,0,0,0,0,1,0,0,0
dataset/Cattle Breeds/Red_Sindhi/Red_Sindhi_170.jpg,Red_Sindhi_170.jpg,Cattle Breeds,Red_Sindhi,6,0,0,0,0,0,0,1,0,0,0
dataset/Cattle Breeds/Red_Sindhi/Red_Sindhi_18.jpg,Red_Sindhi_18.jpg,Cattle Breeds,Red_Sindhi,6,0,0,0,0,0,0,1,0,0,0
dataset/Cattle Breeds/Red_Sindhi/Red_Sindhi_19.png,Red_Sindhi_19.png,Cattle Breeds,Red_Sindhi,6,0,0,0,0,0,0,1,0,0,0
dataset/Cattle Breeds/Red_Sindhi/Red_Sindhi_2.JPG,Red_Sindhi_2.JPG,Cattle Breeds,Red_Sindhi,6,0,0,0,0,0,0,1,0,0,0
dataset/Cattle Breeds/Red_Sindhi/Red_Sindhi_21.jpg,Red_Sindhi_21.jpg,Cattle Breeds,Red_Sindhi,6,0,0,0,0,0,0,1,0,0,0
dataset/Cattle Breeds/Red_Sindhi/Red_Sindhi_22.png,Red_Sindhi_22.png,Cattle Breeds,Red_Sindhi,6,0,0,0,0,0,0,1,0,0,0
dataset/Cattle Breeds/Red_Sindhi/Red_Sindhi_23.jpg,Red_Sindhi_23.jpg,Cattle Breeds,Red_Sindhi,6,0,0,0,0,0,0,1,0,0,0
dataset/Cattle Breeds/Red_Sindhi/Red_Sindhi_24.png,Red_Sindhi_24.png,Cattle Breeds,Red_Sindhi,6,0,0,0,0,0,0,1,0,0,0
dataset/Cattle Breeds/Red_Sindhi/Red_Sindhi_25.png,Red_Sindhi_25.png,Cattle Breeds,Red_Sindhi,6,0,0,0,0,0,0,1,0,0,0
dataset/Cattle Breeds/Red_Sindhi/Red_Sindhi_26.png,Red_Sindhi_26.png,Cattle Breeds,Red_Sindhi,6,0,0,0,0,0,0,1,0,0,0
dataset/Cattle Breeds/Red_Sindhi/Red_Sindhi_27.jpg,Red_Sindhi_27.jpg,Cattle Breeds,Red_Sindhi,6,0,0,0,0,0,0,1,0,0,0
dataset/Cattle Breeds/Red_Sindhi/Red_Sindhi_28.jpg,Red_Sindhi_28.jpg,Cattle Breeds,Red_Sindhi,6,0,0,0,0,0,0,1,0,0,0
dataset/Cattle Breeds/Red_Sindhi/Red_Sindhi_3.JPG,Red_Sindhi_3.JPG,Cattle Breeds,Red_Sindhi,6,0,0,0,0,0,0,1,0,0,0
dataset/Cattle Breeds/Red_Sindhi/Red_Sindhi_30.jpg,Red_Sindhi_30.jpg,Cattle Breeds,Red_Sindhi,6,0,0,0,0,0,0,1,0,0,0
dataset/Cattle Breeds/Red_Sindhi/Red_Sindhi_31.jpg,Red_Sindhi_31.jpg,Cattle Breeds,Red_Sindhi,6,0,0,0,0,0,0,1,0,0,0
dataset/Cattle Breeds/Red_Sindhi/Red_Sindhi_32.jpg,Red_Sindhi_32.jpg,Cattle Breeds,Red_Sindhi,6,0,0,0,0,0,0,1,0,0,0
dataset/Cattle Breeds/Red_Sindhi/Red_Sindhi_33.jpg,Red_Sindhi_33.jpg,Cattle Breeds,Red_Sindhi,6,0,0,0,0,0,0,1,0,0,0
dataset/Cattle Breeds/Red_Sindhi/Red_Sindhi_34.jpg,Red_Sindhi_34.jpg,Cattle Breeds,Red_Sindhi,6,0,0,0,0,0,0,1,0,0,0
dataset/Cattle Breeds/Red_Sindhi/Red_Sindhi_35.jpg,Red_Sindhi_35.jpg,Cattle Breeds,Red_Sindhi,6,0,0,0,0,0,0,1,0,0,0
dataset/Cattle Breeds/Red_Sindhi/Red_Sindhi_36.jpg,Red_Sindhi_36.jpg,Cattle Breeds,Red_Sindhi,6,0,0,0,0,0,0,1,0,0,0
dataset/Cattle Breeds/Red_Sindhi/Red_Sindhi_37.jpg,Red_Sindhi_37.jpg,Cattle Breeds,Red_Sindhi,6,0,0,0,0,0,0,1,0,0,0
dataset/Cattle Breeds/Red_Sindhi/Red_Sindhi_39.jpg,Red_Sindhi_39.jpg,Cattle Breeds,Red_Sindhi,6,0,0,0,0,0,0,1,0,0,0
dataset/Cattle Breeds/Red_Sindhi/Red_Sindhi_4.JPG,Red_Sindhi_4.JPG,Cattle Breeds,Red_Sindhi,6,0,0,0,0,0,0,1,0,0,0
dataset/Cattle Breeds/Red_Sindhi/Red_Sindhi_40.jpg,Red_Sindhi_40.jpg,Cattle Breeds,Red_Sindhi,6,0,0,0,0,0,0,1,0,0,0
dataset/Cattle Breeds/Red_Sindhi/Red_Sindhi_41.jpg,Red_Sindhi_41.jpg,Cattle Breeds,Red_Sindhi,6,0,0,0,0,0,0,1,0,0,0
dataset/Cattle Breeds/Red_Sindhi/Red_Sindhi_42.jpg,Red_Sindhi_42.jpg,Cattle Breeds,Red_Sindhi,6,0,0,0,0,0,0,1,0,0,0
dataset/Cattle Breeds/Red_Sindhi/Red_Sindhi_43.jpg,Red_Sindhi_43.jpg,Cattle Breeds,Red_Sindhi,6,0,0,0,0,0,0,1,0,0,0
dataset/Cattle Breeds/Red_Sindhi/Red_Sindhi_44.jpg,Red_Sindhi_44.jpg,Cattle Breeds,Red_Sindhi,6,0,0,0,0,0,0,1,0,0,0
dataset/Cattle Breeds/Red_Sindhi/Red_Sindhi_45.jpg,Red_Sindhi_45.jpg,Cattle Breeds,Red_Sindhi,6,0,0,0,0,0,0,1,0,0,0
dataset/Cattle Breeds/Red_Sindhi/Red_Sindhi_46.jpg,Red_Sindhi_46.jpg,Cattle Breeds,Red_Sindhi,6,0,0,0,0,0,0,1,0,0,0
dataset/Cattle Breeds/Red_Sindhi/Red_Sindhi_47.jpg,Red_Sindhi_47.jpg,Cattle Breeds,Red_Sindhi,6,0,0,0,0,0,0,1,0,0,0
dataset/Cattle Breeds/Red_Sindhi/Red_Sindhi_48.jpg,Red_Sindhi_48.jpg,Cattle Breeds,Red_Sindhi,6,0,0,0,0,0,0,1,0,0,0
dataset/Cattle Breeds/Red_Sindhi/Red_Sindhi_49.jpg,Red_Sindhi_49.jpg,Cattle Breeds,Red_Sindhi,6,0,0,0,0,0,0,1,0,0,0
dataset/Cattle Breeds/Red_Sindhi/Red_Sindhi_5.JPG,Red_Sindhi_5.JPG,Cattle Breeds,Red_Sindhi,6,0,0,0,0,0,0,1,0,0,0
dataset/Cattle Breeds/Red_Sindhi/Red_Sindhi_50.jpg,Red_Sindhi_50.jpg,Cattle Breeds,Red_Sindhi,6,0,0,0,0,0,0,1,0,0,0
dataset/Cattle Breeds/Red_Sindhi/Red_Sindhi_51.jpg,Red_Sindhi_51.jpg,Cattle Breeds,Red_Sindhi,6,0,0,0,0,0,0,1,0,0,0
dataset/Cattle Breeds/Red_Sindhi/Red_Sindhi_53.jpg,Red_Sindhi_53.jpg,Cattle Breeds,Red_Sindhi,6,0,0,0,0,0,0,1,0,0,0
dataset/Cattle Breeds/Red_Sindhi/Red_Sindhi_54.jpg,Red_Sindhi_54.jpg,Cattle Breeds,Red_Sindhi,6,0,0,0,0,0,0,1,0,0,0
dataset/Cattle Breeds/Red_Sindhi/Red_Sindhi_55.jpg,Red_Sindhi_55.jpg,Cattle Breeds,Red_Sindhi,6,0,0,0,0,0,0,1,0,0,0
dataset/Cattle Breeds/Red_Sindhi/Red_Sindhi_56.jpg,Red_Sindhi_56.jpg,Cattle Breeds,Red_Sindhi,6,0,0,0,0,0,0,1,0,0,0
dataset/Cattle Breeds/Red_Sindhi/Red_Sindhi_57.jpg,Red_Sindhi_57.jpg,Cattle Breeds,Red_Sindhi,6,0,0,0,0,0,0,1,0,0,0
dataset/Cattle Breeds/Red_Sindhi/Red_Sindhi_58.jpg,Red_Sindhi_58.jpg,Cattle Breeds,Red_Sindhi,6,0,0,0,0,0,0,1,0,0,0
dataset/Cattle Breeds/Red_Sindhi/Red_Sindhi_59.png,Red_Sindhi_59.png,Cattle Breeds,Red_Sindhi,6,0,0,0,0,0,0,1,0,0,0
dataset/Cattle Breeds/Red_Sindhi/Red_Sindhi_6.JPG,Red_Sindhi_6.JPG,Cattle Breeds,Red_Sindhi,6,0,0,0,0,0,0,1,0,0,0
dataset/Cattle Breeds/Red_Sindhi/Red_Sindhi_60.jpg,Red_Sindhi_60.jpg,Cattle Breeds,Red_Sindhi,6,0,0,0,0,0,0,1,0,0,0
dataset/Cattle Breeds/Red_Sindhi/Red_Sindhi_61.jpg,Red_Sindhi_61.jpg,Cattle Breeds,Red_Sindhi,6,0,0,0,0,0,0,1,0,0,0
dataset/Cattle Breeds/Red_Sindhi/Red_Sindhi_62.jpg,Red_Sindhi_62.jpg,Cattle Breeds,Red_Sindhi,6,0,0,0,0,0,0,1,0,0,0
dataset/Cattle Breeds/Red_Sindhi/Red_Sindhi_63.jpg,Red_Sindhi_63.jpg,Cattle Breeds,Red_Sindhi,6,0,0,0,0,0,0,1,0,0,0
dataset/Cattle Breeds/Red_Sindhi/Red_Sindhi_64.jpg,Red_Sindhi_64.jpg,Cattle Breeds,Red_Sindhi,6,0,0,0,0,0,0,1,0,0,0
dataset/Cattle Breeds/Red_Sindhi/Red_Sindhi_65.png,Red_Sindhi_65.png,Cattle Breeds,Red_Sindhi,6,0,0,0,0,0,0,1,0,0,0
dataset/Cattle Breeds/Red_Sindhi/Red_Sindhi_66.jpg,Red_Sindhi_66.jpg,Cattle Breeds,Red_Sindhi,6,0,0,0,0,0,0,1,0,0,0
dataset/Cattle Breeds/Red_Sindhi/Red_Sindhi_67.jpg,Red_Sindhi_67.jpg,Cattle Breeds,Red_Sindhi,6,0,0,0,0,0,0,1,0,0,0
dataset/Cattle Breeds/Red_Sindhi/Red_Sindhi_68.jpg,Red_Sindhi_68.jpg,Cattle Breeds,Red_Sindhi,6,0,0,0,0,0,0,1,0,0,0
dataset/Cattle Breeds/Red_Sindhi/Red_Sindhi_69.jpg,Red_Sindhi_69.jpg,Cattle Breeds,Red_Sindhi,6,0,0,0,0,0,0,1,0,0,0
dataset/Cattle Breeds/Red_Sindhi/Red_Sindhi_7.JPG,Red_Sindhi_7.JPG,Cattle Breeds,Red_Sindhi,6,0,0,0,0,0,0,1,0,0,0
dataset/Cattle Breeds/Red_Sindhi/Red_Sindhi_70.jpg,Red_Sindhi_70.jpg,Cattle Breeds,Red_Sindhi,6,0,0,0,0,0,0,1,0,0,0
dataset/Cattle Breeds/Red_Sindhi/Red_Sindhi_71.jpg,Red_Sindhi_71.jpg,Cattle Breeds,Red_Sindhi,6,0,0,0,0,0,0,1,0,0,0
dataset/Cattle Breeds/Red_Sindhi/Red_Sindhi_73.jpg,Red_Sindhi_73.jpg,Cattle Breeds,Red_Sindhi,6,0,0,0,0,0,0,1,0,0,0
dataset/Cattle Breeds/Red_Sindhi/Red_Sindhi_75.jpg,Red_Sindhi_75.jpg,Cattle Breeds,Red_Sindhi,6,0,0,0,0,0,0,1,0,0,0
dataset/Cattle Breeds/Red_Sindhi/Red_Sindhi_76.jpg,Red_Sindhi_76.jpg,Cattle Breeds,Red_Sindhi,6,0,0,0,0,0,0,1,0,0,0
dataset/Cattle Breeds/Red_Sindhi/Red_Sindhi_77.jpg,Red_Sindhi_77.jpg,Cattle Breeds,Red_Sindhi,6,0,0,0,0,0,0,1,0,0,0
dataset/Cattle Breeds/Red_Sindhi/Red_Sindhi_78.jpg,Red_Sindhi_78.jpg,Cattle Breeds,Red_Sindhi,6,0,0,0,0,0,0,1,0,0,0
dataset/Cattle Breeds/Red_Sindhi/Red_Sindhi_8.jpg,Red_Sindhi_8.jpg,Cattle Breeds,Red_Sindhi,6,0,0,0,0,0,0,1,0,0,0
dataset/Cattle Breeds/Red_Sindhi/Red_Sindhi_80.jpg,Red_Sindhi_80.jpg,Cattle Breeds,Red_Sindhi,6,0,0,0,0,0,0,1,0,0,0
dataset/Cattle Breeds/Red_Sindhi/Red_Sindhi_81.jpg,Red_Sindhi_81.jpg,Cattle Breeds,Red_Sindhi,6,0,0,0,0,0,0,1,0,0,0
dataset/Cattle Breeds/Red_Sindhi/Red_Sindhi_82.jpg,Red_Sindhi_82.jpg,Cattle Breeds,Red_Sindhi,6,0,0,0,0,0,0,1,0,0,0
dataset/Cattle Breeds/Red_Sindhi/Red_Sindhi_83.jpg,Red_Sindhi_83.jpg,Cattle Breeds,Red_Sindhi,6,0,0,0,0,0,0,1,0,0,0
dataset/Cattle Breeds/Red_Sindhi/Red_Sindhi_84.jpg,Red_Sindhi_84.jpg,Cattle Breeds,Red_Sindhi,6,0,0,0,0,0,0,1,0,0,0
dataset/Cattle Breeds/Red_Sindhi/Red_Sindhi_85.jpg,Red_Sindhi_85.jpg,Cattle Breeds,Red_Sindhi,6,0,0,0,0,0,0,1,0,0,0
dataset/Cattle Breeds/Red_Sindhi/Red_Sindhi_86.jpg,Red_Sindhi_86.jpg,Cattle Breeds,Red_Sindhi,6,0,0,0,0,0,0,1,0,0,0
dataset/Cattle Breeds/Red_Sindhi/Red_Sindhi_88.jpg,Red_Sindhi_88.jpg,Cattle Breeds,Red_Sindhi,6,0,0,0,0,0,0,1,0,0,0
dataset/Cattle Breeds/Red_Sindhi/Red_Sindhi_89.jpg,Red_Sindhi_89.jpg,Cattle Breeds,Red_Sindhi,6,0,0,0,0,0,0,1,0,0,0
dataset/Cattle Breeds/Red_Sindhi/Red_Sindhi_9.png,Red_Sindhi_9.png,Cattle Breeds,Red_Sindhi,6,0,0,0,0,0,0,1,0,0,0
dataset/Cattle Breeds/Red_Sindhi/Red_Sindhi_90.jpg,Red_Sindhi_90.jpg,Cattle Breeds,Red_Sindhi,6,0,0,0,0,0,0,1,0,0,0
dataset/Cattle Breeds/Red_Sindhi/Red_Sindhi_91.jpg,Red_Sindhi_91.jpg,Cattle Breeds,Red_Sindhi,6,0,0,0,0,0,0,1,0,0,0
dataset/Cattle Breeds/Red_Sindhi/Red_Sindhi_92.jpg,Red_Sindhi_92.jpg,Cattle Breeds,Red_Sindhi,6,0,0,0,0,0,0,1,0,0,0
dataset/Cattle Breeds/Red_Sindhi/Red_Sindhi_93.jpg,Red_Sindhi_93.jpg,Cattle Breeds,Red_Sindhi,6,0,0,0,0,0,0,1,0,0,0
dataset/Cattle Breeds/Red_Sindhi/Red_Sindhi_94.jpg,Red_Sindhi_94.jpg,Cattle Breeds,Red_Sindhi,6,0,0,0,0,0,0,1,0,0,0
dataset/Cattle Breeds/Red_Sindhi/Red_Sindhi_95.jpg,Red_Sindhi_95.jpg,Cattle Breeds,Red_Sindhi,6,0,0,0,0,0,0,1,0,0,0
dataset/Cattle Breeds/Red_Sindhi/Red_Sindhi_96.jpg,Red_Sindhi_96.jpg,Cattle Breeds,Red_Sindhi,6,0,0,0,0,0,0,1,0,0,0
dataset/Cattle Breeds/Red_Sindhi/Red_Sindhi_97.jpg,Red_Sindhi_97.jpg,Cattle Breeds,Red_Sindhi,6,0,0,0,0,0,0,1,0,0,0
dataset/Cattle Breeds/Red_Sindhi/Red_Sindhi_99.jpg,Red_Sindhi_99.jpg,Cattle Breeds,Red_Sindhi,6,0,0,0,0,0,0,1,0,0,0
dataset/Cattle Breeds/Sahiwal/Sahiwal_1.JPG,Sahiwal_1.JPG,Cattle Breeds,Sahiwal,7,0,0,0,0,0,0,0,1,0,0
dataset/Cattle Breeds/Sahiwal/Sahiwal_10.JPG,Sahiwal_10.JPG,Cattle Breeds,Sahiwal,7,0,0,0,0,0,0,0,1,0,0
dataset/Cattle Breeds/Sahiwal/Sahiwal_100.jpg,Sahiwal_100.jpg,Cattle Breeds,Sahiwal,7,0,0,0,0,0,0,0,1,0,0
dataset/Cattle Breeds/Sahiwal/Sahiwal_101.jpg,Sahiwal_101.jpg,Cattle Breeds,Sahiwal,7,0,0,0,0,0,0,0,1,0,0
dataset/Cattle Breeds/Sahiwal/Sahiwal_102.jpg,Sahiwal_102.jpg,Cattle Breeds,Sahiwal,7,0,0,0,0,0,0,0,1,0,0
dataset/Cattle Breeds/Sahiwal/Sahiwal_103.jpg,Sahiwal_103.jpg,Cattle Breeds,Sahiwal,7,0,0,0,0,0,0,0,1,0,0
dataset/Cattle Breeds/Sahiwal/Sahiwal_104.jpg,Sahiwal_104.jpg,Cattle Breeds,Sahiwal,7,0,0,0,0,0,0,0,1,0,0
dataset/Cattle Breeds/Sahiwal/Sahiwal_105.jpg,Sahiwal_105.jpg,Cattle Breeds,Sahiwal,7,0,0,0,0,0,0,0,1,0,0
dataset/Cattle Breeds/Sahiwal/Sahiwal_106.png,Sahiwal_106.png,Cattle Breeds,Sahiwal,7,0,0,0,0,0,0,0,1,0,0
dataset/Cattle Breeds/Sahiwal/Sahiwal_107.jpg,Sahiwal_107.jpg,Cattle Breeds,Sahiwal,7,0,0,0,0,0,0,0,1,0,0
dataset/Cattle Breeds/Sahiwal/Sahiwal_108.jpg,Sahiwal_108.jpg,Cattle Breeds,Sahiwal,7,0,0,0,0,0,0,0,1,0,0
dataset/Cattle Breeds/Sahiwal/Sahiwal_109.jpg,Sahiwal_109.jpg,Cattle Breeds,Sahiwal,7,0,0,0,0,0,0,0,1,0,0
dataset/Cattle Breeds/Sahiwal/Sahiwal_11.jpg,Sahiwal_11.jpg,Cattle Breeds,Sahiwal,7,0,0,0,0,0,0,0,1,0,0
dataset/Cattle Breeds/Sahiwal/Sahiwal_110.png,Sahiwal_110.png,Cattle Breeds,Sahiwal,7,0,0,0,0,0,0,0,1,0,0
dataset/Cattle Breeds/Sahiwal/Sahiwal_111.jpg,Sahiwal_111.jpg,Cattle Breeds,Sahiwal,7,0,0,0,0,0,0,0,1,0,0
dataset/Cattle Breeds/Sahiwal/Sahiwal_112.png,Sahiwal_112.png,Cattle Breeds,Sahiwal,7,0,0,0,0,0,0,0,1,0,0
dataset/Cattle Breeds/Sahiwal/Sahiwal_113.jpeg,Sahiwal_113.jpeg,Cattle Breeds,Sahiwal,7,0,0,0,0,0,0,0,1,0,0
dataset/Cattle Breeds/Sahiwal/Sahiwal_114.jpg,Sahiwal_114.jpg,Cattle Breeds,Sahiwal,7,0,0,0,0,0,0,0,1,0,0
dataset/Cattle Breeds/Sahiwal/Sahiwal_115.jpg,Sahiwal_115.jpg,Cattle Breeds,Sahiwal,7,0,0,0,0,0,0,0,1,0,0
dataset/Cattle Breeds/Sahiwal/Sahiwal_117.jpg,Sahiwal_117.jpg,Cattle Breeds,Sahiwal,7,0,0,0,0,0,0,0,1,0,0
dataset/Cattle Breeds/Sahiwal/Sahiwal_118.jpeg,Sahiwal_118.jpeg,Cattle Breeds,Sahiwal,7,0,0,0,0,0,0,0,1,0,0
dataset/Cattle Breeds/Sahiwal/Sahiwal_119.png,Sahiwal_119.png,Cattle Breeds,Sahiwal,7,0,0,0,0,0,0,0,1,0,0
dataset/Cattle Breeds/Sahiwal/Sahiwal_12.jpg,Sahiwal_12.jpg,Cattle Breeds,Sahiwal,7,0,0,0,0,0,0,0,1,0,0
dataset/Cattle Breeds/Sahiwal/Sahiwal_120.jpg,Sahiwal_120.jpg,Cattle Breeds,Sahiwal,7,0,0,0,0,0,0,0,1,0,0
dataset/Cattle Breeds/Sahiwal/Sahiwal_121.png,Sahiwal_121.png,Cattle Breeds,Sahiwal,7,0,0,0,0,0,0,0,1,0,0
dataset/Cattle Breeds/Sahiwal/Sahiwal_122.jpg,Sahiwal_122.jpg,Cattle Breeds,Sahiwal,7,0,0,0,0,0,0,0,1,0,0
dataset/Cattle Breeds/Sahiwal/Sahiwal_123.jpg,Sahiwal_123.jpg,Cattle Breeds,Sahiwal,7,0,0,0,0,0,0,0,1,0,0
dataset/Cattle Breeds/Sahiwal/Sahiwal_124.jpg,Sahiwal_124.jpg,Cattle Breeds,Sahiwal,7,0,0,0,0,0,0,0,1,0,0
dataset/Cattle Breeds/Sahiwal/Sahiwal_125.jpg,Sahiwal_125.jpg,Cattle Breeds,Sahiwal,7,0,0,0,0,0,0,0,1,0,0
dataset/Cattle Breeds/Sahiwal/Sahiwal_126.jpg,Sahiwal_126.jpg,Cattle Breeds,Sahiwal,7,0,0,0,0,0,0,0,1,0,0
dataset/Cattle Breeds/Sahiwal/Sahiwal_127.jpg,Sahiwal_127.jpg,Cattle Breeds,Sahiwal,7,0,0,0,0,0,0,0,1,0,0
dataset/Cattle Breeds/Sahiwal/Sahiwal_128.jpg,Sahiwal_128.jpg,Cattle Breeds,Sahiwal,7,0,0,0,0,0,0,0,1,0,0
dataset/Cattle Breeds/Sahiwal/Sahiwal_129.jpg,Sahiwal_129.jpg,Cattle Breeds,Sahiwal,7,0,0,0,0,0,0,0,1,0,0
dataset/Cattle Breeds/Sahiwal/Sahiwal_13.jpg,Sahiwal_13.jpg,Cattle Breeds,Sahiwal,7,0,0,0,0,0,0,0,1,0,0
dataset/Cattle Breeds/Sahiwal/Sahiwal_130.jpg,Sahiwal_130.jpg,Cattle Breeds,Sahiwal,7,0,0,0,0,0,0,0,1,0,0
dataset/Cattle Breeds/Sahiwal/Sahiwal_131.png,Sahiwal_131.png,Cattle Breeds,Sahiwal,7,0,0,0,0,0,0,0,1,0,0
dataset/Cattle Breeds/Sahiwal/Sahiwal_132.jpg,Sahiwal_132.jpg,Cattle Breeds,Sahiwal,7,0,0,0,0,0,0,0,1,0,0
dataset/Cattle Breeds/Sahiwal/Sahiwal_133.jpg,Sahiwal_133.jpg,Cattle Breeds,Sahiwal,7,0,0,0,0,0,0,0,1,0,0
dataset/Cattle Breeds/Sahiwal/Sahiwal_134.jpeg,Sahiwal_134.jpeg,Cattle Breeds,Sahiwal,7,0,0,0,0,0,0,0,1,0,0
dataset/Cattle Breeds/Sahiwal/Sahiwal_135.jpg,Sahiwal_135.jpg,Cattle Breeds,Sahiwal,7,0,0,0,0,0,0,0,1,0,0
dataset/Cattle Breeds/Sahiwal/Sahiwal_136.jpg,Sahiwal_136.jpg,Cattle Breeds,Sahiwal,7,0,0,0,0,0,0,0,1,0,0
dataset/Cattle Breeds/Sahiwal/Sahiwal_137.jpg,Sahiwal_137.jpg,Cattle Breeds,Sahiwal,7,0,0,0,0,0,0,0,1,0,0
dataset/Cattle Breeds/Sahiwal/Sahiwal_138.jpg,Sahiwal_138.jpg,Cattle Breeds,Sahiwal,7,0,0,0,0,0,0,0,1,0,0
dataset/Cattle Breeds/Sahiwal/Sahiwal_139.jpg,Sahiwal_139.jpg,Cattle Breeds,Sahiwal,7,0,0,0,0,0,0,0,1,0,0
dataset/Cattle Breeds/Sahiwal/Sahiwal_14.jpg,Sahiwal_14.jpg,Cattle Breeds,Sahiwal,7,0,0,0,0,0,0,0,1,0,0
dataset/Cattle Breeds/Sahiwal/Sahiwal_140.jpg,Sahiwal_140.jpg,Cattle Breeds,Sahiwal,7,0,0,0,0,0,0,0,1,0,0
dataset/Cattle Breeds/Sahiwal/Sahiwal_141.jpeg,Sahiwal_141.jpeg,Cattle Breeds,Sahiwal,7,0,0,0,0,0,0,0,1,0,0
dataset/Cattle Breeds/Sahiwal/Sahiwal_142.jpg,Sahiwal_142.jpg,Cattle Breeds,Sahiwal,7,0,0,0,0,0,0,0,1,0,0
dataset/Cattle Breeds/Sahiwal/Sahiwal_143.png,Sahiwal_143.png,Cattle Breeds,Sahiwal,7,0,0,0,0,0,0,0,1,0,0
dataset/Cattle Breeds/Sahiwal/Sahiwal_144.png,Sahiwal_144.png,Cattle Breeds,Sahiwal,7,0,0,0,0,0,0,0,1,0,0
dataset/Cattle Breeds/Sahiwal/Sahiwal_145.jpg,Sahiwal_145.jpg,Cattle Breeds,Sahiwal,7,0,0,0,0,0,0,0,1,0,0
dataset/Cattle Breeds/Sahiwal/Sahiwal_146.jpg,Sahiwal_146.jpg,Cattle Breeds,Sahiwal,7,0,0,0,0,0,0,0,1,0,0
dataset/Cattle Breeds/Sahiwal/Sahiwal_148.jpg,Sahiwal_148.jpg,Cattle Breeds,Sahiwal,7,0,0,0,0,0,0,0,1,0,0
dataset/Cattle Breeds/Sahiwal/Sahiwal_149.jpg,Sahiwal_149.jpg,Cattle Breeds,Sahiwal,7,0,0,0,0,0,0,0,1,0,0
dataset/Cattle Breeds/Sahiwal/Sahiwal_15.png,Sahiwal_15.png,Cattle Breeds,Sahiwal,7,0,0,0,0,0,0,0,1,0,0
dataset/Cattle Breeds/Sahiwal/Sahiwal_150.jpg,Sahiwal_150.jpg,Cattle Breeds,Sahiwal,7,0,0,0,0,0,0,0,1,0,0
dataset/Cattle Breeds/Sahiwal/Sahiwal_151.jpg,Sahiwal_151.jpg,Cattle Breeds,Sahiwal,7,0,0,0,0,0,0,0,1,0,0
dataset/Cattle Breeds/Sahiwal/Sahiwal_154.jpg,Sahiwal_154.jpg,Cattle Breeds,Sahiwal,7,0,0,0,0,0,0,0,1,0,0
dataset/Cattle Breeds/Sahiwal/Sahiwal_155.jpg,Sahiwal_155.jpg,Cattle Breeds,Sahiwal,7,0,0,0,0,0,0,0,1,0,0
dataset/Cattle Breeds/Sahiwal/Sahiwal_156.png,Sahiwal_156.png,Cattle Breeds,Sahiwal,7,0,0,0,0,0,0,0,1,0,0
dataset/Cattle Breeds/Sahiwal/Sahiwal_157.jpg,Sahiwal_157.jpg,Cattle Breeds,Sahiwal,7,0,0,0,0,0,0,0,1,0,0
dataset/Cattle Breeds/Sahiwal/Sahiwal_158.png,Sahiwal_158.png,Cattle Breeds,Sahiwal,7,0,0,0,0,0,0,0,1,0,0
dataset/Cattle Breeds/Sahiwal/Sahiwal_159.jpg,Sahiwal_159.jpg,Cattle Breeds,Sahiwal,7,0,0,0,0,0,0,0,1,0,0
dataset/Cattle Breeds/Sahiwal/Sahiwal_16.jpg,Sahiwal_16.jpg,Cattle Breeds,Sahiwal,7,0,0,0,0,0,0,0,1,0,0
dataset/Cattle Breeds/Sahiwal/Sahiwal_160.jpg,Sahiwal_160.jpg,Cattle Breeds,Sahiwal,7,0,0,0,0,0,0,0,1,0,0
dataset/Cattle Breeds/Sahiwal/Sahiwal_161.png,Sahiwal_161.png,Cattle Breeds,Sahiwal,7,0,0,0,0,0,0,0,1,0,0
dataset/Cattle Breeds/Sahiwal/Sahiwal_162.jpg,Sahiwal_162.jpg,Cattle Breeds,Sahiwal,7,0,0,0,0,0,0,0,1,0,0
dataset/Cattle Breeds/Sahiwal/Sahiwal_163.jpg,Sahiwal_163.jpg,Cattle Breeds,Sahiwal,7,0,0,0,0,0,0,0,1,0,0
dataset/Cattle Breeds/Sahiwal/Sahiwal_164.jpg,Sahiwal_164.jpg,Cattle Breeds,Sahiwal,7,0,0,0,0,0,0,0,1,0,0
dataset/Cattle Breeds/Sahiwal/Sahiwal_165.jpg,Sahiwal_165.jpg,Cattle Breeds,Sahiwal,7,0,0,0,0,0,0,0,1,0,0
dataset/Cattle Breeds/Sahiwal/Sahiwal_166.png,Sahiwal_166.png,Cattle Breeds,Sahiwal,7,0,0,0,0,0,0,0,1,0,0
dataset/Cattle Breeds/Sahiwal/Sahiwal_167.jpg,Sahiwal_167.jpg,Cattle Breeds,Sahiwal,7,0,0,0,0,0,0,0,1,0,0
dataset/Cattle Breeds/Sahiwal/Sahiwal_168.jpg,Sahiwal_168.jpg,Cattle Breeds,Sahiwal,7,0,0,0,0,0,0,0,1,0,0
dataset/Cattle Breeds/Sahiwal/Sahiwal_169.jpg,Sahiwal_169.jpg,Cattle Breeds,Sahiwal,7,0,0,0,0,0,0,0,1,0,0
dataset/Cattle Breeds/Sahiwal/Sahiwal_17.jpg,Sahiwal_17.jpg,Cattle Breeds,Sahiwal,7,0,0,0,0,0,0,0,1,0,0
dataset/Cattle Breeds/Sahiwal/Sahiwal_170.png,Sahiwal_170.png,Cattle Breeds,Sahiwal,7,0,0,0,0,0,0,0,1,0,0
dataset/Cattle Breeds/Sahiwal/Sahiwal_171.jpg,Sahiwal_171.jpg,Cattle Breeds,Sahiwal,7,0,0,0,0,0,0,0,1,0,0
dataset/Cattle Breeds/Sahiwal/Sahiwal_172.jpg,Sahiwal_172.jpg,Cattle Breeds,Sahiwal,7,0,0,0,0,0,0,0,1,0,0
dataset/Cattle Breeds/Sahiwal/Sahiwal_173.jpg,Sahiwal_173.jpg,Cattle Breeds,Sahiwal,7,0,0,0,0,0,0,0,1,0,0
dataset/Cattle Breeds/Sahiwal/Sahiwal_174.jpg,Sahiwal_174.jpg,Cattle Breeds,Sahiwal,7,0,0,0,0,0,0,0,1,0,0
dataset/Cattle Breeds/Sahiwal/Sahiwal_175.jpg,Sahiwal_175.jpg,Cattle Breeds,Sahiwal,7,0,0,0,0,0,0,0,1,0,0
dataset/Cattle Breeds/Sahiwal/Sahiwal_176.jpg,Sahiwal_176.jpg,Cattle Breeds,Sahiwal,7,0,0,0,0,0,0,0,1,0,0
dataset/Cattle Breeds/Sahiwal/Sahiwal_178.png,Sahiwal_178.png,Cattle Breeds,Sahiwal,7,0,0,0,0,0,0,0,1,0,0
dataset/Cattle Breeds/Sahiwal/Sahiwal_18.jpg,Sahiwal_18.jpg,Cattle Breeds,Sahiwal,7,0,0,0,0,0,0,0,1,0,0
dataset/Cattle Breeds/Sahiwal/Sahiwal_180.png,Sahiwal_180.png,Cattle Breeds,Sahiwal,7,0,0,0,0,0,0,0,1,0,0
dataset/Cattle Breeds/Sahiwal/Sahiwal_181.jpg,Sahiwal_181.jpg,Cattle Breeds,Sahiwal,7,0,0,0,0,0,0,0,1,0,0
dataset/Cattle Breeds/Sahiwal/Sahiwal_182.jpg,Sahiwal_182.jpg,Cattle Breeds,Sahiwal,7,0,0,0,0,0,0,0,1,0,0
dataset/Cattle Breeds/Sahiwal/Sahiwal_183.jpg,Sahiwal_183.jpg,Cattle Breeds,Sahiwal,7,0,0,0,0,0,0,0,1,0,0
dataset/Cattle Breeds/Sahiwal/Sahiwal_184.jpeg,Sahiwal_184.jpeg,Cattle Breeds,Sahiwal,7,0,0,0,0,0,0,0,1,0,0
dataset/Cattle Breeds/Sahiwal/Sahiwal_185.jpg,Sahiwal_185.jpg,Cattle Breeds,Sahiwal,7,0,0,0,0,0,0,0,1,0,0
dataset/Cattle Breeds/Sahiwal/Sahiwal_186.jpg,Sahiwal_186.jpg,Cattle Breeds,Sahiwal,7,0,0,0,0,0,0,0,1,0,0
dataset/Cattle Breeds/Sahiwal/Sahiwal_187.jpg,Sahiwal_187.jpg,Cattle Breeds,Sahiwal,7,0,0,0,0,0,0,0,1,0,0
dataset/Cattle Breeds/Sahiwal/Sahiwal_188.jpg,Sahiwal_188.jpg,Cattle Breeds,Sahiwal,7,0,0,0,0,0,0,0,1,0,0
dataset/Cattle Breeds/Sahiwal/Sahiwal_189.jpg,Sahiwal_189.jpg,Cattle Breeds,Sahiwal,7,0,0,0,0,0,0,0,1,0,0
dataset/Cattle Breeds/Sahiwal/Sahiwal_19.jpg,Sahiwal_19.jpg,Cattle Breeds,Sahiwal,7,0,0,0,0,0,0,0,1,0,0
dataset/Cattle Breeds/Sahiwal/Sahiwal_190.jpg,Sahiwal_190.jpg,Cattle Breeds,Sahiwal,7,0,0,0,0,0,0,0,1,0,0
dataset/Cattle Breeds/Sahiwal/Sahiwal_191.jpg,Sahiwal_191.jpg,Cattle Breeds,Sahiwal,7,0,0,0,0,0,0,0,1,0,0
dataset/Cattle Breeds/Sahiwal/Sahiwal_192.jpg,Sahiwal_192.jpg,Cattle Breeds,Sahiwal,7,0,0,0,0,0,0,0,1,0,0
dataset/Cattle Breeds/Sahiwal/Sahiwal_193.jpg,Sahiwal_193.jpg,Cattle Breeds,Sahiwal,7,0,0,0,0,0,0,0,1,0,0
dataset/Cattle Breeds/Sahiwal/Sahiwal_194.jpg,Sahiwal_194.jpg,Cattle Breeds,Sahiwal,7,0,0,0,0,0,0,0,1,0,0
dataset/Cattle Breeds/Sahiwal/Sahiwal_195.jpg,Sahiwal_195.jpg,Cattle Breeds,Sahiwal,7,0,0,0,0,0,0,0,1,0,0
dataset/Cattle Breeds/Sahiwal/Sahiwal_196.jpg,Sahiwal_196.jpg,Cattle Breeds,Sahiwal,7,0,0,0,0,0,0,0,1,0,0
dataset/Cattle Breeds/Sahiwal/Sahiwal_197.jpg,Sahiwal_197.jpg,Cattle Breeds,Sahiwal,7,0,0,0,0,0,0,0,1,0,0
dataset/Cattle Breeds/Sahiwal/Sahiwal_198.png,Sahiwal_198.png,Cattle Breeds,Sahiwal,7,0,0,0,0,0,0,0,1,0,0
dataset/Cattle Breeds/Sahiwal/Sahiwal_199.jpg,Sahiwal_199.jpg,Cattle Breeds,Sahiwal,7,0,0,0,0,0,0,0,1,0,0
dataset/Cattle Breeds/Sahiwal/Sahiwal_2.JPG,Sahiwal_2.JPG,Cattle Breeds,Sahiwal,7,0,0,0,0,0,0,0,1,0,0
dataset/Cattle Breeds/Sahiwal/Sahiwal_20.jpg,Sahiwal_20.jpg,Cattle Breeds,Sahiwal,7,0,0,0,0,0,0,0,1,0,0
dataset/Cattle Breeds/Sahiwal/Sahiwal_200.png,Sahiwal_200.png,Cattle Breeds,Sahiwal,7,0,0,0,0,0,0,0,1,0,0
dataset/Cattle Breeds/Sahiwal/Sahiwal_201.jpg,Sahiwal_201.jpg,Cattle Breeds,Sahiwal,7,0,0,0,0,0,0,0,1,0,0
dataset/Cattle Breeds/Sahiwal/Sahiwal_202.jpg,Sahiwal_202.jpg,Cattle Breeds,Sahiwal,7,0,0,0,0,0,0,0,1,0,0
dataset/Cattle Breeds/Sahiwal/Sahiwal_203.jpg,Sahiwal_203.jpg,Cattle Breeds,Sahiwal,7,0,0,0,0,0,0,0,1,0,0
dataset/Cattle Breeds/Sahiwal/Sahiwal_204.jpg,Sahiwal_204.jpg,Cattle Breeds,Sahiwal,7,0,0,0,0,0,0,0,1,0,0
dataset/Cattle Breeds/Sahiwal/Sahiwal_205.jpg,Sahiwal_205.jpg,Cattle Breeds,Sahiwal,7,0,0,0,0,0,0,0,1,0,0
dataset/Cattle Breeds/Sahiwal/Sahiwal_206.jpg,Sahiwal_206.jpg,Cattle Breeds,Sahiwal,7,0,0,0,0,0,0,0,1,0,0
dataset/Cattle Breeds/Sahiwal/Sahiwal_207.jpg,Sahiwal_207.jpg,Cattle Breeds,Sahiwal,7,0,0,0,0,0,0,0,1,0,0
dataset/Cattle Breeds/Sahiwal/Sahiwal_208.jpeg,Sahiwal_208.jpeg,Cattle Breeds,Sahiwal,7,0,0,0,0,0,0,0,1,0,0
dataset/Cattle Breeds/Sahiwal/Sahiwal_209.jpg,Sahiwal_209.jpg,Cattle Breeds,Sahiwal,7,0,0,0,0,0,0,0,1,0,0
dataset/Cattle Breeds/Sahiwal/Sahiwal_21.jpg,Sahiwal_21.jpg,Cattle Breeds,Sahiwal,7,0,0,0,0,0,0,0,1,0,0
dataset/Cattle Breeds/Sahiwal/Sahiwal_210.jpg,Sahiwal_210.jpg,Cattle Breeds,Sahiwal,7,0,0,0,0,0,0,0,1,0,0
dataset/Cattle Breeds/Sahiwal/Sahiwal_211.jpg,Sahiwal_211.jpg,Cattle Breeds,Sahiwal,7,0,0,0,0,0,0,0,1,0,0
dataset/Cattle Breeds/Sahiwal/Sahiwal_212.jpg,Sahiwal_212.jpg,Cattle Breeds,Sahiwal,7,0,0,0,0,0,0,0,1,0,0
dataset/Cattle Breeds/Sahiwal/Sahiwal_213.png,Sahiwal_213.png,Cattle Breeds,Sahiwal,7,0,0,0,0,0,0,0,1,0,0
dataset/Cattle Breeds/Sahiwal/Sahiwal_214.jpg,Sahiwal_214.jpg,Cattle Breeds,Sahiwal,7,0,0,0,0,0,0,0,1,0,0
dataset/Cattle Breeds/Sahiwal/Sahiwal_215.jpg,Sahiwal_215.jpg,Cattle Breeds,Sahiwal,7,0,0,0,0,0,0,0,1,0,0
dataset/Cattle Breeds/Sahiwal/Sahiwal_216.jpg,Sahiwal_216.jpg,Cattle Breeds,Sahiwal,7,0,0,0,0,0,0,0,1,0,0
dataset/Cattle Breeds/Sahiwal/Sahiwal_218.png,Sahiwal_218.png,Cattle Breeds,Sahiwal,7,0,0,0,0,0,0,0,1,0,0
dataset/Cattle Breeds/Sahiwal/Sahiwal_22.jpg,Sahiwal_22.jpg,Cattle Breeds,Sahiwal,7,0,0,0,0,0,0,0,1,0,0
dataset/Cattle Breeds/Sahiwal/Sahiwal_220.jpg,Sahiwal_220.jpg,Cattle Breeds,Sahiwal,7,0,0,0,0,0,0,0,1,0,0
dataset/Cattle Breeds/Sahiwal/Sahiwal_221.jpg,Sahiwal_221.jpg,Cattle Breeds,Sahiwal,7,0,0,0,0,0,0,0,1,0,0
dataset/Cattle Breeds/Sahiwal/Sahiwal_222.jpg,Sahiwal_222.jpg,Cattle Breeds,Sahiwal,7,0,0,0,0,0,0,0,1,0,0
dataset/Cattle Breeds/Sahiwal/Sahiwal_223.jpg,Sahiwal_223.jpg,Cattle Breeds,Sahiwal,7,0,0,0,0,0,0,0,1,0,0
dataset/Cattle Breeds/Sahiwal/Sahiwal_224.jpg,Sahiwal_224.jpg,Cattle Breeds,Sahiwal,7,0,0,0,0,0,0,0,1,0,0
dataset/Cattle Breeds/Sahiwal/Sahiwal_226.jpg,Sahiwal_226.jpg,Cattle Breeds,Sahiwal,7,0,0,0,0,0,0,0,1,0,0
dataset/Cattle Breeds/Sahiwal/Sahiwal_227.jpg,Sahiwal_227.jpg,Cattle Breeds,Sahiwal,7,0,0,0,0,0,0,0,1,0,0
dataset/Cattle Breeds/Sahiwal/Sahiwal_228.jpg,Sahiwal_228.jpg,Cattle Breeds,Sahiwal,7,0,0,0,0,0,0,0,1,0,0
dataset/Cattle Breeds/Sahiwal/Sahiwal_229.jpg,Sahiwal_229.jpg,Cattle Breeds,Sahiwal,7,0,0,0,0,0,0,0,1,0,0
dataset/Cattle Breeds/Sahiwal/Sahiwal_23.jpg,Sahiwal_23.jpg,Cattle Breeds,Sahiwal,7,0,0,0,0,0,0,0,1,0,0
dataset/Cattle Breeds/Sahiwal/Sahiwal_230.jpeg,Sahiwal_230.jpeg,Cattle Breeds,Sahiwal,7,0,0,0,0,0,0,0,1,0,0
dataset/Cattle Breeds/Sahiwal/Sahiwal_231.jpg,Sahiwal_231.jpg,Cattle Breeds,Sahiwal,7,0,0,0,0,0,0,0,1,0,0
dataset/Cattle Breeds/Sahiwal/Sahiwal_232.jpg,Sahiwal_232.jpg,Cattle Breeds,Sahiwal,7,0,0,0,0,0,0,0,1,0,0
dataset/Cattle Breeds/Sahiwal/Sahiwal_233.jpg,Sahiwal_233.jpg,Cattle Breeds,Sahiwal,7,0,0,0,0,0,0,0,1,0,0
dataset/Cattle Breeds/Sahiwal/Sahiwal_234.jpg,Sahiwal_234.jpg,Cattle Breeds,Sahiwal,7,0,0,0,0,0,0,0,1,0,0
dataset/Cattle Breeds/Sahiwal/Sahiwal_235.png,Sahiwal_235.png,Cattle Breeds,Sahiwal,7,0,0,0,0,0,0,0,1,0,0
dataset/Cattle Breeds/Sahiwal/Sahiwal_236.jpg,Sahiwal_236.jpg,Cattle Breeds,Sahiwal,7,0,0,0,0,0,0,0,1,0,0
dataset/Cattle Breeds/Sahiwal/Sahiwal_237.jpg,Sahiwal_237.jpg,Cattle Breeds,Sahiwal,7,0,0,0,0,0,0,0,1,0,0
dataset/Cattle Breeds/Sahiwal/Sahiwal_238.jpg,Sahiwal_238.jpg,Cattle Breeds,Sahiwal,7,0,0,0,0,0,0,0,1,0,0
dataset/Cattle Breeds/Sahiwal/Sahiwal_239.jpg,Sahiwal_239.jpg,Cattle Breeds,Sahiwal,7,0,0,0,0,0,0,0,1,0,0
dataset/Cattle Breeds/Sahiwal/Sahiwal_24.jpg,Sahiwal_24.jpg,Cattle Breeds,Sahiwal,7,0,0,0,0,0,0,0,1,0,0
dataset/Cattle Breeds/Sahiwal/Sahiwal_240.jpg,Sahiwal_240.jpg,Cattle Breeds,Sahiwal,7,0,0,0,0,0,0,0,1,0,0
dataset/Cattle Breeds/Sahiwal/Sahiwal_241.jpg,Sahiwal_241.jpg,Cattle Breeds,Sahiwal,7,0,0,0,0,0,0,0,1,0,0
dataset/Cattle Breeds/Sahiwal/Sahiwal_242.jpg,Sahiwal_242.jpg,Cattle Breeds,Sahiwal,7,0,0,0,0,0,0,0,1,0,0
dataset/Cattle Breeds/Sahiwal/Sahiwal_243.jpg,Sahiwal_243.jpg,Cattle Breeds,Sahiwal,7,0,0,0,0,0,0,0,1,0,0
dataset/Cattle Breeds/Sahiwal/Sahiwal_244.jpg,Sahiwal_244.jpg,Cattle Breeds,Sahiwal,7,0,0,0,0,0,0,0,1,0,0
dataset/Cattle Breeds/Sahiwal/Sahiwal_245.jpg,Sahiwal_245.jpg,Cattle Breeds,Sahiwal,7,0,0,0,0,0,0,0,1,0,0
dataset/Cattle Breeds/Sahiwal/Sahiwal_246.jpg,Sahiwal_246.jpg,Cattle Breeds,Sahiwal,7,0,0,0,0,0,0,0,1,0,0
dataset/Cattle Breeds/Sahiwal/Sahiwal_247.jpeg,Sahiwal_247.jpeg,Cattle Breeds,Sahiwal,7,0,0,0,0,0,0,0,1,0,0
dataset/Cattle Breeds/Sahiwal/Sahiwal_248.jpg,Sahiwal_248.jpg,Cattle Breeds,Sahiwal,7,0,0,0,0,0,0,0,1,0,0
dataset/Cattle Breeds/Sahiwal/Sahiwal_249.jpg,Sahiwal_249.jpg,Cattle Breeds,Sahiwal,7,0,0,0,0,0,0,0,1,0,0
dataset/Cattle Breeds/Sahiwal/Sahiwal_25.jpg,Sahiwal_25.jpg,Cattle Breeds,Sahiwal,7,0,0,0,0,0,0,0,1,0,0
dataset/Cattle Breeds/Sahiwal/Sahiwal_250.jpg,Sahiwal_250.jpg,Cattle Breeds,Sahiwal,7,0,0,0,0,0,0,0,1,0,0
dataset/Cattle Breeds/Sahiwal/Sahiwal_251.jpg,Sahiwal_251.jpg,Cattle Breeds,Sahiwal,7,0,0,0,0,0,0,0,1,0,0
dataset/Cattle Breeds/Sahiwal/Sahiwal_252.jpg,Sahiwal_252.jpg,Cattle Breeds,Sahiwal,7,0,0,0,0,0,0,0,1,0,0
dataset/Cattle Breeds/Sahiwal/Sahiwal_254.png,Sahiwal_254.png,Cattle Breeds,Sahiwal,7,0,0,0,0,0,0,0,1,0,0
dataset/Cattle Breeds/Sahiwal/Sahiwal_255.jpg,Sahiwal_255.jpg,Cattle Breeds,Sahiwal,7,0,0,0,0,0,0,0,1,0,0
dataset/Cattle Breeds/Sahiwal/Sahiwal_256.jpg,Sahiwal_256.jpg,Cattle Breeds,Sahiwal,7,0,0,0,0,0,0,0,1,0,0
dataset/Cattle Breeds/Sahiwal/Sahiwal_257.jpg,Sahiwal_257.jpg,Cattle Breeds,Sahiwal,7,0,0,0,0,0,0,0,1,0,0
dataset/Cattle Breeds/Sahiwal/Sahiwal_258.jpg,Sahiwal_258.jpg,Cattle Breeds,Sahiwal,7,0,0,0,0,0,0,0,1,0,0
dataset/Cattle Breeds/Sahiwal/Sahiwal_259.jpg,Sahiwal_259.jpg,Cattle Breeds,Sahiwal,7,0,0,0,0,0,0,0,1,0,0
dataset/Cattle Breeds/Sahiwal/Sahiwal_26.jpg,Sahiwal_26.jpg,Cattle Breeds,Sahiwal,7,0,0,0,0,0,0,0,1,0,0
dataset/Cattle Breeds/Sahiwal/Sahiwal_260.png,Sahiwal_260.png,Cattle Breeds,Sahiwal,7,0,0,0,0,0,0,0,1,0,0
dataset/Cattle Breeds/Sahiwal/Sahiwal_261.jpg,Sahiwal_261.jpg,Cattle Breeds,Sahiwal,7,0,0,0,0,0,0,0,1,0,0
dataset/Cattle Breeds/Sahiwal/Sahiwal_262.jpeg,Sahiwal_262.jpeg,Cattle Breeds,Sahiwal,7,0,0,0,0,0,0,0,1,0,0
dataset/Cattle Breeds/Sahiwal/Sahiwal_263.jpg,Sahiwal_263.jpg,Cattle Breeds,Sahiwal,7,0,0,0,0,0,0,0,1,0,0
dataset/Cattle Breeds/Sahiwal/Sahiwal_264.jpg,Sahiwal_264.jpg,Cattle Breeds,Sahiwal,7,0,0,0,0,0,0,0,1,0,0
dataset/Cattle Breeds/Sahiwal/Sahiwal_265.jpg,Sahiwal_265.jpg,Cattle Breeds,Sahiwal,7,0,0,0,0,0,0,0,1,0,0
dataset/Cattle Breeds/Sahiwal/Sahiwal_266.jpg,Sahiwal_266.jpg,Cattle Breeds,Sahiwal,7,0,0,0,0,0,0,0,1,0,0
dataset/Cattle Breeds/Sahiwal/Sahiwal_267.jpg,Sahiwal_267.jpg,Cattle Breeds,Sahiwal,7,0,0,0,0,0,0,0,1,0,0
dataset/Cattle Breeds/Sahiwal/Sahiwal_268.png,Sahiwal_268.png,Cattle Breeds,Sahiwal,7,0,0,0,0,0,0,0,1,0,0
dataset/Cattle Breeds/Sahiwal/Sahiwal_269.jpg,Sahiwal_269.jpg,Cattle Breeds,Sahiwal,7,0,0,0,0,0,0,0,1,0,0
dataset/Cattle Breeds/Sahiwal/Sahiwal_27.jpg,Sahiwal_27.jpg,Cattle Breeds,Sahiwal,7,0,0,0,0,0,0,0,1,0,0
dataset/Cattle Breeds/Sahiwal/Sahiwal_270.jpg,Sahiwal_270.jpg,Cattle Breeds,Sahiwal,7,0,0,0,0,0,0,0,1,0,0
dataset/Cattle Breeds/Sahiwal/Sahiwal_271.jpg,Sahiwal_271.jpg,Cattle Breeds,Sahiwal,7,0,0,0,0,0,0,0,1,0,0
dataset/Cattle Breeds/Sahiwal/Sahiwal_272.jpg,Sahiwal_272.jpg,Cattle Breeds,Sahiwal,7,0,0,0,0,0,0,0,1,0,0
dataset/Cattle Breeds/Sahiwal/Sahiwal_273.jpg,Sahiwal_273.jpg,Cattle Breeds,Sahiwal,7,0,0,0,0,0,0,0,1,0,0
dataset/Cattle Breeds/Sahiwal/Sahiwal_274.jpg,Sahiwal_274.jpg,Cattle Breeds,Sahiwal,7,0,0,0,0,0,0,0,1,0,0
dataset/Cattle Breeds/Sahiwal/Sahiwal_277.jpg,Sahiwal_277.jpg,Cattle Breeds,Sahiwal,7,0,0,0,0,0,0,0,1,0,0
dataset/Cattle Breeds/Sahiwal/Sahiwal_278.jpg,Sahiwal_278.jpg,Cattle Breeds,Sahiwal,7,0,0,0,0,0,0,0,1,0,0
dataset/Cattle Breeds/Sahiwal/Sahiwal_279.jpeg,Sahiwal_279.jpeg,Cattle Breeds,Sahiwal,7,0,0,0,0,0,0,0,1,0,0
dataset/Cattle Breeds/Sahiwal/Sahiwal_28.jpg,Sahiwal_28.jpg,Cattle Breeds,Sahiwal,7,0,0,0,0,0,0,0,1,0,0
dataset/Cattle Breeds/Sahiwal/Sahiwal_280.jpg,Sahiwal_280.jpg,Cattle Breeds,Sahiwal,7,0,0,0,0,0,0,0,1,0,0
dataset/Cattle Breeds/Sahiwal/Sahiwal_281.jpg,Sahiwal_281.jpg,Cattle Breeds,Sahiwal,7,0,0,0,0,0,0,0,1,0,0
dataset/Cattle Breeds/Sahiwal/Sahiwal_282.png,Sahiwal_282.png,Cattle Breeds,Sahiwal,7,0,0,0,0,0,0,0,1,0,0
dataset/Cattle Breeds/Sahiwal/Sahiwal_283.jpg,Sahiwal_283.jpg,Cattle Breeds,Sahiwal,7,0,0,0,0,0,0,0,1,0,0
dataset/Cattle Breeds/Sahiwal/Sahiwal_284.jpg,Sahiwal_284.jpg,Cattle Breeds,Sahiwal,7,0,0,0,0,0,0,0,1,0,0
dataset/Cattle Breeds/Sahiwal/Sahiwal_285.jpg,Sahiwal_285.jpg,Cattle Breeds,Sahiwal,7,0,0,0,0,0,0,0,1,0,0
dataset/Cattle Breeds/Sahiwal/Sahiwal_286.jpg,Sahiwal_286.jpg,Cattle Breeds,Sahiwal,7,0,0,0,0,0,0,0,1,0,0
dataset/Cattle Breeds/Sahiwal/Sahiwal_287.jpg,Sahiwal_287.jpg,Cattle Breeds,Sahiwal,7,0,0,0,0,0,0,0,1,0,0
dataset/Cattle Breeds/Sahiwal/Sahiwal_288.jpg,Sahiwal_288.jpg,Cattle Breeds,Sahiwal,7,0,0,0,0,0,0,0,1,0,0
dataset/Cattle Breeds/Sahiwal/Sahiwal_289.jpg,Sahiwal_289.jpg,Cattle Breeds,Sahiwal,7,0,0,0,0,0,0,0,1,0,0
dataset/Cattle Breeds/Sahiwal/Sahiwal_29.jpg,Sahiwal_29.jpg,Cattle Breeds,Sahiwal,7,0,0,0,0,0,0,0,1,0,0
dataset/Cattle Breeds/Sahiwal/Sahiwal_291.jpg,Sahiwal_291.jpg,Cattle Breeds,Sahiwal,7,0,0,0,0,0,0,0,1,0,0
dataset/Cattle Breeds/Sahiwal/Sahiwal_292.jpg,Sahiwal_292.jpg,Cattle Breeds,Sahiwal,7,0,0,0,0,0,0,0,1,0,0
dataset/Cattle Breeds/Sahiwal/Sahiwal_294.jpg,Sahiwal_294.jpg,Cattle Breeds,Sahiwal,7,0,0,0,0,0,0,0,1,0,0
dataset/Cattle Breeds/Sahiwal/Sahiwal_296.jpg,Sahiwal_296.jpg,Cattle Breeds,Sahiwal,7,0,0,0,0,0,0,0,1,0,0
dataset/Cattle Breeds/Sahiwal/Sahiwal_297.jpg,Sahiwal_297.jpg,Cattle Breeds,Sahiwal,7,0,0,0,0,0,0,0,1,0,0
dataset/Cattle Breeds/Sahiwal/Sahiwal_298.jpg,Sahiwal_298.jpg,Cattle Breeds,Sahiwal,7,0,0,0,0,0,0,0,1,0,0
dataset/Cattle Breeds/Sahiwal/Sahiwal_299.jpg,Sahiwal_299.jpg,Cattle Breeds,Sahiwal,7,0,0,0,0,0,0,0,1,0,0
dataset/Cattle Breeds/Sahiwal/Sahiwal_3.JPG,Sahiwal_3.JPG,Cattle Breeds,Sahiwal,7,0,0,0,0,0,0,0,1,0,0
dataset/Cattle Breeds/Sahiwal/Sahiwal_30.jpg,Sahiwal_30.jpg,Cattle Breeds,Sahiwal,7,0,0,0,0,0,0,0,1,0,0
dataset/Cattle Breeds/Sahiwal/Sahiwal_300.jpg,Sahiwal_300.jpg,Cattle Breeds,Sahiwal,7,0,0,0,0,0,0,0,1,0,0
dataset/Cattle Breeds/Sahiwal/Sahiwal_302.jpg,Sahiwal_302.jpg,Cattle Breeds,Sahiwal,7,0,0,0,0,0,0,0,1,0,0
dataset/Cattle Breeds/Sahiwal/Sahiwal_303.jpg,Sahiwal_303.jpg,Cattle Breeds,Sahiwal,7,0,0,0,0,0,0,0,1,0,0
dataset/Cattle Breeds/Sahiwal/Sahiwal_304.jpg,Sahiwal_304.jpg,Cattle Breeds,Sahiwal,7,0,0,0,0,0,0,0,1,0,0
dataset/Cattle Breeds/Sahiwal/Sahiwal_305.jpg,Sahiwal_305.jpg,Cattle Breeds,Sahiwal,7,0,0,0,0,0,0,0,1,0,0
dataset/Cattle Breeds/Sahiwal/Sahiwal_306.jpg,Sahiwal_306.jpg,Cattle Breeds,Sahiwal,7,0,0,0,0,0,0,0,1,0,0
dataset/Cattle Breeds/Sahiwal/Sahiwal_307.jpg,Sahiwal_307.jpg,Cattle Breeds,Sahiwal,7,0,0,0,0,0,0,0,1,0,0
dataset/Cattle Breeds/Sahiwal/Sahiwal_308.jpg,Sahiwal_308.jpg,Cattle Breeds,Sahiwal,7,0,0,0,0,0,0,0,1,0,0
dataset/Cattle Breeds/Sahiwal/Sahiwal_309.jpg,Sahiwal_309.jpg,Cattle Breeds,Sahiwal,7,0,0,0,0,0,0,0,1,0,0
dataset/Cattle Breeds/Sahiwal/Sahiwal_31.jpg,Sahiwal_31.jpg,Cattle Breeds,Sahiwal,7,0,0,0,0,0,0,0,1,0,0
dataset/Cattle Breeds/Sahiwal/Sahiwal_310.jpg,Sahiwal_310.jpg,Cattle Breeds,Sahiwal,7,0,0,0,0,0,0,0,1,0,0
dataset/Cattle Breeds/Sahiwal/Sahiwal_311.jpg,Sahiwal_311.jpg,Cattle Breeds,Sahiwal,7,0,0,0,0,0,0,0,1,0,0
dataset/Cattle Breeds/Sahiwal/Sahiwal_312.png,Sahiwal_312.png,Cattle Breeds,Sahiwal,7,0,0,0,0,0,0,0,1,0,0
dataset/Cattle Breeds/Sahiwal/Sahiwal_313.jpg,Sahiwal_313.jpg,Cattle Breeds,Sahiwal,7,0,0,0,0,0,0,0,1,0,0
dataset/Cattle Breeds/Sahiwal/Sahiwal_314.jpg,Sahiwal_314.jpg,Cattle Breeds,Sahiwal,7,0,0,0,0,0,0,0,1,0,0
dataset/Cattle Breeds/Sahiwal/Sahiwal_315.png,Sahiwal_315.png,Cattle Breeds,Sahiwal,7,0,0,0,0,0,0,0,1,0,0
dataset/Cattle Breeds/Sahiwal/Sahiwal_316.jpg,Sahiwal_316.jpg,Cattle Breeds,Sahiwal,7,0,0,0,0,0,0,0,1,0,0
dataset/Cattle Breeds/Sahiwal/Sahiwal_317.jpg,Sahiwal_317.jpg,Cattle Breeds,Sahiwal,7,0,0,0,0,0,0,0,1,0,0
dataset/Cattle Breeds/Sahiwal/Sahiwal_319.jpg,Sahiwal_319.jpg,Cattle Breeds,Sahiwal,7,0,0,0,0,0,0,0,1,0,0
dataset/Cattle Breeds/Sahiwal/Sahiwal_32.jpg,Sahiwal_32.jpg,Cattle Breeds,Sahiwal,7,0,0,0,0,0,0,0,1,0,0
dataset/Cattle Breeds/Sahiwal/Sahiwal_320.jpg,Sahiwal_320.jpg,Cattle Breeds,Sahiwal,7,0,0,0,0,0,0,0,1,0,0
dataset/Cattle Breeds/Sahiwal/Sahiwal_321.jpg,Sahiwal_321.jpg,Cattle Breeds,Sahiwal,7,0,0,0,0,0,0,0,1,0,0
dataset/Cattle Breeds/Sahiwal/Sahiwal_322.jpg,Sahiwal_322.jpg,Cattle Breeds,Sahiwal,7,0,0,0,0,0,0,0,1,0,0
dataset/Cattle Breeds/Sahiwal/Sahiwal_323.jpg,Sahiwal_323.jpg,Cattle Breeds,Sahiwal,7,0,0,0,0,0,0,0,1,0,0
dataset/Cattle Breeds/Sahiwal/Sahiwal_324.jpg,Sahiwal_324.jpg,Cattle Breeds,Sahiwal,7,0,0,0,0,0,0,0,1,0,0
dataset/Cattle Breeds/Sahiwal/Sahiwal_325.jpg,Sahiwal_325.jpg,Cattle Breeds,Sahiwal,7,0,0,0,0,0,0,0,1,0,0
dataset/Cattle Breeds/Sahiwal/Sahiwal_326.png,Sahiwal_326.png,Cattle Breeds,Sahiwal,7,0,0,0,0,0,0,0,1,0,0
dataset/Cattle Breeds/Sahiwal/Sahiwal_327.jpg,Sahiwal_327.jpg,Cattle Breeds,Sahiwal,7,0,0,0,0,0,0,0,1,0,0
dataset/Cattle Breeds/Sahiwal/Sahiwal_328.jpg,Sahiwal_328.jpg,Cattle Breeds,Sahiwal,7,0,0,0,0,0,0,0,1,0,0
dataset/Cattle Breeds/Sahiwal/Sahiwal_329.png,Sahiwal_329.png,Cattle Breeds,Sahiwal,7,0,0,0,0,0,0,0,1,0,0
dataset/Cattle Breeds/Sahiwal/Sahiwal_33.jpg,Sahiwal_33.jpg,Cattle Breeds,Sahiwal,7,0,0,0,0,0,0,0,1,0,0
dataset/Cattle Breeds/Sahiwal/Sahiwal_330.png,Sahiwal_330.png,Cattle Breeds,Sahiwal,7,0,0,0,0,0,0,0,1,0,0
dataset/Cattle Breeds/Sahiwal/Sahiwal_331.jpg,Sahiwal_331.jpg,Cattle Breeds,Sahiwal,7,0,0,0,0,0,0,0,1,0,0
dataset/Cattle Breeds/Sahiwal/Sahiwal_332.png,Sahiwal_332.png,Cattle Breeds,Sahiwal,7,0,0,0,0,0,0,0,1,0,0
dataset/Cattle Breeds/Sahiwal/Sahiwal_333.jpg,Sahiwal_333.jpg,Cattle Breeds,Sahiwal,7,0,0,0,0,0,0,0,1,0,0
dataset/Cattle Breeds/Sahiwal/Sahiwal_334.jpg,Sahiwal_334.jpg,Cattle Breeds,Sahiwal,7,0,0,0,0,0,0,0,1,0,0
dataset/Cattle Breeds/Sahiwal/Sahiwal_335.png,Sahiwal_335.png,Cattle Breeds,Sahiwal,7,0,0,0,0,0,0,0,1,0,0
dataset/Cattle Breeds/Sahiwal/Sahiwal_336.png,Sahiwal_336.png,Cattle Breeds,Sahiwal,7,0,0,0,0,0,0,0,1,0,0
dataset/Cattle Breeds/Sahiwal/Sahiwal_337.png,Sahiwal_337.png,Cattle Breeds,Sahiwal,7,0,0,0,0,0,0,0,1,0,0
dataset/Cattle Breeds/Sahiwal/Sahiwal_338.png,Sahiwal_338.png,Cattle Breeds,Sahiwal,7,0,0,0,0,0,0,0,1,0,0
dataset/Cattle Breeds/Sahiwal/Sahiwal_339.png,Sahiwal_339.png,Cattle Breeds,Sahiwal,7,0,0,0,0,0,0,0,1,0,0
dataset/Cattle Breeds/Sahiwal/Sahiwal_34.jpg,Sahiwal_34.jpg,Cattle Breeds,Sahiwal,7,0,0,0,0,0,0,0,1,0,0
dataset/Cattle Breeds/Sahiwal/Sahiwal_341.png,Sahiwal_341.png,Cattle Breeds,Sahiwal,7,0,0,0,0,0,0,0,1,0,0
dataset/Cattle Breeds/Sahiwal/Sahiwal_342.jpg,Sahiwal_342.jpg,Cattle Breeds,Sahiwal,7,0,0,0,0,0,0,0,1,0,0
dataset/Cattle Breeds/Sahiwal/Sahiwal_343.png,Sahiwal_343.png,Cattle Breeds,Sahiwal,7,0,0,0,0,0,0,0,1,0,0
dataset/Cattle Breeds/Sahiwal/Sahiwal_344.png,Sahiwal_344.png,Cattle Breeds,Sahiwal,7,0,0,0,0,0,0,0,1,0,0
dataset/Cattle Breeds/Sahiwal/Sahiwal_345.png,Sahiwal_345.png,Cattle Breeds,Sahiwal,7,0,0,0,0,0,0,0,1,0,0
dataset/Cattle Breeds/Sahiwal/Sahiwal_346.png,Sahiwal_346.png,Cattle Breeds,Sahiwal,7,0,0,0,0,0,0,0,1,0,0
dataset/Cattle Breeds/Sahiwal/Sahiwal_347.png,Sahiwal_347.png,Cattle Breeds,Sahiwal,7,0,0,0,0,0,0,0,1,0,0
dataset/Cattle Breeds/Sahiwal/Sahiwal_348.jpg,Sahiwal_348.jpg,Cattle Breeds,Sahiwal,7,0,0,0,0,0,0,0,1,0,0
dataset/Cattle Breeds/Sahiwal/Sahiwal_349.jpg,Sahiwal_349.jpg,Cattle Breeds,Sahiwal,7,0,0,0,0,0,0,0,1,0,0
dataset/Cattle Breeds/Sahiwal/Sahiwal_35.jpeg,Sahiwal_35.jpeg,Cattle Breeds,Sahiwal,7,0,0,0,0,0,0,0,1,0,0
dataset/Cattle Breeds/Sahiwal/Sahiwal_350.jpg,Sahiwal_350.jpg,Cattle Breeds,Sahiwal,7,0,0,0,0,0,0,0,1,0,0
dataset/Cattle Breeds/Sahiwal/Sahiwal_351.png,Sahiwal_351.png,Cattle Breeds,Sahiwal,7,0,0,0,0,0,0,0,1,0,0
dataset/Cattle Breeds/Sahiwal/Sahiwal_352.png,Sahiwal_352.png,Cattle Breeds,Sahiwal,7,0,0,0,0,0,0,0,1,0,0
dataset/Cattle Breeds/Sahiwal/Sahiwal_353.jpg,Sahiwal_353.jpg,Cattle Breeds,Sahiwal,7,0,0,0,0,0,0,0,1,0,0
dataset/Cattle Breeds/Sahiwal/Sahiwal_354.png,Sahiwal_354.png,Cattle Breeds,Sahiwal,7,0,0,0,0,0,0,0,1,0,0
dataset/Cattle Breeds/Sahiwal/Sahiwal_355.jpg,Sahiwal_355.jpg,Cattle Breeds,Sahiwal,7,0,0,0,0,0,0,0,1,0,0
dataset/Cattle Breeds/Sahiwal/Sahiwal_356.png,Sahiwal_356.png,Cattle Breeds,Sahiwal,7,0,0,0,0,0,0,0,1,0,0
dataset/Cattle Breeds/Sahiwal/Sahiwal_357.png,Sahiwal_357.png,Cattle Breeds,Sahiwal,7,0,0,0,0,0,0,0,1,0,0
dataset/Cattle Breeds/Sahiwal/Sahiwal_358.png,Sahiwal_358.png,Cattle Breeds,Sahiwal,7,0,0,0,0,0,0,0,1,0,0
dataset/Cattle Breeds/Sahiwal/Sahiwal_359.png,Sahiwal_359.png,Cattle Breeds,Sahiwal,7,0,0,0,0,0,0,0,1,0,0
dataset/Cattle Breeds/Sahiwal/Sahiwal_36.jpg,Sahiwal_36.jpg,Cattle Breeds,Sahiwal,7,0,0,0,0,0,0,0,1,0,0
dataset/Cattle Breeds/Sahiwal/Sahiwal_360.png,Sahiwal_360.png,Cattle Breeds,Sahiwal,7,0,0,0,0,0,0,0,1,0,0
dataset/Cattle Breeds/Sahiwal/Sahiwal_361.png,Sahiwal_361.png,Cattle Breeds,Sahiwal,7,0,0,0,0,0,0,0,1,0,0
dataset/Cattle Breeds/Sahiwal/Sahiwal_362.png,Sahiwal_362.png,Cattle Breeds,Sahiwal,7,0,0,0,0,0,0,0,1,0,0
dataset/Cattle Breeds/Sahiwal/Sahiwal_363.png,Sahiwal_363.png,Cattle Breeds,Sahiwal,7,0,0,0,0,0,0,0,1,0,0
dataset/Cattle Breeds/Sahiwal/Sahiwal_364.jpg,Sahiwal_364.jpg,Cattle Breeds,Sahiwal,7,0,0,0,0,0,0,0,1,0,0
dataset/Cattle Breeds/Sahiwal/Sahiwal_365.jpg,Sahiwal_365.jpg,Cattle Breeds,Sahiwal,7,0,0,0,0,0,0,0,1,0,0
dataset/Cattle Breeds/Sahiwal/Sahiwal_366.jpg,Sahiwal_366.jpg,Cattle Breeds,Sahiwal,7,0,0,0,0,0,0,0,1,0,0
dataset/Cattle Breeds/Sahiwal/Sahiwal_367.png,Sahiwal_367.png,Cattle Breeds,Sahiwal,7,0,0,0,0,0,0,0,1,0,0
dataset/Cattle Breeds/Sahiwal/Sahiwal_368.png,Sahiwal_368.png,Cattle Breeds,Sahiwal,7,0,0,0,0,0,0,0,1,0,0
dataset/Cattle Breeds/Sahiwal/Sahiwal_369.jpg,Sahiwal_369.jpg,Cattle Breeds,Sahiwal,7,0,0,0,0,0,0,0,1,0,0
dataset/Cattle Breeds/Sahiwal/Sahiwal_37.jpg,Sahiwal_37.jpg,Cattle Breeds,Sahiwal,7,0,0,0,0,0,0,0,1,0,0
dataset/Cattle Breeds/Sahiwal/Sahiwal_370.png,Sahiwal_370.png,Cattle Breeds,Sahiwal,7,0,0,0,0,0,0,0,1,0,0
dataset/Cattle Breeds/Sahiwal/Sahiwal_371.png,Sahiwal_371.png,Cattle Breeds,Sahiwal,7,0,0,0,0,0,0,0,1,0,0
dataset/Cattle Breeds/Sahiwal/Sahiwal_372.png,Sahiwal_372.png,Cattle Breeds,Sahiwal,7,0,0,0,0,0,0,0,1,0,0
dataset/Cattle Breeds/Sahiwal/Sahiwal_373.png,Sahiwal_373.png,Cattle Breeds,Sahiwal,7,0,0,0,0,0,0,0,1,0,0
dataset/Cattle Breeds/Sahiwal/Sahiwal_374.jpg,Sahiwal_374.jpg,Cattle Breeds,Sahiwal,7,0,0,0,0,0,0,0,1,0,0
dataset/Cattle Breeds/Sahiwal/Sahiwal_375.jpg,Sahiwal_375.jpg,Cattle Breeds,Sahiwal,7,0,0,0,0,0,0,0,1,0,0
dataset/Cattle Breeds/Sahiwal/Sahiwal_376.png,Sahiwal_376.png,Cattle Breeds,Sahiwal,7,0,0,0,0,0,0,0,1,0,0
dataset/Cattle Breeds/Sahiwal/Sahiwal_377.png,Sahiwal_377.png,Cattle Breeds,Sahiwal,7,0,0,0,0,0,0,0,1,0,0
dataset/Cattle Breeds/Sahiwal/Sahiwal_378.jpg,Sahiwal_378.jpg,Cattle Breeds,Sahiwal,7,0,0,0,0,0,0,0,1,0,0
dataset/Cattle Breeds/Sahiwal/Sahiwal_379.png,Sahiwal_379.png,Cattle Breeds,Sahiwal,7,0,0,0,0,0,0,0,1,0,0
dataset/Cattle Breeds/Sahiwal/Sahiwal_38.png,Sahiwal_38.png,Cattle Breeds,Sahiwal,7,0,0,0,0,0,0,0,1,0,0
dataset/Cattle Breeds/Sahiwal/Sahiwal_380.jpg,Sahiwal_380.jpg,Cattle Breeds,Sahiwal,7,0,0,0,0,0,0,0,1,0,0
dataset/Cattle Breeds/Sahiwal/Sahiwal_381.png,Sahiwal_381.png,Cattle Breeds,Sahiwal,7,0,0,0,0,0,0,0,1,0,0
dataset/Cattle Breeds/Sahiwal/Sahiwal_382.png,Sahiwal_382.png,Cattle Breeds,Sahiwal,7,0,0,0,0,0,0,0,1,0,0
dataset/Cattle Breeds/Sahiwal/Sahiwal_383.png,Sahiwal_383.png,Cattle Breeds,Sahiwal,7,0,0,0,0,0,0,0,1,0,0
dataset/Cattle Breeds/Sahiwal/Sahiwal_384.png,Sahiwal_384.png,Cattle Breeds,Sahiwal,7,0,0,0,0,0,0,0,1,0,0
dataset/Cattle Breeds/Sahiwal/Sahiwal_385.png,Sahiwal_385.png,Cattle Breeds,Sahiwal,7,0,0,0,0,0,0,0,1,0,0
dataset/Cattle Breeds/Sahiwal/Sahiwal_386.png,Sahiwal_386.png,Cattle Breeds,Sahiwal,7,0,0,0,0,0,0,0,1,0,0
dataset/Cattle Breeds/Sahiwal/Sahiwal_387.jpg,Sahiwal_387.jpg,Cattle Breeds,Sahiwal,7,0,0,0,0,0,0,0,1,0,0
dataset/Cattle Breeds/Sahiwal/Sahiwal_388.jpg,Sahiwal_388.jpg,Cattle Breeds,Sahiwal,7,0,0,0,0,0,0,0,1,0,0
dataset/Cattle Breeds/Sahiwal/Sahiwal_389.png,Sahiwal_389.png,Cattle Breeds,Sahiwal,7,0,0,0,0,0,0,0,1,0,0
dataset/Cattle Breeds/Sahiwal/Sahiwal_39.jpg,Sahiwal_39.jpg,Cattle Breeds,Sahiwal,7,0,0,0,0,0,0,0,1,0,0
dataset/Cattle Breeds/Sahiwal/Sahiwal_390.jpg,Sahiwal_390.jpg,Cattle Breeds,Sahiwal,7,0,0,0,0,0,0,0,1,0,0
dataset/Cattle Breeds/Sahiwal/Sahiwal_391.jpg,Sahiwal_391.jpg,Cattle Breeds,Sahiwal,7,0,0,0,0,0,0,0,1,0,0
dataset/Cattle Breeds/Sahiwal/Sahiwal_392.jpg,Sahiwal_392.jpg,Cattle Breeds,Sahiwal,7,0,0,0,0,0,0,0,1,0,0
dataset/Cattle Breeds/Sahiwal/Sahiwal_393.jpeg,Sahiwal_393.jpeg,Cattle Breeds,Sahiwal,7,0,0,0,0,0,0,0,1,0,0
dataset/Cattle Breeds/Sahiwal/Sahiwal_394.jpg,Sahiwal_394.jpg,Cattle Breeds,Sahiwal,7,0,0,0,0,0,0,0,1,0,0
dataset/Cattle Breeds/Sahiwal/Sahiwal_395.jpg,Sahiwal_395.jpg,Cattle Breeds,Sahiwal,7,0,0,0,0,0,0,0,1,0,0
dataset/Cattle Breeds/Sahiwal/Sahiwal_396.jpg,Sahiwal_396.jpg,Cattle Breeds,Sahiwal,7,0,0,0,0,0,0,0,1,0,0
dataset/Cattle Breeds/Sahiwal/Sahiwal_397.jpg,Sahiwal_397.jpg,Cattle Breeds,Sahiwal,7,0,0,0,0,0,0,0,1,0,0
dataset/Cattle Breeds/Sahiwal/Sahiwal_398.jpg,Sahiwal_398.jpg,Cattle Breeds,Sahiwal,7,0,0,0,0,0,0,0,1,0,0
dataset/Cattle Breeds/Sahiwal/Sahiwal_399.jpg,Sahiwal_399.jpg,Cattle Breeds,Sahiwal,7,0,0,0,0,0,0,0,1,0,0
dataset/Cattle Breeds/Sahiwal/Sahiwal_4.JPG,Sahiwal_4.JPG,Cattle Breeds,Sahiwal,7,0,0,0,0,0,0,0,1,0,0
dataset/Cattle Breeds/Sahiwal/Sahiwal_40.jpg,Sahiwal_40.jpg,Cattle Breeds,Sahiwal,7,0,0,0,0,0,0,0,1,0,0
dataset/Cattle Breeds/Sahiwal/Sahiwal_400.png,Sahiwal_400.png,Cattle Breeds,Sahiwal,7,0,0,0,0,0,0,0,1,0,0
dataset/Cattle Breeds/Sahiwal/Sahiwal_401.jpg,Sahiwal_401.jpg,Cattle Breeds,Sahiwal,7,0,0,0,0,0,0,0,1,0,0
dataset/Cattle Breeds/Sahiwal/Sahiwal_402.jpg,Sahiwal_402.jpg,Cattle Breeds,Sahiwal,7,0,0,0,0,0,0,0,1,0,0
dataset/Cattle Breeds/Sahiwal/Sahiwal_403.jpg,Sahiwal_403.jpg,Cattle Breeds,Sahiwal,7,0,0,0,0,0,0,0,1,0,0
dataset/Cattle Breeds/Sahiwal/Sahiwal_404.jpg,Sahiwal_404.jpg,Cattle Breeds,Sahiwal,7,0,0,0,0,0,0,0,1,0,0
dataset/Cattle Breeds/Sahiwal/Sahiwal_405.jpg,Sahiwal_405.jpg,Cattle Breeds,Sahiwal,7,0,0,0,0,0,0,0,1,0,0
dataset/Cattle Breeds/Sahiwal/Sahiwal_406.jpg,Sahiwal_406.jpg,Cattle Breeds,Sahiwal,7,0,0,0,0,0,0,0,1,0,0
dataset/Cattle Breeds/Sahiwal/Sahiwal_407.jpg,Sahiwal_407.jpg,Cattle Breeds,Sahiwal,7,0,0,0,0,0,0,0,1,0,0
dataset/Cattle Breeds/Sahiwal/Sahiwal_408.jpg,Sahiwal_408.jpg,Cattle Breeds,Sahiwal,7,0,0,0,0,0,0,0,1,0,0
dataset/Cattle Breeds/Sahiwal/Sahiwal_409.jpg,Sahiwal_409.jpg,Cattle Breeds,Sahiwal,7,0,0,0,0,0,0,0,1,0,0
dataset/Cattle Breeds/Sahiwal/Sahiwal_41.jpg,Sahiwal_41.jpg,Cattle Breeds,Sahiwal,7,0,0,0,0,0,0,0,1,0,0
dataset/Cattle Breeds/Sahiwal/Sahiwal_410.jpeg,Sahiwal_410.jpeg,Cattle Breeds,Sahiwal,7,0,0,0,0,0,0,0,1,0,0
dataset/Cattle Breeds/Sahiwal/Sahiwal_411.png,Sahiwal_411.png,Cattle Breeds,Sahiwal,7,0,0,0,0,0,0,0,1,0,0
dataset/Cattle Breeds/Sahiwal/Sahiwal_412.jpg,Sahiwal_412.jpg,Cattle Breeds,Sahiwal,7,0,0,0,0,0,0,0,1,0,0
dataset/Cattle Breeds/Sahiwal/Sahiwal_413.jpg,Sahiwal_413.jpg,Cattle Breeds,Sahiwal,7,0,0,0,0,0,0,0,1,0,0
dataset/Cattle Breeds/Sahiwal/Sahiwal_414.jpg,Sahiwal_414.jpg,Cattle Breeds,Sahiwal,7,0,0,0,0,0,0,0,1,0,0
dataset/Cattle Breeds/Sahiwal/Sahiwal_415.jpg,Sahiwal_415.jpg,Cattle Breeds,Sahiwal,7,0,0,0,0,0,0,0,1,0,0
dataset/Cattle Breeds/Sahiwal/Sahiwal_416.jpg,Sahiwal_416.jpg,Cattle Breeds,Sahiwal,7,0,0,0,0,0,0,0,1,0,0
dataset/Cattle Breeds/Sahiwal/Sahiwal_417.jpg,Sahiwal_417.jpg,Cattle Breeds,Sahiwal,7,0,0,0,0,0,0,0,1,0,0
dataset/Cattle Breeds/Sahiwal/Sahiwal_42.jpeg,Sahiwal_42.jpeg,Cattle Breeds,Sahiwal,7,0,0,0,0,0,0,0,1,0,0
dataset/Cattle Breeds/Sahiwal/Sahiwal_421.jpg,Sahiwal_421.jpg,Cattle Breeds,Sahiwal,7,0,0,0,0,0,0,0,1,0,0
dataset/Cattle Breeds/Sahiwal/Sahiwal_424.jpg,Sahiwal_424.jpg,Cattle Breeds,Sahiwal,7,0,0,0,0,0,0,0,1,0,0
dataset/Cattle Breeds/Sahiwal/Sahiwal_425.jpg,Sahiwal_425.jpg,Cattle Breeds,Sahiwal,7,0,0,0,0,0,0,0,1,0,0
dataset/Cattle Breeds/Sahiwal/Sahiwal_426.jpg,Sahiwal_426.jpg,Cattle Breeds,Sahiwal,7,0,0,0,0,0,0,0,1,0,0
dataset/Cattle Breeds/Sahiwal/Sahiwal_427.jpg,Sahiwal_427.jpg,Cattle Breeds,Sahiwal,7,0,0,0,0,0,0,0,1,0,0
dataset/Cattle Breeds/Sahiwal/Sahiwal_429.jpeg,Sahiwal_429.jpeg,Cattle Breeds,Sahiwal,7,0,0,0,0,0,0,0,1,0,0
dataset/Cattle Breeds/Sahiwal/Sahiwal_43.jpg,Sahiwal_43.jpg,Cattle Breeds,Sahiwal,7,0,0,0,0,0,0,0,1,0,0
dataset/Cattle Breeds/Sahiwal/Sahiwal_430.jpg,Sahiwal_430.jpg,Cattle Breeds,Sahiwal,7,0,0,0,0,0,0,0,1,0,0
dataset/Cattle Breeds/Sahiwal/Sahiwal_431.jpg,Sahiwal_431.jpg,Cattle Breeds,Sahiwal,7,0,0,0,0,0,0,0,1,0,0
dataset/Cattle Breeds/Sahiwal/Sahiwal_432.jpg,Sahiwal_432.jpg,Cattle Breeds,Sahiwal,7,0,0,0,0,0,0,0,1,0,0
dataset/Cattle Breeds/Sahiwal/Sahiwal_433.jpeg,Sahiwal_433.jpeg,Cattle Breeds,Sahiwal,7,0,0,0,0,0,0,0,1,0,0
dataset/Cattle Breeds/Sahiwal/Sahiwal_434.jpg,Sahiwal_434.jpg,Cattle Breeds,Sahiwal,7,0,0,0,0,0,0,0,1,0,0
dataset/Cattle Breeds/Sahiwal/Sahiwal_435.jpg,Sahiwal_435.jpg,Cattle Breeds,Sahiwal,7,0,0,0,0,0,0,0,1,0,0
dataset/Cattle Breeds/Sahiwal/Sahiwal_436.png,Sahiwal_436.png,Cattle Breeds,Sahiwal,7,0,0,0,0,0,0,0,1,0,0
dataset/Cattle Breeds/Sahiwal/Sahiwal_437.jpg,Sahiwal_437.jpg,Cattle Breeds,Sahiwal,7,0,0,0,0,0,0,0,1,0,0
dataset/Cattle Breeds/Sahiwal/Sahiwal_438.jpg,Sahiwal_438.jpg,Cattle Breeds,Sahiwal,7,0,0,0,0,0,0,0,1,0,0
dataset/Cattle Breeds/Sahiwal/Sahiwal_439.jpg,Sahiwal_439.jpg,Cattle Breeds,Sahiwal,7,0,0,0,0,0,0,0,1,0,0
dataset/Cattle Breeds/Sahiwal/Sahiwal_44.jpg,Sahiwal_44.jpg,Cattle Breeds,Sahiwal,7,0,0,0,0,0,0,0,1,0,0
dataset/Cattle Breeds/Sahiwal/Sahiwal_440.jpg,Sahiwal_440.jpg,Cattle Breeds,Sahiwal,7,0,0,0,0,0,0,0,1,0,0
dataset/Cattle Breeds/Sahiwal/Sahiwal_441.jpg,Sahiwal_441.jpg,Cattle Breeds,Sahiwal,7,0,0,0,0,0,0,0,1,0,0
dataset/Cattle Breeds/Sahiwal/Sahiwal_442.jpg,Sahiwal_442.jpg,Cattle Breeds,Sahiwal,7,0,0,0,0,0,0,0,1,0,0
dataset/Cattle Breeds/Sahiwal/Sahiwal_443.jpg,Sahiwal_443.jpg,Cattle Breeds,Sahiwal,7,0,0,0,0,0,0,0,1,0,0
dataset/Cattle Breeds/Sahiwal/Sahiwal_444.jpg,Sahiwal_444.jpg,Cattle Breeds,Sahiwal,7,0,0,0,0,0,0,0,1,0,0
dataset/Cattle Breeds/Sahiwal/Sahiwal_445.jpg,Sahiwal_445.jpg,Cattle Breeds,Sahiwal,7,0,0,0,0,0,0,0,1,0,0
dataset/Cattle Breeds/Sahiwal/Sahiwal_446.jpg,Sahiwal_446.jpg,Cattle Breeds,Sahiwal,7,0,0,0,0,0,0,0,1,0,0
dataset/Cattle Breeds/Sahiwal/Sahiwal_45.jpg,Sahiwal_45.jpg,Cattle Breeds,Sahiwal,7,0,0,0,0,0,0,0,1,0,0
dataset/Cattle Breeds/Sahiwal/Sahiwal_46.jpg,Sahiwal_46.jpg,Cattle Breeds,Sahiwal,7,0,0,0,0,0,0,0,1,0,0
dataset/Cattle Breeds/Sahiwal/Sahiwal_47.jpg,Sahiwal_47.jpg,Cattle Breeds,Sahiwal,7,0,0,0,0,0,0,0,1,0,0
dataset/Cattle Breeds/Sahiwal/Sahiwal_48.jpg,Sahiwal_48.jpg,Cattle Breeds,Sahiwal,7,0,0,0,0,0,0,0,1,0,0
dataset/Cattle Breeds/Sahiwal/Sahiwal_49.jpg,Sahiwal_49.jpg,Cattle Breeds,Sahiwal,7,0,0,0,0,0,0,0,1,0,0
dataset/Cattle Breeds/Sahiwal/Sahiwal_5.JPG,Sahiwal_5.JPG,Cattle Breeds,Sahiwal,7,0,0,0,0,0,0,0,1,0,0
dataset/Cattle Breeds/Sahiwal/Sahiwal_50.png,Sahiwal_50.png,Cattle Breeds,Sahiwal,7,0,0,0,0,0,0,0,1,0,0
dataset/Cattle Breeds/Sahiwal/Sahiwal_51.jpg,Sahiwal_51.jpg,Cattle Breeds,Sahiwal,7,0,0,0,0,0,0,0,1,0,0
dataset/Cattle Breeds/Sahiwal/Sahiwal_52.jpg,Sahiwal_52.jpg,Cattle Breeds,Sahiwal,7,0,0,0,0,0,0,0,1,0,0
dataset/Cattle Breeds/Sahiwal/Sahiwal_53.jpg,Sahiwal_53.jpg,Cattle Breeds,Sahiwal,7,0,0,0,0,0,0,0,1,0,0
dataset/Cattle Breeds/Sahiwal/Sahiwal_54.jpg,Sahiwal_54.jpg,Cattle Breeds,Sahiwal,7,0,0,0,0,0,0,0,1,0,0
dataset/Cattle Breeds/Sahiwal/Sahiwal_55.jpg,Sahiwal_55.jpg,Cattle Breeds,Sahiwal,7,0,0,0,0,0,0,0,1,0,0
dataset/Cattle Breeds/Sahiwal/Sahiwal_56.jpg,Sahiwal_56.jpg,Cattle Breeds,Sahiwal,7,0,0,0,0,0,0,0,1,0,0
dataset/Cattle Breeds/Sahiwal/Sahiwal_57.jpg,Sahiwal_57.jpg,Cattle Breeds,Sahiwal,7,0,0,0,0,0,0,0,1,0,0
dataset/Cattle Breeds/Sahiwal/Sahiwal_58.jpg,Sahiwal_58.jpg,Cattle Breeds,Sahiwal,7,0,0,0,0,0,0,0,1,0,0
dataset/Cattle Breeds/Sahiwal/Sahiwal_59.jpg,Sahiwal_59.jpg,Cattle Breeds,Sahiwal,7,0,0,0,0,0,0,0,1,0,0
dataset/Cattle Breeds/Sahiwal/Sahiwal_6.JPG,Sahiwal_6.JPG,Cattle Breeds,Sahiwal,7,0,0,0,0,0,0,0,1,0,0
dataset/Cattle Breeds/Sahiwal/Sahiwal_60.jpg,Sahiwal_60.jpg,Cattle Breeds,Sahiwal,7,0,0,0,0,0,0,0,1,0,0
dataset/Cattle Breeds/Sahiwal/Sahiwal_61.jpg,Sahiwal_61.jpg,Cattle Breeds,Sahiwal,7,0,0,0,0,0,0,0,1,0,0
dataset/Cattle Breeds/Sahiwal/Sahiwal_62.jpg,Sahiwal_62.jpg,Cattle Breeds,Sahiwal,7,0,0,0,0,0,0,0,1,0,0
dataset/Cattle Breeds/Sahiwal/Sahiwal_63.jpg,Sahiwal_63.jpg,Cattle Breeds,Sahiwal,7,0,0,0,0,0,0,0,1,0,0
dataset/Cattle Breeds/Sahiwal/Sahiwal_64.jpg,Sahiwal_64.jpg,Cattle Breeds,Sahiwal,7,0,0,0,0,0,0,0,1,0,0
dataset/Cattle Breeds/Sahiwal/Sahiwal_65.jpg,Sahiwal_65.jpg,Cattle Breeds,Sahiwal,7,0,0,0,0,0,0,0,1,0,0
dataset/Cattle Breeds/Sahiwal/Sahiwal_66.jpg,Sahiwal_66.jpg,Cattle Breeds,Sahiwal,7,0,0,0,0,0,0,0,1,0,0
dataset/Cattle Breeds/Sahiwal/Sahiwal_67.jpg,Sahiwal_67.jpg,Cattle Breeds,Sahiwal,7,0,0,0,0,0,0,0,1,0,0
dataset/Cattle Breeds/Sahiwal/Sahiwal_68.jpg,Sahiwal_68.jpg,Cattle Breeds,Sahiwal,7,0,0,0,0,0,0,0,1,0,0
dataset/Cattle Breeds/Sahiwal/Sahiwal_7.JPG,Sahiwal_7.JPG,Cattle Breeds,Sahiwal,7,0,0,0,0,0,0,0,1,0,0
dataset/Cattle Breeds/Sahiwal/Sahiwal_70.jpg,Sahiwal_70.jpg,Cattle Breeds,Sahiwal,7,0,0,0,0,0,0,0,1,0,0
dataset/Cattle Breeds/Sahiwal/Sahiwal_71.jpg,Sahiwal_71.jpg,Cattle Breeds,Sahiwal,7,0,0,0,0,0,0,0,1,0,0
dataset/Cattle Breeds/Sahiwal/Sahiwal_72.jpg,Sahiwal_72.jpg,Cattle Breeds,Sahiwal,7,0,0,0,0,0,0,0,1,0,0
dataset/Cattle Breeds/Sahiwal/Sahiwal_73.png,Sahiwal_73.png,Cattle Breeds,Sahiwal,7,0,0,0,0,0,0,0,1,0,0
dataset/Cattle Breeds/Sahiwal/Sahiwal_74.jpg,Sahiwal_74.jpg,Cattle Breeds,Sahiwal,7,0,0,0,0,0,0,0,1,0,0
dataset/Cattle Breeds/Sahiwal/Sahiwal_75.jpg,Sahiwal_75.jpg,Cattle Breeds,Sahiwal,7,0,0,0,0,0,0,0,1,0,0
dataset/Cattle Breeds/Sahiwal/Sahiwal_76.jpg,Sahiwal_76.jpg,Cattle Breeds,Sahiwal,7,0,0,0,0,0,0,0,1,0,0
dataset/Cattle Breeds/Sahiwal/Sahiwal_77.jpg,Sahiwal_77.jpg,Cattle Breeds,Sahiwal,7,0,0,0,0,0,0,0,1,0,0
dataset/Cattle Breeds/Sahiwal/Sahiwal_78.jpg,Sahiwal_78.jpg,Cattle Breeds,Sahiwal,7,0,0,0,0,0,0,0,1,0,0
dataset/Cattle Breeds/Sahiwal/Sahiwal_79.jpg,Sahiwal_79.jpg,Cattle Breeds,Sahiwal,7,0,0,0,0,0,0,0,1,0,0
dataset/Cattle Breeds/Sahiwal/Sahiwal_8.JPG,Sahiwal_8.JPG,Cattle Breeds,Sahiwal,7,0,0,0,0,0,0,0,1,0,0
dataset/Cattle Breeds/Sahiwal/Sahiwal_80.jpg,Sahiwal_80.jpg,Cattle Breeds,Sahiwal,7,0,0,0,0,0,0,0,1,0,0
dataset/Cattle Breeds/Sahiwal/Sahiwal_81.jpg,Sahiwal_81.jpg,Cattle Breeds,Sahiwal,7,0,0,0,0,0,0,0,1,0,0
dataset/Cattle Breeds/Sahiwal/Sahiwal_82.jpg,Sahiwal_82.jpg,Cattle Breeds,Sahiwal,7,0,0,0,0,0,0,0,1,0,0
dataset/Cattle Breeds/Sahiwal/Sahiwal_83.jpg,Sahiwal_83.jpg,Cattle Breeds,Sahiwal,7,0,0,0,0,0,0,0,1,0,0
dataset/Cattle Breeds/Sahiwal/Sahiwal_84.jpg,Sahiwal_84.jpg,Cattle Breeds,Sahiwal,7,0,0,0,0,0,0,0,1,0,0
dataset/Cattle Breeds/Sahiwal/Sahiwal_85.png,Sahiwal_85.png,Cattle Breeds,Sahiwal,7,0,0,0,0,0,0,0,1,0,0
dataset/Cattle Breeds/Sahiwal/Sahiwal_86.jpg,Sahiwal_86.jpg,Cattle Breeds,Sahiwal,7,0,0,0,0,0,0,0,1,0,0
dataset/Cattle Breeds/Sahiwal/Sahiwal_87.png,Sahiwal_87.png,Cattle Breeds,Sahiwal,7,0,0,0,0,0,0,0,1,0,0
dataset/Cattle Breeds/Sahiwal/Sahiwal_88.jpg,Sahiwal_88.jpg,Cattle Breeds,Sahiwal,7,0,0,0,0,0,0,0,1,0,0
dataset/Cattle Breeds/Sahiwal/Sahiwal_89.jpg,Sahiwal_89.jpg,Cattle Breeds,Sahiwal,7,0,0,0,0,0,0,0,1,0,0
dataset/Cattle Breeds/Sahiwal/Sahiwal_9.JPG,Sahiwal_9.JPG,Cattle Breeds,Sahiwal,7,0,0,0,0,0,0,0,1,0,0
dataset/Cattle Breeds/Sahiwal/Sahiwal_90.jpg,Sahiwal_90.jpg,Cattle Breeds,Sahiwal,7,0,0,0,0,0,0,0,1,0,0
dataset/Cattle Breeds/Sahiwal/Sahiwal_91.jpg,Sahiwal_91.jpg,Cattle Breeds,Sahiwal,7,0,0,0,0,0,0,0,1,0,0
dataset/Cattle Breeds/Sahiwal/Sahiwal_92.jpg,Sahiwal_92.jpg,Cattle Breeds,Sahiwal,7,0,0,0,0,0,0,0,1,0,0
dataset/Cattle Breeds/Sahiwal/Sahiwal_93.jpg,Sahiwal_93.jpg,Cattle Breeds,Sahiwal,7,0,0,0,0,0,0,0,1,0,0
dataset/Cattle Breeds/Sahiwal/Sahiwal_94.png,Sahiwal_94.png,Cattle Breeds,Sahiwal,7,0,0,0,0,0,0,0,1,0,0
dataset/Cattle Breeds/Sahiwal/Sahiwal_95.jpg,Sahiwal_95.jpg,Cattle Breeds,Sahiwal,7,0,0,0,0,0,0,0,1,0,0
dataset/Cattle Breeds/Sahiwal/Sahiwal_96.jpg,Sahiwal_96.jpg,Cattle Breeds,Sahiwal,7,0,0,0,0,0,0,0,1,0,0
dataset/Cattle Breeds/Sahiwal/Sahiwal_97.jpg,Sahiwal_97.jpg,Cattle Breeds,Sahiwal,7,0,0,0,0,0,0,0,1,0,0
dataset/Cattle Breeds/Sahiwal/Sahiwal_98.png,Sahiwal_98.png,Cattle Breeds,Sahiwal,7,0,0,0,0,0,0,0,1,0,0
dataset/Cattle Breeds/Sahiwal/Sahiwal_99.jpg,Sahiwal_99.jpg,Cattle Breeds,Sahiwal,7,0,0,0,0,0,0,0,1,0,0
